sample_id,evidence_availability,conditional_validity,evidence_relation_error,endpoint_correlation,forward_delivery_success,reverse_delivery_success,visual_record_kib,radio_record_kib,link_rate_mbps,fixed_per_message_latency_ms,processing_time_ms,decision_deadline_ms,visual_initial_age_ms,radio_initial_age_ms,record_ttl_ms,finalizer,interaction,sender_feedback_format,artifact_format,unconditional_coverage,timely_safe_world_coverage,selective_risk,false_safe_rate,harmful_acceptance_probability,expected_evidence_payload_bytes,expected_evidence_payload_kib,mean_safe_world_evidence_traffic_bytes,mean_safe_world_evidence_traffic_kib,p95_action_ready_latency_ms,local_reuse_probability,deadline_caused_abstention_probability,evidence_insufficient_abstention_probability,expired_evidence_abstention_probability,transport_abstention_probability,safe_world_reject_probability,safe_world_abstention_probability,finalization_failure_probability,unconstrained_safe_accept_probability,logical_message_count
0,0.886875,0.982890625,0.12734374999999998,0.1359375,0.998828125,0.994140625,19.125,0.62890625,145.3125,0.36796875000000007,14.453125,43.1640625,16.234375,9.1171875,38.28125,sender,one_way,reference_manifest,reference_manifest,0.4834680766449637,0.5779794277217014,0.031656154624710775,0.08055126415991821,0.01530474019038449,17632.77031699221,17.219502262687705,17632.77031699216,17.219502262687655,15.93472127688172,0.0,0.0,0.21165334138274203,0.0,0.0006781143070649861,0.20968911658849,0.21233145568980702,0.0,0.5779794277217014,1
0,0.886875,0.982890625,0.12734374999999998,0.1359375,0.998828125,0.994140625,19.125,0.62890625,145.3125,0.36796875000000007,14.453125,43.1640625,16.234375,9.1171875,38.28125,sender,feedback,reference_manifest,reference_manifest,0.4736254093422061,0.5782708819646816,0.011034025725247875,0.02750523658322604,0.005225994950812957,15391.547296300208,15.030807906543172,16118.312707050838,15.740539752979334,16.30269002688172,0.12274157932429992,0.0,0.046948751772881624,0.0,0.000678456255727067,0.37410191000670673,0.04762720802860871,0.0,0.5782708819646816,2
0,0.886875,0.982890625,0.12734374999999998,0.1359375,0.998828125,0.994140625,19.125,0.62890625,145.3125,0.36796875000000007,14.453125,43.1640625,16.234375,9.1171875,38.28125,receiver,one_way,reference_manifest,reference_manifest,0.4735673975506378,0.5782725997696501,0.01090993967055712,0.027192588090632575,0.005166591737220199,17632.77031699221,17.219502262687705,17632.77031699216,17.219502262687655,15.93472127688172,0.5708683191232249,0.0,0.04617214859986852,0.0,0.0006781143070649861,0.374877137323413,0.04685026290693352,0.0,0.5782725997696501,1
0,0.886875,0.982890625,0.12734374999999998,0.1359375,0.998828125,0.994140625,19.125,0.62890625,145.3125,0.36796875000000007,14.453125,43.1640625,16.234375,9.1171875,38.28125,receiver,feedback,reference_manifest,reference_manifest,0.4735673975506378,0.5782725997696501,0.01090993967055712,0.027192588090632575,0.005166591737220199,6953.117455763376,6.790153765393922,5794.499457891721,5.658690876847384,16.267235403225808,0.5708683191232249,0.0,0.04617214859986852,0.0,0.0006781143070649861,0.374877137323413,0.04685026290693352,0.0,0.5782725997696501,2
1,0.879375,0.973046875,0.09296874999999999,0.3328125,0.988515625,0.985703125,12.375,1.56640625,54.6875,3.7367187500000005,11.328125,31.0546875,21.921875,16.0234375,40.15625,sender,one_way,reference_manifest,reference_manifest,0.4933611665607383,0.5954479337732259,0.022394020756532355,0.05814915897067464,0.01104834020442819,12215.589114257804,11.929286244392387,12215.589114257875,11.929286244392456,17.153218607142858,0.0,0.0,0.24486089511770423,0.0,0.006917793903790728,0.15277337720528503,0.2517786890214949,0.0,0.5954479337732259,1
1,0.879375,0.973046875,0.09296874999999999,0.3328125,0.988515625,0.985703125,12.375,1.56640625,54.6875,3.7367187500000005,11.328125,31.0546875,21.921875,16.0234375,40.15625,sender,feedback,reference_manifest,reference_manifest,0.0,0.0,0.0,0.0,0.0,10685.193308270469,10.43475909010788,11289.515077002108,11.024917067384871,,0.0,0.0,0.04722450806165256,0.8013337408710839,0.0,0.15144175106726815,0.8485582489327345,0.0,0.0,2
1,0.879375,0.973046875,0.09296874999999999,0.3328125,0.988515625,0.985703125,12.375,1.56640625,54.6875,3.7367187500000005,11.328125,31.0546875,21.921875,16.0234375,40.15625,receiver,one_way,reference_manifest,reference_manifest,0.5071510639238823,0.6220343116104118,0.0065133877347980755,0.017385639576061093,0.0033032715194516097,12215.589114257804,11.929286244392387,12215.589114257875,11.929286244392456,17.153218607142858,0.61543651478429,0.0,0.09081130343312066,0.0,0.006917793903790728,0.2802365910526831,0.09772909733691137,0.0,0.6220343116104118,1
1,0.879375,0.973046875,0.09296874999999999,0.3328125,0.988515625,0.985703125,12.375,1.56640625,54.6875,3.7367187500000005,11.328125,31.0546875,21.921875,16.0234375,40.15625,receiver,feedback,reference_manifest,reference_manifest,0.0,0.0,0.0,0.0,0.0,4229.219555941291,4.130097222598917,3352.191511521381,3.2736245229700986,,0.0,0.0,0.04698020605504483,0.8013729170834268,0.0,0.151646876861533,0.8483531231384701,0.0,0.0,2
2,0.811875,0.988984375,0.13359375,0.3984375,0.988046875,0.997421875,17.625,1.49609375,64.0625,0.29140625,9.609375,32.6171875,19.296875,16.8203125,35.78125,sender,one_way,reference_manifest,reference_manifest,0.40069878453009594,0.4781651266942808,0.03340422388209847,0.07044753635646361,0.013385031907728058,15721.402479492212,15.352932108879113,15721.402479492188,15.35293210887909,12.345893445121952,0.0,0.0,0.3130229849613442,0.0,0.005784712926719775,0.20302717541765516,0.318807697888064,0.0,0.4781651266942808,1
2,0.811875,0.988984375,0.13359375,0.3984375,0.988046875,0.997421875,17.625,1.49609375,64.0625,0.29140625,9.609375,32.6171875,19.296875,16.8203125,35.78125,sender,feedback,reference_manifest,reference_manifest,0.39666594526363436,0.48368282304063065,0.012309749952136316,0.025699255793279686,0.0048828586007231296,13273.189779179274,12.96209939372976,13787.275726968115,13.4641364521173,12.637299695121952,0.11073431940353363,0.0,0.14773856262550158,0.0,0.005851464531131216,0.36272714980273585,0.15359002715663284,0.0,0.48368282304063065,2
2,0.811875,0.988984375,0.13359375,0.3984375,0.988046875,0.997421875,17.625,1.49609375,64.0625,0.29140625,9.609375,32.6171875,19.296875,16.8203125,35.78125,receiver,one_way,reference_manifest,reference_manifest,0.3966555212254269,0.48369708512094933,0.012254669397870436,0.02558359093398735,0.004860882277457586,15721.402479492212,15.352932108879113,15721.402479492188,15.35293210887909,12.345893445121952,0.47647022268075045,0.0,0.1492921093224783,0.0,0.005784712926719775,0.3612260926298521,0.15507682224919805,0.0,0.48369708512094933,1
2,0.811875,0.988984375,0.13359375,0.3984375,0.988046875,0.997421875,17.625,1.49609375,64.0625,0.29140625,9.609375,32.6171875,19.296875,16.8203125,35.78125,receiver,feedback,reference_manifest,reference_manifest,0.3966555212254269,0.48369708512094933,0.012254669397870436,0.02558359093398735,0.004860882277457586,6405.349891799756,6.255224503710699,5397.505771653182,5.2710017301300605,12.445986524390245,0.47647022268075045,0.0,0.1492921093224783,0.0,0.005784712926719775,0.3612260926298521,0.15507682224919805,0.0,0.48369708512094933,2
3,0.916875,0.988046875,0.055468750000000004,0.5859375,0.995546875,0.999765625,13.375,1.75390625,220.3125,4.19609375,12.109375,35.7421875,12.078125,13.1015625,47.96875,sender,one_way,reference_manifest,reference_manifest,0.5981415951936244,0.7289029972980314,0.0129236412319966,0.04068509148535026,0.007730167382216544,14034.442593164049,13.705510344886767,14034.442593163989,13.705510344886708,16.868015132978723,0.0,0.0,0.16986165152736538,0.0,0.0032604151962636174,0.09797493597833615,0.17312206672362898,0.0,0.7289029972980314,1
3,0.916875,0.988046875,0.055468750000000004,0.5859375,0.995546875,0.999765625,13.375,1.75390625,220.3125,4.19609375,12.109375,35.7421875,12.078125,13.1015625,47.96875,sender,feedback,reference_manifest,reference_manifest,0.5833352439577763,0.7187962085727791,0.0019033909322701613,0.005843763230646498,0.0011103150138228337,11934.711472734152,11.654991672591946,12757.056673810099,12.458063158017675,21.064108882978722,0.06498051967569277,0.0,0.09190046266516079,0.0,0.0032152070853525773,0.18608812167670447,0.09511566975051335,0.0,0.7187962085727791,2
3,0.916875,0.988046875,0.055468750000000004,0.5859375,0.995546875,0.999765625,13.375,1.75390625,220.3125,4.19609375,12.109375,35.7421875,12.078125,13.1015625,47.96875,receiver,one_way,reference_manifest,reference_manifest,0.5833317729056774,0.7187938392388589,0.0019007418654335413,0.005835595379996805,0.0011087631221993921,14034.442593164049,13.705510344886767,14034.442593163989,13.705510344886708,16.868015132978723,0.7172541177166399,0.0,0.09222943853439255,0.0,0.0032604151962636174,0.18571630703048148,0.09548985373065617,0.0,0.7187938392388589,1
3,0.916875,0.988046875,0.055468750000000004,0.5859375,0.995546875,0.999765625,13.375,1.75390625,220.3125,4.19609375,12.109375,35.7421875,12.078125,13.1015625,47.96875,receiver,feedback,reference_manifest,reference_manifest,0.5833317729056774,0.7187938392388589,0.0019007418654335413,0.005835595379996805,0.0011087631221993921,3282.146538029703,3.205221228544632,2092.0232701880973,2.0429914747930638,20.56677895390071,0.7172541177166399,0.0,0.09222943853439255,0.0,0.0032604151962636174,0.18571630703048148,0.09548985373065617,0.0,0.7187938392388589,2
4,0.894375,0.996015625,0.07890625,0.19218749999999998,0.999296875,0.972578125,18.625,0.93359375,154.6875,3.9664062500000004,7.109375,45.5078125,22.796875,10.4453125,45.78125,sender,one_way,reference_manifest,reference_manifest,0.5553762748438562,0.6727811352084738,0.01876845626494419,0.05486081749997146,0.01042355532499454,17841.172213476595,17.423019739723237,17841.172213476617,17.42301973972326,12.111572765151514,0.0,0.0,0.191105064325087,0.0,0.00047338208247021295,0.13564041838397267,0.1915784464075572,0.0,0.6727811352084738,1
4,0.894375,0.996015625,0.07890625,0.19218749999999998,0.999296875,0.972578125,18.625,0.93359375,154.6875,3.9664062500000004,7.109375,45.5078125,22.796875,10.4453125,45.78125,sender,feedback,reference_manifest,reference_manifest,0.56606889478645,0.6953288152362446,0.005039235455906636,0.015013444447861957,0.0028525544450937615,15792.624704902953,15.42248506338179,16800.330724968167,16.406572973601726,16.077979015151517,0.11324099668463299,0.0,0.054702979569424985,0.0,0.0004892470750626564,0.24947895811927207,0.05519222664448766,0.0,0.6953288152362446,2
4,0.894375,0.996015625,0.07890625,0.19218749999999998,0.999296875,0.972578125,18.625,0.93359375,154.6875,3.9664062500000004,7.109375,45.5078125,22.796875,10.4453125,45.78125,receiver,one_way,reference_manifest,reference_manifest,0.566370373587948,0.6959645478806133,0.004659653696104467,0.013889946340279785,0.0026390898046531495,17841.172213476595,17.423019739723237,17841.172213476617,17.42301973972326,12.111572765151514,0.6906390881124397,0.0,0.05095572975125195,0.0,0.00047338208247021295,0.2526063402856684,0.05142911183372215,0.0,0.6959645478806133,1
4,0.894375,0.996015625,0.07890625,0.19218749999999998,0.999296875,0.972578125,18.625,0.93359375,154.6875,3.9664062500000004,7.109375,45.5078125,22.796875,10.4453125,45.78125,receiver,feedback,reference_manifest,reference_manifest,0.566370373587948,0.6959645478806133,0.004659653696104467,0.013889946340279785,0.0026390898046531495,5760.672156737719,5.625656403064179,4429.330436808807,4.3255180046961,16.0285373989899,0.6906390881124397,0.0,0.05095572975125195,0.0,0.00047338208247021295,0.2526063402856684,0.05142911183372215,0.0,0.6959645478806133,2
5,0.905625,0.985234375,0.07109375,0.0515625,0.990859375,0.970703125,14.875,0.58203125,70.3125,1.9757812500000003,9.921875,38.8671875,15.796875,21.8671875,42.96875,sender,one_way,reference_manifest,reference_manifest,0.5607533471173518,0.680662321251137,0.016793242434200217,0.04956245738911032,0.009416866903930917,14122.578598242222,13.79158066234592,14122.578598242226,13.791580662345924,13.698530916666666,0.0,0.0,0.19021522058465498,0.0,0.006279073688116623,0.122843384476092,0.19649429427277157,0.0,0.680662321251137,1
5,0.905625,0.985234375,0.07109375,0.0515625,0.990859375,0.970703125,14.875,0.58203125,70.3125,1.9757812500000003,9.921875,38.8671875,15.796875,21.8671875,42.96875,sender,feedback,reference_manifest,reference_manifest,0.5969227400875655,0.7334483542310144,0.004740266990044151,0.014892490318125284,0.0028295731604437912,12888.784850640415,12.58670395570353,13778.187424382684,13.455261156623715,15.674312166666667,0.1343730060821925,0.0,0.032382994462339026,0.0,0.006766022033038617,0.22740262927360877,0.03914901649537761,0.0,0.7334483542310144,2
5,0.905625,0.985234375,0.07109375,0.0515625,0.990859375,0.970703125,14.875,0.58203125,70.3125,1.9757812500000003,9.921875,38.8671875,15.796875,21.8671875,42.96875,receiver,one_way,reference_manifest,reference_manifest,0.5980143716661434,0.735041494059381,0.004399160961157424,0.01384611304234103,0.002630761478044784,14122.578598242222,13.79158066234592,14122.578598242226,13.791580662345924,13.698530916666666,0.7278269696798,0.0,0.029105673388732777,0.0,0.006279073688116623,0.22957375886377046,0.03538474707684941,0.0,0.735041494059381,1
5,0.905625,0.985234375,0.07109375,0.0515625,0.990859375,0.970703125,14.875,0.58203125,70.3125,1.9757812500000003,9.921875,38.8671875,15.796875,21.8671875,42.96875,receiver,feedback,reference_manifest,reference_manifest,0.5980143716661434,0.735041494059381,0.004399160961157424,0.01384611304234103,0.002630761478044784,4566.392750209967,4.459367920126921,3511.500473781937,3.429199681427673,15.606500611111112,0.7278269696798,0.0,0.029105673388732777,0.0,0.006279073688116623,0.22957375886377046,0.03538474707684941,0.0,0.735041494059381,2
6,0.800625,0.998828125,0.057031250000000006,0.0703125,0.982421875,0.987109375,19.625,1.26171875,176.5625,4.50234375,6.640625,25.5859375,21.046875,8.3203125,40.46875,sender,one_way,reference_manifest,reference_manifest,0.4586009050863314,0.5586405345322606,0.01330584403022654,0.03211616902736562,0.006102072115199451,17103.700584960898,16.702832602500877,17103.700584960876,16.702832602500855,12.112053351769912,0.0,0.0,0.34222964810776785,0.0,0.009995556283877428,0.08913426107609201,0.35222520439164534,0.0,0.5586405345322606,1
6,0.800625,0.998828125,0.057031250000000006,0.0703125,0.982421875,0.987109375,19.625,1.26171875,176.5625,4.50234375,6.640625,25.5859375,21.046875,8.3203125,40.46875,sender,feedback,reference_manifest,reference_manifest,0.5891732560436174,0.723732831369176,0.005006443527988943,0.015524540182019726,0.00294966263458374,16704.219938568585,16.312714783758384,17935.29134948944,17.51493295848578,16.61439710176991,0.2150846271085691,0.0,0.09410614384267364,0.0,0.01294949400064132,0.16921153078750692,0.1070556378433149,0.0,0.723732831369176,2
6,0.800625,0.998828125,0.057031250000000006,0.0703125,0.982421875,0.987109375,19.625,1.26171875,176.5625,4.50234375,6.640625,25.5859375,21.046875,8.3203125,40.46875,receiver,one_way,reference_manifest,reference_manifest,0.5908783955693754,0.7258887655977547,0.004922324892908602,0.015307870711542316,0.0029084954351930323,17103.700584960898,16.702832602500877,17103.700584960876,16.702832602500855,12.112053351769912,0.7064973313835211,0.0,0.09528441137380984,0.0,0.009995556283877428,0.16883126674455612,0.10527996765768714,0.0,0.7258887655977547,1
6,0.800625,0.998828125,0.057031250000000006,0.0703125,0.982421875,0.987109375,19.625,1.26171875,176.5625,4.50234375,6.640625,25.5859375,21.046875,8.3203125,40.46875,receiver,feedback,reference_manifest,reference_manifest,0.5908783955693754,0.7258887655977547,0.004922324892908602,0.015307870711542316,0.0029084954351930323,6105.355644181478,5.962261371270975,4888.282063282825,4.773712952424634,16.55585692477876,0.7064973313835211,0.0,0.09528441137380984,0.0,0.009995556283877428,0.16883126674455612,0.10527996765768714,0.0,0.7258887655977547,2
7,0.864375,0.9838281249999999,0.09921875,0.014062499999999999,0.980078125,0.973515625,9.625,1.14453125,160.9375,1.5929687500000003,5.234375,47.0703125,14.046875,5.9296875,49.21875,sender,one_way,reference_manifest,reference_manifest,0.47730177034859644,0.5750984983791018,0.024035080894726054,0.06037887716591805,0.011471986661524472,9378.171891210945,9.158370987510688,9378.171891210966,9.15837098751071,7.375531711165049,0.0,0.0,0.25158021972101746,0.0,0.011689925634648926,0.16163135626523298,0.2632701453556664,0.0,0.5750984983791018,1
7,0.864375,0.9838281249999999,0.09921875,0.014062499999999999,0.980078125,0.973515625,9.625,1.14453125,160.9375,1.5929687500000003,5.234375,47.0703125,14.046875,5.9296875,49.21875,sender,feedback,reference_manifest,reference_manifest,0.5297279154204921,0.6480611903161451,0.009058143104666063,0.02525448033902758,0.004798351264415258,8679.255040689206,8.475835000673053,9195.457345430916,8.979938813897379,8.96850046116505,0.16364567004655386,0.0,0.04524221775730638,0.0,0.013173025391041593,0.29352356653550826,0.058415243148347944,0.0,0.6480611903161451,2
7,0.864375,0.9838281249999999,0.09921875,0.014062499999999999,0.980078125,0.973515625,9.625,1.14453125,160.9375,1.5929687500000003,5.234375,47.0703125,14.046875,5.9296875,49.21875,receiver,one_way,reference_manifest,reference_manifest,0.5311541623653097,0.6500461315380899,0.008692007229874843,0.02429892536556511,0.004616795819457388,9378.171891210945,9.158370987510688,9378.171891210966,9.15837098751071,7.375531711165049,0.6374955729184686,0.0,0.04385128667914636,0.0,0.011689925634648922,0.2944126561481159,0.055541212313795316,0.0,0.6500461315380899,1
7,0.864375,0.9838281249999999,0.09921875,0.014062499999999999,0.980078125,0.973515625,9.625,1.14453125,160.9375,1.5929687500000003,5.234375,47.0703125,14.046875,5.9296875,49.21875,receiver,feedback,reference_manifest,reference_manifest,0.5311541623653097,0.6500461315380899,0.008692007229874843,0.02429892536556511,0.004616795819457388,3688.2540648296776,3.601810610185232,3064.5520544455835,2.992726615669515,8.91024182038835,0.6374955729184686,0.0,0.04385128667914636,0.0,0.011689925634648922,0.2944126561481159,0.055541212313795316,0.0,0.6500461315380899,2
8,0.961875,0.986171875,0.06171875,0.5484375,0.981484375,0.9805468749999999,17.125,0.86328125,164.0625,3.5070312500000003,13.359375,33.7890625,13.828125,19.2109375,42.03125,sender,one_way,reference_manifest,reference_manifest,0.6390019371063987,0.7774849036393129,0.014458743584400328,0.048627185045034445,0.009239165158556524,17472.73441113281,17.063217198371884,17472.734411132835,17.06321719837191,17.764600535714287,0.0,0.0,0.09418578749792186,0.0,0.01466719112970768,0.11366211773305923,0.10885297862762965,0.0,0.7774849036393129,1
8,0.961875,0.986171875,0.06171875,0.5484375,0.981484375,0.9805468749999999,17.125,0.86328125,164.0625,3.5070312500000003,13.359375,33.7890625,13.828125,19.2109375,42.03125,sender,feedback,reference_manifest,reference_manifest,0.5956970302612631,0.7338920216278157,0.0020891370604743118,0.006549961803859447,0.0012444927427332922,14878.747141097796,14.530026504978316,15909.446556895886,15.536568903218638,21.271631785714288,0.04488420394212552,0.0,0.0399472843160215,0.0,0.013844814863153115,0.2123158791930119,0.0537920991791746,0.0,0.7338920216278157,2
8,0.961875,0.986171875,0.06171875,0.5484375,0.981484375,0.9805468749999999,17.125,0.86328125,164.0625,3.5070312500000003,13.359375,33.7890625,13.828125,19.2109375,42.03125,receiver,one_way,reference_manifest,reference_manifest,0.5948379017611881,0.733027179972102,0.0018255157927420543,0.005715189388350516,0.0010858859837865956,17472.73441113281,17.063217198371884,17472.734411132835,17.06321719837191,17.764600535714287,0.7322893449209864,0.0,0.039895426931097364,0.0,0.01466719112970768,0.2124102019670952,0.05456261806080503,0.0,0.733027179972102,1
8,0.961875,0.986171875,0.06171875,0.5484375,0.981484375,0.9805468749999999,17.125,0.86328125,164.0625,3.5070312500000003,13.359375,33.7890625,13.828125,19.2109375,42.03125,receiver,feedback,reference_manifest,reference_manifest,0.5948379017611881,0.733027179972102,0.0018255157927420543,0.005715189388350516,0.0010858859837865956,4309.660198143564,4.208652537249574,2854.124396473058,2.7872308559307206,20.416543023809524,0.7322893449209864,0.0,0.039895426931097364,0.0,0.01466719112970768,0.2124102019670952,0.05456261806080503,0.0,0.733027179972102,2
9,0.9356249999999999,0.993671875,0.08046875,0.45468749999999997,0.997890625,0.988515625,18.125,0.81640625,114.0625,0.82734375,7.890625,27.5390625,11.421875,15.4921875,39.84375,sender,one_way,reference_manifest,reference_manifest,0.602275812892665,0.7292989018874815,0.01916680384085872,0.060756328230565856,0.011543702363807438,18032.543595117164,17.609905854606605,18032.54359511727,17.60990585460671,10.078345736301369,0.0,0.0,0.12513206007191055,0.0,0.0015416167189353884,0.14402742132167684,0.12667367679084593,0.0,0.7292989018874815,1
9,0.9356249999999999,0.993671875,0.08046875,0.45468749999999997,0.997890625,0.988515625,18.125,0.81640625,114.0625,0.82734375,7.890625,27.5390625,11.421875,15.4921875,39.84375,sender,feedback,reference_manifest,reference_manifest,0.551390770883342,0.678407184234524,0.0034112860655366004,0.009899745544104426,0.0018809516533798288,15125.711657777163,14.77120279079801,16043.18231843861,15.667170232850205,10.90568948630137,0.05605918535992591,0.0,0.054560005416852665,0.0,0.0014340400825437953,0.26559877026608425,0.055994045499396475,0.0,0.678407184234524,2
9,0.9356249999999999,0.993671875,0.08046875,0.45468749999999997,0.997890625,0.988515625,18.125,0.81640625,114.0625,0.82734375,7.890625,27.5390625,11.421875,15.4921875,39.84375,receiver,one_way,reference_manifest,reference_manifest,0.5507995987363913,0.6778159345312931,0.0032111348121962734,0.009308904031821979,0.0017686917660461646,18032.543595117164,17.609905854606605,18032.54359511727,17.60990585460671,10.078345736301369,0.6765773640421989,0.0,0.05389070591802975,0.0,0.0015416167189353884,0.266751742831747,0.05543232263696514,0.0,0.6778159345312931,1
9,0.9356249999999999,0.993671875,0.08046875,0.45468749999999997,0.997890625,0.988515625,18.125,0.81640625,114.0625,0.82734375,7.890625,27.5390625,11.421875,15.4921875,39.84375,receiver,feedback,reference_manifest,reference_manifest,0.5507995987363913,0.6778159345312931,0.0032111348121962734,0.009308904031821979,0.0017686917660461646,5015.609930365565,4.898056572622622,3581.58030616929,3.4976370177434473,10.847054965753426,0.6765773640421989,0.0,0.05389070591802975,0.0,0.0015416167189353884,0.266751742831747,0.05543232263696514,0.0,0.6778159345312931,2
10,0.853125,0.987578125,0.05234375,0.40781249999999997,0.999765625,0.996015625,8.875,1.37890625,82.8125,3.2007812500000004,10.703125,46.2890625,17.984375,8.5859375,37.96875,sender,one_way,reference_manifest,reference_manifest,0.5225977917394383,0.6373355204022737,0.012162355666376147,0.03345273796630434,0.006356020213597819,8846.53967285157,8.639198899269111,8846.539672851588,8.639198899269129,14.91824587264151,0.0,0.0,0.2762578651232576,0.0,0.00014941053068741846,0.08625720394378342,0.276407275653945,0.0,0.6373355204022737,1
10,0.853125,0.987578125,0.05234375,0.40781249999999997,0.999765625,0.996015625,8.875,1.37890625,82.8125,3.2007812500000004,10.703125,46.2890625,17.984375,8.5859375,37.96875,sender,feedback,reference_manifest,reference_manifest,0.5718015581934718,0.7038981292007158,0.0028752519424526347,0.00865301863628013,0.001644073540893223,7840.177131004957,7.656422979497028,8386.662828907345,8.19010041885483,18.119027122641512,0.12506995284602127,0.0,0.13142535800675526,0.0,0.00016501479937502755,0.16451149799315642,0.13159037280613028,0.0,0.7038981292007158,2
10,0.853125,0.987578125,0.05234375,0.40781249999999997,0.999765625,0.996015625,8.875,1.37890625,82.8125,3.2007812500000004,10.703125,46.2890625,17.984375,8.5859375,37.96875,receiver,one_way,reference_manifest,reference_manifest,0.5719983886969743,0.7041644005199345,0.00284130918538245,0.00855381197804566,0.001625224275828674,8846.53967285157,8.639198899269111,8846.539672851588,8.639198899269129,14.91824587264151,0.6980035178202181,0.0,0.130880063447057,0.0,0.00014941053068741846,0.1648061255023232,0.13102947397774445,0.0,0.7041644005199345,1
10,0.853125,0.987578125,0.05234375,0.40781249999999997,0.999765625,0.996015625,8.875,1.37890625,82.8125,3.2007812500000004,10.703125,46.2890625,17.984375,8.5859375,37.96875,receiver,feedback,reference_manifest,reference_manifest,0.5719983886969743,0.7041644005199345,0.00284130918538245,0.00855381197804566,0.001625224275828674,2422.860057079246,2.366074274491451,1711.5365644962035,1.6714224262658237,17.982622594339624,0.6980035178202181,0.0,0.130880063447057,0.0,0.00014941053068741846,0.1648061255023232,0.13102947397774445,0.0,0.7041644005199345,2
11,0.950625,0.978203125,0.09609375,0.0609375,0.979140625,0.970234375,14.125,0.83984375,107.8125,1.6695312500000001,11.015625,44.7265625,21.265625,8.0546875,40.78125,sender,one_way,reference_manifest,reference_manifest,0.5736582044336308,0.6917806390913913,0.02321223102308517,0.07008361457685086,0.01331588676960166,14249.854193554696,13.915873235893258,14249.854193554653,13.915873235893216,13.822241467391304,0.0,0.0,0.12275069348915375,0.0,0.014737527378712329,0.17073114004073933,0.13748822086786608,0.0,0.6917806390913913,1
11,0.950625,0.978203125,0.09609375,0.0609375,0.979140625,0.970234375,14.125,0.83984375,107.8125,1.6695312500000001,11.015625,44.7265625,21.265625,8.0546875,40.78125,sender,feedback,reference_manifest,reference_manifest,0.5393768172187031,0.6619321656533506,0.00595458117026349,0.016904015997300754,0.003211763039487142,12337.568264892425,12.048406508684009,13058.910380861429,12.75284216880999,15.491772717391305,0.0850901280804006,0.0,0.015907979456961503,0.0,0.014101642721570645,0.3080582121681134,0.030009622178532154,0.0,0.6619321656533506,2
11,0.950625,0.978203125,0.09609375,0.0609375,0.979140625,0.970234375,14.125,0.83984375,107.8125,1.6695312500000001,11.015625,44.7265625,21.265625,8.0546875,40.78125,receiver,one_way,reference_manifest,reference_manifest,0.5383251054440928,0.6610164503477792,0.005390387022718969,0.01527252980205084,0.002901780662389659,14249.854193554696,13.915873235893258,14249.854193554653,13.915873235893216,13.822241467391304,0.6578968993172479,0.0,0.014927218574469367,0.0,0.014737527378712329,0.3093188036990353,0.02966474595318165,0.0,0.6610164503477792,1
11,0.950625,0.978203125,0.09609375,0.0609375,0.979140625,0.970234375,14.125,0.83984375,107.8125,1.6695312500000001,11.015625,44.7265625,21.265625,8.0546875,40.78125,receiver,feedback,reference_manifest,reference_manifest,0.5383251054440928,0.6610164503477792,0.005390387022718969,0.01527252980205084,0.002901780662389659,4754.043173781294,4.642620286895795,3712.185670953172,3.625181319290207,15.427958224637681,0.6578968993172479,0.0,0.014927218574469367,0.0,0.014737527378712329,0.3093188036990353,0.02966474595318165,0.0,0.6610164503477792,2
12,0.901875,0.988515625,0.10703125,0.14531249999999998,0.989921875,0.992265625,15.125,1.19140625,135.9375,1.2101562500000003,8.671875,36.9140625,15.578125,16.2890625,43.90625,sender,one_way,reference_manifest,reference_manifest,0.5218065917426264,0.6273836787364306,0.026112763199511835,0.07171479982168165,0.013625811966119552,14895.474879492178,14.54636218700408,14895.47487949224,14.54636218700414,10.865306652298852,0.0,0.0,0.18449364913968033,0.0,0.006387222362639094,0.18173544976125305,0.19088087150231944,0.0,0.6273836787364306,1
12,0.901875,0.988515625,0.10703125,0.14531249999999998,0.989921875,0.992265625,15.125,1.19140625,135.9375,1.2101562500000003,8.671875,36.9140625,15.578125,16.2890625,43.90625,sender,feedback,reference_manifest,reference_manifest,0.5095612419624108,0.624223485271072,0.007732571805638044,0.02073799417286543,0.003940218892844443,12984.596035241797,12.680269565665817,13685.50032336263,13.364746409533819,12.07546290229885,0.11167347172588801,0.0,0.040362280430875315,0.0,0.0063550492936602235,0.32905918500439596,0.04671732972453552,0.0,0.624223485271072,2
12,0.901875,0.988515625,0.10703125,0.14531249999999998,0.989921875,0.992265625,15.125,1.19140625,135.9375,1.2101562500000003,8.671875,36.9140625,15.578125,16.2890625,43.90625,receiver,one_way,reference_manifest,reference_manifest,0.5094657936017903,0.6241988526316681,0.0075858340612400856,0.02034064721126927,0.0038647229701411724,14895.474879492178,14.54636218700408,14895.47487949224,14.54636218700414,10.865306652298852,0.6186094990473318,0.0,0.04070272142459739,0.0,0.006387222362639094,0.3287112035810989,0.04708994378723653,0.0,0.6241988526316681,1
12,0.901875,0.988515625,0.10703125,0.14531249999999998,0.989921875,0.992265625,15.125,1.19140625,135.9375,1.2101562500000003,8.671875,36.9140625,15.578125,16.2890625,43.90625,receiver,feedback,reference_manifest,reference_manifest,0.5094657936017903,0.6241988526316681,0.0075858340612400856,0.02034064721126927,0.0038647229701411724,5274.2034129140275,5.150589270423855,4222.210654086877,4.123252591881716,12.003665201149426,0.6186094990473318,0.0,0.04070272142459739,0.0,0.006387222362639094,0.3287112035810989,0.04708994378723653,0.0,0.6241988526316681,2
13,0.766875,0.9721093749999999,0.06796875,0.4828125,0.996953125,0.999296875,19.875,0.65234375,170.3125,3.8898437500000003,13.671875,43.5546875,21.484375,18.9453125,33.28125,sender,one_way,reference_manifest,reference_manifest,0.0,0.0,0.0,0.0,0.0,15670.123643554693,15.30285512065888,15670.123643554754,15.30285512065894,,0.0,0.0,0.06477718431644704,0.935222815683553,0.0,0.0,1.0,0.0,0.0,1
13,0.766875,0.9721093749999999,0.06796875,0.4828125,0.996953125,0.999296875,19.875,0.65234375,170.3125,3.8898437500000003,13.671875,43.5546875,21.484375,18.9453125,33.28125,sender,feedback,reference_manifest,reference_manifest,0.0,0.0,0.0,0.0,0.0,13642.555761681948,13.322808361017527,14422.352040813956,14.084328164857379,,0.0,0.0,0.021447531616349644,0.97855246838365,0.0,0.0,1.0,0.0,0.0,2
13,0.766875,0.9721093749999999,0.06796875,0.4828125,0.996953125,0.999296875,19.875,0.65234375,170.3125,3.8898437500000003,13.671875,43.5546875,21.484375,18.9453125,33.28125,receiver,one_way,reference_manifest,reference_manifest,0.0,0.0,0.0,0.0,0.0,15670.123643554693,15.30285512065888,15670.123643554754,15.30285512065894,,0.0,0.0,0.021549156945174824,0.9784508430548249,0.0,0.0,1.0,0.0,0.0,1
13,0.766875,0.9721093749999999,0.06796875,0.4828125,0.996953125,0.999296875,19.875,0.65234375,170.3125,3.8898437500000003,13.671875,43.5546875,21.484375,18.9453125,33.28125,receiver,feedback,reference_manifest,reference_manifest,0.0,0.0,0.0,0.0,0.0,5197.784565937108,5.075961490172957,4041.062964742929,3.9463505515067667,,0.0,0.0,0.021549156945174824,0.9784508430548249,0.0,0.0,1.0,0.0,0.0,2
14,0.808125,0.991328125,0.11640625,0.1640625,0.9716406249999999,0.995546875,11.625,0.53515625,104.6875,2.7414062500000003,7.578125,29.4921875,17.328125,13.6328125,42.34375,sender,one_way,reference_manifest,reference_manifest,0.405985127043152,0.4868586327910504,0.028645469273964247,0.06120860253895321,0.01162963448240108,9975.50939472658,9.741708393287675,9975.50939472655,9.741708393287647,11.271087070895522,0.0,0.0,0.3211178137601676,0.0,0.014209993061281002,0.17781356038750118,0.3353278068214485,0.0,0.4868586327910504,1
14,0.808125,0.991328125,0.11640625,0.1640625,0.9716406249999999,0.995546875,11.625,0.53515625,104.6875,2.7414062500000003,7.578125,29.4921875,17.328125,13.6328125,42.34375,sender,feedback,reference_manifest,reference_manifest,0.45729333996827626,0.55790876390212,0.011780712152800302,0.028353901092415396,0.005387241207558912,9068.561999673899,8.856017577806542,9527.749237069149,9.30444261432534,14.012493320895523,0.16042131135070728,0.0,0.10300374906368825,0.0,0.01628374055612046,0.3228037464780713,0.11928748961980871,0.0,0.55790876390212,2
14,0.808125,0.991328125,0.11640625,0.1640625,0.9716406249999999,0.995546875,11.625,0.53515625,104.6875,2.7414062500000003,7.578125,29.4921875,17.328125,13.6328125,42.34375,receiver,one_way,reference_manifest,reference_manifest,0.45752284386349185,0.5582265742665029,0.01171377293944122,0.028206940566444075,0.005359318707624361,9975.50939472658,9.741708393287675,9975.50939472655,9.741708393287647,11.271087070895522,0.5445383525204027,0.0,0.10824136216869676,0.0,0.014209993061280998,0.3193220705035193,0.12245135522997774,0.0,0.5582265742665029,1
14,0.808125,0.991328125,0.11640625,0.1640625,0.9716406249999999,0.995546875,11.625,0.53515625,104.6875,2.7414062500000003,7.578125,29.4921875,17.328125,13.6328125,42.34375,receiver,feedback,reference_manifest,reference_manifest,0.45752284386349185,0.5582265742665029,0.01171377293944122,0.028206940566444075,0.005359318707624361,4156.173058770143,4.058762752705218,3522.025251871473,3.439477785030735,13.97061630597015,0.5445383525204027,0.0,0.10824136216869676,0.0,0.014209993061280998,0.3193220705035193,0.12245135522997774,0.0,0.5582265742665029,2
15,0.8831249999999999,0.975859375,0.11796875,0.5109374999999999,0.993671875,0.991328125,7.125,1.54296875,98.4375,1.7460937500000002,7.265625,42.3828125,17.546875,21.6015625,44.21875,sender,one_way,reference_manifest,reference_manifest,0.4789913855342184,0.5741558286886685,0.029071847045568474,0.07329033840208274,0.013925164296395717,7649.388374414055,7.470105834388725,7649.388374414038,7.470105834388709,9.733069861111112,0.0,0.0,0.22919140135509267,0.0,0.003656468442784989,0.1929963015134508,0.23284786979787764,0.0,0.5741558286886685,1
15,0.8831249999999999,0.975859375,0.11796875,0.5109374999999999,0.993671875,0.991328125,7.125,1.54296875,98.4375,1.7460937500000002,7.265625,42.3828125,17.546875,21.6015625,44.21875,sender,feedback,reference_manifest,reference_manifest,0.44275399166291096,0.5420415361632436,0.00835756975738295,0.019475512477276465,0.0037003473706825273,6340.806189137249,6.192193544079345,6621.034308903509,6.465853817288583,11.479163611111112,0.08473788269700996,0.0,0.10823086042514189,0.0,0.003451950973285862,0.34627565243832614,0.11168281139842778,0.0,0.5420415361632436,2
15,0.8831249999999999,0.975859375,0.11796875,0.5109374999999999,0.993671875,0.991328125,7.125,1.54296875,98.4375,1.7460937500000002,7.265625,42.3828125,17.546875,21.6015625,44.21875,receiver,one_way,reference_manifest,reference_manifest,0.44243699657112157,0.5417606088663469,0.00816139567297475,0.019004754680944723,0.003610903389379496,7649.388374414055,7.470105834388725,7649.388374414038,7.470105834388709,9.733069861111112,0.5380933620049635,0.0,0.10794487916358471,0.0,0.003656468442784989,0.34663804352728056,0.11160134760636972,0.0,0.5417606088663469,1
15,0.8831249999999999,0.975859375,0.11796875,0.5109374999999999,0.993671875,0.991328125,7.125,1.54296875,98.4375,1.7460937500000002,7.265625,42.3828125,17.546875,21.6015625,44.21875,receiver,feedback,reference_manifest,reference_manifest,0.44243699657112157,0.5417606088663469,0.00816139567297475,0.019004754680944723,0.003610903389379496,2754.502787448863,2.68994412836803,2221.4151144705293,2.1693506977251262,11.350757261904763,0.5380933620049635,0.0,0.10794487916358471,0.0,0.003656468442784989,0.34663804352728056,0.11160134760636972,0.0,0.5417606088663469,2
16,0.973125,0.996484375,0.08984375,0.1828125,0.975390625,0.980078125,13.125,1.61328125,167.1875,2.97109375,5.078125,26.7578125,23.453125,12.3046875,36.09375,sender,one_way,reference_manifest,reference_manifest,0.6289970588163489,0.7597815353791563,0.021580411178355297,0.0714421850485942,0.013574015159232941,14634.77061621092,14.291768179893477,14634.770616210937,14.291768179893493,8.771378002336448,0.0,0.0,0.05439551807746991,0.0,0.0191694980892619,0.16665344845411192,0.07356501616673197,0.0,0.7597815353791563,1
16,0.973125,0.996484375,0.08984375,0.1828125,0.975390625,0.980078125,13.125,1.61328125,167.1875,2.97109375,5.078125,26.7578125,23.453125,12.3046875,36.09375,sender,feedback,reference_manifest,reference_manifest,0.5447555510478133,0.6700825460637594,0.0036506075658037573,0.010466782821940716,0.001988688736168742,12193.266327005707,11.907486647466511,12913.061476678722,12.610411598319065,11.74247175233645,0.034996572718811673,0.0,0.01030691143732045,0.0,0.01690636780216938,0.30270417469675037,0.02721327923948978,0.0,0.6700825460637594,2
16,0.973125,0.996484375,0.08984375,0.1828125,0.975390625,0.980078125,13.125,1.61328125,167.1875,2.97109375,5.078125,26.7578125,23.453125,12.3046875,36.09375,receiver,one_way,reference_manifest,reference_manifest,0.543043188793451,0.668259250545591,0.003228464858233946,0.009227346586962913,0.0017531958515229588,14634.77061621092,14.291768179893477,14634.770616210937,14.291768179893493,8.771378002336448,0.66776905718372,0.0,0.010517777630896296,0.0,0.0191694980892619,0.30205347373425073,0.029687275720158147,0.0,0.668259250545591,1
16,0.973125,0.996484375,0.08984375,0.1828125,0.975390625,0.980078125,13.125,1.61328125,167.1875,2.97109375,5.078125,26.7578125,23.453125,12.3046875,36.09375,receiver,feedback,reference_manifest,reference_manifest,0.543043188793451,0.668259250545591,0.003228464858233946,0.009227346586962913,0.0017531958515229588,4201.577507256923,4.103103034430589,3054.871188819365,2.9832726453314113,11.099361471962617,0.66776905718372,0.0,0.010517777630896296,0.0,0.0191694980892619,0.30205347373425073,0.029687275720158147,0.0,0.668259250545591,2
17,0.913125,0.979609375,0.05390625,0.3234375,0.985234375,0.995078125,10.875,0.72265625,110.9375,4.80859375,6.484375,49.8046875,23.234375,13.3671875,47.03125,sender,one_way,reference_manifest,reference_manifest,0.5788164060598849,0.7056254480836952,0.012542479853865708,0.03820943743206863,0.00725979311209306,10623.151006054679,10.374170904350272,10623.151006054723,10.374170904350315,12.149378890845071,0.0,0.0,0.18968561049836616,0.0,0.010575149447927874,0.09411379197001295,0.20026075994629391,0.0,0.7056254480836952,1
17,0.913125,0.979609375,0.05390625,0.3234375,0.985234375,0.995078125,10.875,0.72265625,110.9375,4.80859375,6.484375,49.8046875,23.234375,13.3671875,47.03125,sender,feedback,reference_manifest,reference_manifest,0.6057217669012365,0.7458794366037301,0.002574487722629047,0.00820749080113896,0.0015594232522164067,9477.255499548592,9.255132323777921,10168.081034758568,9.929766635506414,16.95797264084507,0.1083179129395374,0.0,0.06412057034475194,0.0,0.011178432599960758,0.17882156045155903,0.07529900294471283,0.0,0.7458794366037301,2
17,0.913125,0.979609375,0.05390625,0.3234375,0.985234375,0.995078125,10.875,0.72265625,110.9375,4.80859375,6.484375,49.8046875,23.234375,13.3671875,47.03125,receiver,one_way,reference_manifest,reference_manifest,0.605854846726392,0.7460785416737437,0.002527384205861495,0.008059094582425872,0.0015312279706609202,10623.151006054679,10.374170904350272,10623.151006054723,10.374170904350315,12.149378890845071,0.7417889826049362,0.0,0.06536271488894256,0.0,0.010575149447927874,0.17798359398938787,0.07593786433687054,0.0,0.7460785416737437,1
17,0.913125,0.979609375,0.05390625,0.3234375,0.985234375,0.995078125,10.875,0.72265625,110.9375,4.80859375,6.484375,49.8046875,23.234375,13.3671875,47.03125,receiver,feedback,reference_manifest,reference_manifest,0.605854846726392,0.7460785416737437,0.002527384205861495,0.008059094582425872,0.0015312279706609202,2768.5563844624317,2.7036683442015934,1898.9706145266537,1.8544634907486852,16.90460926056338,0.7417889826049362,0.0,0.06536271488894256,0.0,0.010575149447927874,0.17798359398938787,0.07593786433687054,0.0,0.7460785416737437,2
18,0.890625,0.979140625,0.10859374999999999,0.2109375,0.971171875,0.997890625,16.125,0.67578125,207.8125,0.98046875,6.015625,30.6640625,22.140625,6.4609375,31.71875,sender,one_way,reference_manifest,reference_manifest,0.48830438921423147,0.5868503254519722,0.026531863903542514,0.06818750314807592,0.012955625598134443,15002.698637695317,14.651072888374333,15002.698637695332,14.651072888374348,7.65838307330827,0.0,0.0,0.2152998363448754,0.0,0.017419979896370168,0.18042985830678288,0.23271981624124558,0.0,0.5868503254519722,1
18,0.890625,0.979140625,0.10859374999999999,0.2109375,0.971171875,0.997890625,16.125,0.67578125,207.8125,0.98046875,6.015625,30.6640625,22.140625,6.4609375,31.71875,sender,feedback,reference_manifest,reference_manifest,0.48719190859402545,0.5965065472843541,0.008254663558154903,0.02116634365104753,0.004021605293699037,13110.225672769904,12.80295475856436,13802.452469474985,13.478957489721665,8.63885182330827,0.11791575531138511,0.0,0.0581740178714955,0.0,0.017706613783921365,0.3276128210602289,0.0758806316554168,0.0,0.5965065472843541,2
18,0.890625,0.979140625,0.10859374999999999,0.2109375,0.971171875,0.997890625,16.125,0.67578125,207.8125,0.98046875,6.015625,30.6640625,22.140625,6.4609375,31.71875,receiver,one_way,reference_manifest,reference_manifest,0.48718955699481253,0.5965269589331034,0.008215940184945137,0.021066948731575233,0.0040027202589993,15002.698637695317,14.651072888374333,15002.698637695332,14.651072888374348,7.65838307330827,0.5900121403999009,0.0,0.06238109764272358,0.0,0.017419979896370168,0.32367196352780286,0.07980107753909371,0.0,0.5965269589331034,1
18,0.890625,0.979140625,0.10859374999999999,0.2109375,0.971171875,0.997890625,16.125,0.67578125,207.8125,0.98046875,6.015625,30.6640625,22.140625,6.4609375,31.71875,receiver,feedback,reference_manifest,reference_manifest,0.48718955699481253,0.5965269589331034,0.008215940184945137,0.021066948731575233,0.0040027202589993,5408.500748206779,5.281739011920682,4360.028327702596,4.257840163772066,8.61221242481203,0.5900121403999009,0.0,0.06238109764272358,0.0,0.017419979896370168,0.32367196352780286,0.07980107753909371,0.0,0.5965269589331034,2
19,0.759375,0.982421875,0.06953125,0.2953125,0.994609375,0.986171875,12.875,1.84765625,195.3125,0.59765625,11.640625,37.3046875,12.515625,11.2421875,46.09375,sender,one_way,reference_manifest,reference_manifest,0.3946680046042871,0.47925292358134025,0.016401472700814868,0.03406913949159099,0.006473136503402291,11247.097192382778,10.983493351936307,11247.097192382826,10.983493351936353,12.855794209999999,0.0,0.0,0.41709599725256097,0.0,0.0025974748037948608,0.1010536043623061,0.4196934720563559,0.0,0.47925292358134025,1
19,0.759375,0.982421875,0.06953125,0.2953125,0.994609375,0.986171875,12.875,1.84765625,195.3125,0.59765625,11.640625,37.3046875,12.515625,11.2421875,46.09375,sender,feedback,reference_manifest,reference_manifest,0.4951252254347582,0.607388194405868,0.006343421430908349,0.016530462978979848,0.0031407879660061725,10379.240423574589,10.13597697614706,11022.10019047079,10.763769717256631,13.453450459999999,0.18023492808085811,0.0,0.19912714207344073,0.0,0.0032919476407198773,0.19019271587997402,0.20241908971416062,0.0,0.607388194405868,2
19,0.759375,0.982421875,0.06953125,0.2953125,0.994609375,0.986171875,12.875,1.84765625,195.3125,0.59765625,11.640625,37.3046875,12.515625,11.2421875,46.09375,receiver,one_way,reference_manifest,reference_manifest,0.4965338389249739,0.6091849101577448,0.006231320918430278,0.016284535248429887,0.00309406169720168,11247.097192382778,10.983493351936307,11247.097192382826,10.983493351936353,12.855794209999999,0.5929305784051111,0.0,0.19726224178354562,0.0,0.0025974748037948608,0.19095537325491715,0.19985971658734047,0.0,0.6091849101577448,1
19,0.759375,0.982421875,0.06953125,0.2953125,0.994609375,0.986171875,12.875,1.84765625,195.3125,0.59765625,11.640625,37.3046875,12.515625,11.2421875,46.09375,receiver,feedback,reference_manifest,reference_manifest,0.4965338389249739,0.6091849101577448,0.006231320918430278,0.016284535248429887,0.00309406169720168,4191.854184467875,4.093607602019409,3412.7991654065277,3.332811684967312,13.375954140000001,0.5929305784051111,0.0,0.19726224178354562,0.0,0.0025974748037948608,0.19095537325491715,0.19985971658734047,0.0,0.6091849101577448,2
20,0.774375,0.983359375,0.09140625,0.4265625,0.973515625,0.9749218749999999,8.125,1.63671875,120.3125,4.65546875,12.421875,35.3515625,19.734375,7.5234375,31.40625,sender,one_way,reference_manifest,reference_manifest,0.0,0.0,0.0,0.0,0.0,7611.843204492179,7.433440629386894,7611.843204492195,7.433440629386909,,0.0,0.0,0.22190955665959888,0.7084855971108494,0.0,0.06960484622955328,0.9303951537704473,0.0,0.0,1
20,0.774375,0.983359375,0.09140625,0.4265625,0.973515625,0.9749218749999999,8.125,1.63671875,120.3125,4.65546875,12.421875,35.3515625,19.734375,7.5234375,31.40625,sender,feedback,reference_manifest,reference_manifest,0.0,0.0,0.0,0.0,0.0,6599.788643279559,6.445106096952695,6934.194949861729,6.771674755724344,,0.0,0.0,0.1144702487058838,0.7533759926412936,0.0,0.1321537586528237,0.8678462413471766,0.0,0.0,2
20,0.774375,0.983359375,0.09140625,0.4265625,0.973515625,0.9749218749999999,8.125,1.63671875,120.3125,4.65546875,12.421875,35.3515625,19.734375,7.5234375,31.40625,receiver,one_way,reference_manifest,reference_manifest,0.0,0.0,0.0,0.0,0.0,7611.843204492179,7.433440629386894,7611.843204492195,7.433440629386909,,0.0,0.0,0.11462522166390665,0.7533112416901317,0.0,0.1320635366459626,0.867936463354038,0.0,0.0,1
20,0.774375,0.983359375,0.09140625,0.4265625,0.973515625,0.9749218749999999,8.125,1.63671875,120.3125,4.65546875,12.421875,35.3515625,19.734375,7.5234375,31.40625,receiver,feedback,reference_manifest,reference_manifest,0.0,0.0,0.0,0.0,0.0,2886.1041612469694,2.8184610949677436,2366.9201015775234,2.3114454116968,,0.0,0.0,0.11462522166390665,0.7533112416901317,0.0,0.1320635366459626,0.867936463354038,0.0,0.0,2
21,0.823125,0.980078125,0.06015625,0.1546875,0.9721093749999999,0.981015625,12.625,1.16796875,232.8125,4.57890625,6.796875,25.9765625,18.859375,20.8046875,32.65625,sender,one_way,reference_manifest,reference_manifest,0.0,0.0,0.0,0.0,0.0,11394.20941699217,11.127157633781415,11394.209416992118,11.127157633781366,,0.0,0.0,0.3304328949336991,0.6116579633474603,0.0,0.057909141718833546,0.9420908582811625,0.0,0.0,1
21,0.823125,0.980078125,0.06015625,0.1546875,0.9721093749999999,0.981015625,12.625,1.16796875,232.8125,4.57890625,6.796875,25.9765625,18.859375,20.8046875,32.65625,sender,feedback,reference_manifest,reference_manifest,0.0,0.0,0.0,0.0,0.0,10836.036252296855,10.582066652633648,11604.946619965016,11.332955683559586,,0.0,0.0,0.004122578556241522,0.9958774214437578,0.0,0.0,1.0,0.0,0.0,2
21,0.823125,0.980078125,0.06015625,0.1546875,0.9721093749999999,0.981015625,12.625,1.16796875,232.8125,4.57890625,6.796875,25.9765625,18.859375,20.8046875,32.65625,receiver,one_way,reference_manifest,reference_manifest,0.15711173447716145,0.19219868669427287,0.009106883451836882,0.007530517130523472,0.0014307982547994518,11394.20941699217,11.127157633781415,11394.209416992118,11.127157633781366,11.820018565436243,0.19219868669427287,0.0,0.10729836445208187,0.5791549641228794,0.004893480509531307,0.11645450422122798,0.6913468090844935,0.0,0.19219868669427287,1
21,0.823125,0.980078125,0.06015625,0.1546875,0.9721093749999999,0.981015625,12.625,1.16796875,232.8125,4.57890625,6.796875,25.9765625,18.859375,20.8046875,32.65625,receiver,feedback,reference_manifest,reference_manifest,0.0,0.0,0.0,0.0,0.0,3983.8524530941545,3.8904809112247603,3164.2257925161,3.0900642505040037,,0.0,0.0,0.004424278178246786,0.9955757218217527,0.0,0.0,1.0,0.0,0.0,2
22,0.856875,0.989921875,0.11171875,0.3890625,0.991328125,0.988046875,12.125,1.66015625,126.5625,2.66484375,9.765625,34.9609375,16.671875,16.5546875,47.65625,sender,one_way,reference_manifest,reference_manifest,0.4686991882925013,0.5628014460354941,0.027373670200908435,0.06752640528290761,0.012830017003752414,11973.746052539054,11.69311137943267,11973.746052539089,11.693111379432704,13.322739367283951,0.0,0.0,0.25172710663952746,0.0,0.0049232374899471874,0.18054820983503445,0.2566503441294747,0.0,0.5628014460354941,1
22,0.856875,0.989921875,0.11171875,0.3890625,0.991328125,0.988046875,12.125,1.66015625,126.5625,2.66484375,9.765625,34.9609375,16.671875,16.5546875,47.65625,sender,feedback,reference_manifest,reference_manifest,0.455865795515042,0.5580458451196505,0.008442530687739251,0.020256110358560096,0.0038486609681264087,10141.862345843883,9.904162447113167,10623.31824753333,10.374334226106768,15.98758311728395,0.10182143648883023,0.0,0.11128757439193815,0.0,0.004881636756898195,0.3257849437315161,0.11616921114883634,0.0,0.5580458451196505,2
22,0.856875,0.989921875,0.11171875,0.3890625,0.991328125,0.988046875,12.125,1.66015625,126.5625,2.66484375,9.765625,34.9609375,16.671875,16.5546875,47.65625,receiver,one_way,reference_manifest,reference_manifest,0.4557105405854182,0.5579883131405151,0.00820697923027577,0.01968424706106463,0.0037400069416022707,11973.746052539054,11.69311137943267,11973.746052539089,11.693111379432704,13.322739367283951,0.5527324390675251,0.0,0.11082118233418542,0.0,0.004923237489947186,0.3262672670353552,0.11574441982413261,0.0,0.5579883131405151,1
22,0.856875,0.989921875,0.11171875,0.3890625,0.991328125,0.988046875,12.125,1.66015625,126.5625,2.66484375,9.765625,34.9609375,16.671875,16.5546875,47.65625,receiver,feedback,reference_manifest,reference_manifest,0.4557105405854182,0.5579883131405151,0.00820697923027577,0.01968424706106463,0.0037400069416022707,4370.9058454506585,4.268462739697909,3540.9668857880615,3.457975474402404,15.880126327160493,0.5527324390675251,0.0,0.11082118233418542,0.0,0.004923237489947186,0.3262672670353552,0.11574441982413261,0.0,0.5579883131405151,2
23,0.789375,0.999765625,0.12578125,0.4453125,0.982890625,0.982890625,10.125,1.44921875,245.3125,2.28203125,8.203125,47.8515625,19.078125,19.4765625,41.09375,sender,one_way,reference_manifest,reference_manifest,0.3911735241951084,0.4678520781031649,0.031222309732425096,0.06428074174496798,0.012213340931543958,9353.479764257783,9.134257582282991,9353.479764257805,9.134257582283013,10.871667332802549,0.0,0.0,0.33532692013063664,0.0,0.008143995318702253,0.18867700644749383,0.343470915449339,0.0,0.4678520781031649,1
23,0.789375,0.999765625,0.12578125,0.4453125,0.982890625,0.982890625,10.125,1.44921875,245.3125,2.28203125,8.203125,47.8515625,19.078125,19.4765625,41.09375,sender,feedback,reference_manifest,reference_manifest,0.387781977800892,0.4733664373135304,0.011230959214839308,0.022921913562797498,0.00435516357693154,7795.54819342204,7.612840032638711,8096.793501606285,7.907024903912387,13.153698582802548,0.10198380906027661,0.0,0.18112629923648563,0.0,0.008239984879712508,0.3372672785702683,0.1893662841161981,0.0,0.4733664373135304,2
23,0.789375,0.999765625,0.12578125,0.4453125,0.982890625,0.982890625,10.125,1.44921875,245.3125,2.28203125,8.203125,47.8515625,19.078125,19.4765625,41.09375,receiver,one_way,reference_manifest,reference_manifest,0.3877229404699696,0.4734624268745405,0.010879868744618854,0.02220197211363644,0.0042183747015909386,9353.479764257783,9.134257582282991,9353.479764257805,9.134257582283013,10.871667332802549,0.4670538337692229,0.0,0.18112629923648563,0.0,0.008143995318702253,0.3372672785702685,0.18927029455518787,0.0,0.4734624268745405,1
23,0.789375,0.999765625,0.12578125,0.4453125,0.982890625,0.982890625,10.125,1.44921875,245.3125,2.28203125,8.203125,47.8515625,19.078125,19.4765625,41.09375,receiver,feedback,reference_manifest,reference_manifest,0.3877229404699696,0.4734624268745405,0.010879868744618854,0.02220197211363644,0.0042183747015909386,3757.180687655478,3.6691217652885526,3149.6392100683765,3.075819541082399,13.10530316878981,0.4670538337692229,0.0,0.18112629923648563,0.0,0.008143995318702253,0.3372672785702685,0.18927029455518787,0.0,0.4734624268745405,2
24,0.770625,0.990859375,0.12890625,0.5296875,0.986171875,0.971171875,6.625,1.70703125,73.4375,1.8992187500000002,12.890625,34.5703125,12.296875,7.7890625,44.53125,sender,one_way,reference_manifest,reference_manifest,0.36512641268635676,0.43630746291041445,0.03209126297577853,0.061670356468002854,0.011717367728920514,6514.87314199219,6.362180802726748,6514.873141992177,6.362180802726735,15.71928715425532,0.0,0.0,0.37040243217394647,0.0,0.006117913406887677,0.18717219150874984,0.37652034558083414,0.0,0.43630746291041445,1
24,0.770625,0.990859375,0.12890625,0.5296875,0.986171875,0.971171875,6.625,1.70703125,73.4375,1.8992187500000002,12.890625,34.5703125,12.296875,7.7890625,44.53125,sender,feedback,reference_manifest,reference_manifest,0.3591031890115909,0.4380750217129336,0.0118696284370132,0.022433796969021664,0.0042624214241141056,5326.281661109945,5.201446934677681,5508.777042466165,5.379665080533364,17.618505904255322,0.09283276300103745,0.0,0.22327106910256,0.0,0.006142698157584494,0.3325112110269193,0.2294137672601445,0.0,0.4380750217129336,2
24,0.770625,0.990859375,0.12890625,0.5296875,0.986171875,0.971171875,6.625,1.70703125,73.4375,1.8992187500000002,12.890625,34.5703125,12.296875,7.7890625,44.53125,receiver,one_way,reference_manifest,reference_manifest,0.3589243965141258,0.43812748967191756,0.011259000277271374,0.02126910463090533,0.004041129879872003,6514.87314199219,6.362180802726748,6514.873141992177,6.362180802726735,15.71928715425532,0.4322532479545255,0.0,0.22099858726604593,0.0,0.006117913406887677,0.3347560096551463,0.2271165006729336,0.0,0.43812748967191756,1
24,0.770625,0.990859375,0.12890625,0.5296875,0.986171875,0.971171875,6.625,1.70703125,73.4375,1.8992187500000002,12.890625,34.5703125,12.296875,7.7890625,44.53125,receiver,feedback,reference_manifest,reference_manifest,0.3589243965141258,0.43812748967191756,0.011259000277271374,0.02126910463090533,0.004041129879872003,2686.0429299188854,2.6230887987489115,2270.943628647858,2.217718387351424,17.428085478723403,0.4322532479545255,0.0,0.22099858726604593,0.0,0.006117913406887677,0.3347560096551463,0.2271165006729336,0.0,0.43812748967191756,2
25,0.830625,0.9805468749999999,0.05078125,0.3515625,0.981953125,0.979140625,9.375,1.47265625,67.1875,4.34921875,5.546875,41.9921875,20.609375,11.5078125,43.59375,sender,one_way,reference_manifest,reference_manifest,0.4810640509126651,0.5869080814533476,0.011783264462809912,0.02983423650239259,0.005668504935454585,9047.096637304685,8.835055309867856,9047.096637304709,8.83505530986788,11.218720726744186,0.0,0.0,0.32129673947558435,0.0,0.010786519756203629,0.08100865931486644,0.33208325923178833,0.0,0.5869080814533476,1
25,0.830625,0.9805468749999999,0.05078125,0.3515625,0.981953125,0.979140625,9.375,1.47265625,67.1875,4.34921875,5.546875,41.9921875,20.609375,11.5078125,43.59375,sender,feedback,reference_manifest,reference_manifest,0.5576004338947773,0.6860387391942739,0.0034236973850290584,0.010047658670613788,0.0019090551474166173,8218.643852205141,8.026019386919083,8797.53558844893,8.591343348094659,15.567939476744186,0.14894530558492394,0.0,0.1476715567404621,0.0,0.01260839754585706,0.1536813065194085,0.16027995428631905,0.0,0.6860387391942739,2
25,0.830625,0.9805468749999999,0.05078125,0.3515625,0.981953125,0.979140625,9.375,1.47265625,67.1875,4.34921875,5.546875,41.9921875,20.609375,11.5078125,43.59375,receiver,one_way,reference_manifest,reference_manifest,0.5592309464820446,0.6881505947449662,0.0032704998715268043,0.00962613020328075,0.0018289647386233402,9047.096637304685,8.835055309867856,9047.096637304709,8.83505530986788,11.218720726744186,0.6786626205704833,0.0,0.14717283284526828,0.0,0.010786519756203629,0.15389005265356323,0.15795935260147176,0.0,0.6881505947449662,1
25,0.830625,0.9805468749999999,0.05078125,0.3515625,0.981953125,0.979140625,9.375,1.47265625,67.1875,4.34921875,5.546875,41.9921875,20.609375,11.5078125,43.59375,receiver,feedback,reference_manifest,reference_manifest,0.5592309464820446,0.6881505947449662,0.0032704998715268043,0.00962613020328075,0.0018289647386233402,2775.050237221061,2.710009997286192,2080.3716344165177,2.0316129242348806,15.38838226744186,0.6786626205704833,0.0,0.14717283284526828,0.0,0.010786519756203629,0.15389005265356323,0.15795935260147176,0.0,0.6881505947449662,2
26,0.924375,0.9749218749999999,0.06640625,0.0890625,0.987109375,0.998359375,15.375,1.23828125,89.0625,4.11953125,14.140625,38.4765625,19.953125,10.9765625,46.71875,sender,one_way,reference_manifest,reference_manifest,0.5749630220405589,0.6987425021015767,0.015621170395283284,0.047271554412013445,0.00898159533828259,15331.102260351605,14.971779551124614,15331.10226035163,14.971779551124639,19.78825168859649,0.0,0.0,0.1760243047874539,0.0,0.009124852619450776,0.11610834049151983,0.18514915740690466,0.0,0.6987425021015767,1
26,0.924375,0.9749218749999999,0.06640625,0.0890625,0.987109375,0.998359375,15.375,1.23828125,89.0625,4.11953125,14.140625,38.4765625,19.953125,10.9765625,46.71875,sender,feedback,reference_manifest,reference_manifest,0.604948684598537,0.7440442811432186,0.0037570407712168522,0.011962194065951047,0.002272816872530708,13897.722667469125,13.571994792450317,14879.698977841914,14.530956033048744,23.90778293859649,0.1268703442813984,0.0,0.027718166686285402,0.0,0.00971644688473538,0.21852110528576174,0.037434613571020785,0.0,0.7440442811432186,2
26,0.924375,0.9749218749999999,0.06640625,0.0890625,0.987109375,0.998359375,15.375,1.23828125,89.0625,4.11953125,14.140625,38.4765625,19.953125,10.9765625,46.71875,receiver,one_way,reference_manifest,reference_manifest,0.6049979606697253,0.7441187265113907,0.0037385120984470806,0.011904169449997738,0.002261792195499579,15331.102260351605,14.971779551124614,15331.10226035163,14.971779551124639,19.78825168859649,0.7381736538928066,0.0,0.029389352529197072,0.0,0.009124852619450776,0.21736706833996258,0.038514205148647895,0.0,0.7441187265113907,1
26,0.924375,0.9749218749999999,0.06640625,0.0890625,0.987109375,0.998359375,15.375,1.23828125,89.0625,4.11953125,14.140625,38.4765625,19.953125,10.9765625,46.71875,receiver,feedback,reference_manifest,reference_manifest,0.6049979606697253,0.7441187265113907,0.0037385120984470806,0.011904169449997738,0.002261792195499579,4425.900480007142,4.322168437506974,3221.019191187372,3.145526553893918,23.79388539473684,0.7381736538928066,0.0,0.029389352529197072,0.0,0.009124852619450776,0.21736706833996258,0.038514205148647895,0.0,0.7441187265113907,2
27,0.8981250000000001,0.990390625,0.11953124999999999,0.3703125,0.9805468749999999,0.976328125,19.375,1.77734375,101.5625,2.05234375,13.203125,41.2109375,18.640625,17.8828125,32.03125,sender,one_way,reference_manifest,reference_manifest,0.0,0.0,0.0,0.0,0.0,19266.45260449219,18.814895121574406,19266.452604492177,18.81489512157439,,0.0,0.0,0.0122114478321099,0.9877885521678905,0.0,0.0,1.0,0.0,0.0,1
27,0.8981250000000001,0.990390625,0.11953124999999999,0.3703125,0.9805468749999999,0.976328125,19.375,1.77734375,101.5625,2.05234375,13.203125,41.2109375,18.640625,17.8828125,32.03125,sender,feedback,reference_manifest,reference_manifest,0.0,0.0,0.0,0.0,0.0,16099.456710736993,15.722125694079095,16837.178333244134,16.442556966058724,,0.0,0.0,0.0023054891035820804,0.9976945108964184,0.0,0.0,1.0,0.0,0.0,2
27,0.8981250000000001,0.990390625,0.11953124999999999,0.3703125,0.9805468749999999,0.976328125,19.375,1.77734375,101.5625,2.05234375,13.203125,41.2109375,18.640625,17.8828125,32.03125,receiver,one_way,reference_manifest,reference_manifest,0.0,0.0,0.0,0.0,0.0,19266.45260449219,18.814895121574406,19266.452604492177,18.81489512157439,,0.0,0.0,0.00226268508891132,0.9977373149110895,0.0,0.0,1.0,0.0,0.0,1
27,0.8981250000000001,0.990390625,0.11953124999999999,0.3703125,0.9805468749999999,0.976328125,19.375,1.77734375,101.5625,2.05234375,13.203125,41.2109375,18.640625,17.8828125,32.03125,receiver,feedback,reference_manifest,reference_manifest,0.0,0.0,0.0,0.0,0.0,7077.414149528803,6.911537255399222,5750.754307861042,5.615971003770549,,0.0,0.0,0.00226268508891132,0.9977373149110895,0.0,0.0,1.0,0.0,0.0,2
28,0.871875,0.981953125,0.14609375,0.23906249999999998,0.991796875,0.996953125,15.875,0.51171875,51.5625,2.8179687500000004,6.953125,33.3984375,12.953125,12.5703125,48.59375,sender,one_way,reference_manifest,reference_manifest,0.44583573483754313,0.5300698264189241,0.03696243739685569,0.08673250230638845,0.01647917543821384,14366.035590820313,14.029331631660462,14366.035590820293,14.029331631660442,12.374536174242424,0.0,0.0,0.23103665850307253,0.0,0.004384193129104913,0.23450932194889584,0.2354208516321775,0.0,0.5300698264189241,1
28,0.871875,0.981953125,0.14609375,0.23906249999999998,0.991796875,0.996953125,15.875,0.51171875,51.5625,2.8179687500000004,6.953125,33.3984375,12.953125,12.5703125,48.59375,sender,feedback,reference_manifest,reference_manifest,0.4218204600875063,0.5136187497279194,0.013724495029685991,0.03046985688363593,0.005789272807890838,12288.464170111532,12.000453291124543,12771.294868650755,12.471967645166753,15.192504924242424,0.1115295580194016,0.0,0.0694952207602483,0.0,0.004248126720868956,0.41263790279096246,0.07374334748111729,0.0,0.5136187497279194,2
28,0.871875,0.981953125,0.14609375,0.23906249999999998,0.991796875,0.996953125,15.875,0.51171875,51.5625,2.8179687500000004,6.953125,33.3984375,12.953125,12.5703125,48.59375,receiver,one_way,reference_manifest,reference_manifest,0.4217470649213554,0.5135684721641746,0.013649419159435787,0.030297907728280764,0.005756602468373357,14366.035590820313,14.029331631660462,14366.035590820293,14.029331631660442,12.374536174242424,0.5067059445815197,0.0,0.07033071444342566,0.0,0.004384193129104913,0.41171662026329364,0.0747149075725306,0.0,0.5135684721641746,1
28,0.871875,0.981953125,0.14609375,0.23906249999999998,0.991796875,0.996953125,15.875,0.51171875,51.5625,2.8179687500000004,6.953125,33.3984375,12.953125,12.5703125,48.59375,receiver,feedback,reference_manifest,reference_manifest,0.4217470649213554,0.5135684721641746,0.013649419159435787,0.030297907728280764,0.005756602468373357,6009.522772809849,5.868674582822118,5111.12178263847,4.991329865857881,15.111205530303032,0.5067059445815197,0.0,0.07033071444342566,0.0,0.004384193129104913,0.41171662026329364,0.0747149075725306,0.0,0.5135684721641746,2
29,0.958125,0.995546875,0.09765625,0.3046875,0.993203125,0.973984375,16.875,1.21484375,192.1875,1.05703125,11.796875,42.7734375,14.921875,17.0859375,34.53125,sender,one_way,reference_manifest,reference_manifest,0.6104040254299419,0.7357832175759554,0.02362307355896427,0.075892732596944,0.014419619193419414,17669.272068164064,17.25514850406647,17669.272068164075,17.25514850406648,13.624986575203252,0.0,0.0,0.08155803823792977,0.0,0.0050352505253762675,0.17762349366074145,0.08659328876330603,0.0,0.7357832175759554,1
29,0.958125,0.995546875,0.09765625,0.3046875,0.993203125,0.973984375,16.875,1.21484375,192.1875,1.05703125,11.796875,42.7734375,14.921875,17.0859375,34.53125,sender,feedback,reference_manifest,reference_manifest,0.5298708228534176,0.651085571698006,0.004702107892291399,0.013113209358073596,0.0024915097780339925,14675.623395501458,14.331663472169392,15487.146307123372,15.124166315550168,14.682017825203252,0.04420586546221835,0.0,0.0247472189556894,0.0,0.004455631616276786,0.3197115777300312,0.029202850571966185,0.0,0.651085571698006,2
29,0.958125,0.995546875,0.09765625,0.3046875,0.993203125,0.973984375,16.875,1.21484375,192.1875,1.05703125,11.796875,42.7734375,14.921875,17.0859375,34.53125,receiver,one_way,reference_manifest,reference_manifest,0.5277197394766644,0.6488232538928118,0.004117533722810857,0.011436335913095352,0.0021729038234881252,17669.272068164064,17.25514850406647,17669.272068164075,17.25514850406648,13.624986575203252,0.6480004922311989,0.0,0.023626222601840722,0.0,0.0050352505253762675,0.3225152729799746,0.02866147312721698,0.0,0.6488232538928118,1
29,0.958125,0.995546875,0.09765625,0.3046875,0.993203125,0.973984375,16.875,1.21484375,192.1875,1.05703125,11.796875,42.7734375,14.921875,17.0859375,34.53125,receiver,feedback,reference_manifest,reference_manifest,0.5277197394766644,0.6488232538928118,0.004117533722810857,0.011436335913095352,0.0021729038234881252,5463.901305627877,5.335841118777224,4125.375137581549,4.0286866577944815,14.63023506097561,0.6480004922311989,0.0,0.023626222601840722,0.0,0.0050352505253762675,0.3225152729799746,0.02866147312721698,0.0,0.6488232538928118,2
30,0.875625,0.970234375,0.08515625,0.2015625,0.984296875,0.983359375,7.375,0.76953125,204.6875,0.67421875,8.046875,31.8359375,15.359375,9.6484375,37.65625,sender,one_way,reference_manifest,reference_manifest,0.4916226370919614,0.5945790150859696,0.020368539031396602,0.05270334143329322,0.010013634872325743,7085.342698242188,6.919279978752137,7085.34269824218,6.919279978752129,9.047054055343512,0.0,0.0,0.2564782094124939,0.0,0.009485703788576888,0.1394570717129591,0.2659639132010708,0.0,0.5945790150859696,1
30,0.875625,0.970234375,0.08515625,0.2015625,0.984296875,0.983359375,7.375,0.76953125,204.6875,0.67421875,8.046875,31.8359375,15.359375,9.6484375,37.65625,sender,feedback,reference_manifest,reference_manifest,0.5353806492558821,0.656596576196337,0.006607303685266289,0.018618013351834935,0.0035374225368486486,6413.768675624591,6.26344597228964,6809.5001580288545,6.649902498075053,9.721272805343512,0.1458003398112328,0.0,0.07571309615547564,0.0,0.01047511007345536,0.2572152175747312,0.0861882062289311,0.0,0.656596576196337,2
30,0.875625,0.970234375,0.08515625,0.2015625,0.984296875,0.983359375,7.375,0.76953125,204.6875,0.67421875,8.046875,31.8359375,15.359375,9.6484375,37.65625,receiver,one_way,reference_manifest,reference_manifest,0.5361211320230954,0.6576460510923812,0.00639376147202231,0.018041213885611803,0.0034278306382662534,7085.342698242188,6.919279978752137,7085.34269824218,6.919279978752129,9.047054055343512,0.6481892168113286,0.0,0.07554076109874372,0.0,0.009485703788576888,0.25732748402029715,0.08502646488732074,0.0,0.6576460510923812,1
30,0.875625,0.970234375,0.08515625,0.2015625,0.984296875,0.983359375,7.375,0.76953125,204.6875,0.67421875,8.046875,31.8359375,15.359375,9.6484375,37.65625,receiver,feedback,reference_manifest,reference_manifest,0.5361211320230954,0.6576460510923812,0.00639376147202231,0.018041213885611803,0.0034278306382662534,2494.61564232954,2.4361480882124416,1989.440747811557,1.9428132302847236,9.69047463740458,0.6481892168113286,0.0,0.07554076109874372,0.0,0.009485703788576888,0.25732748402029715,0.08502646488732074,0.0,0.6576460510923812,2
31,0.815625,0.997421875,0.14453125,0.3796875,0.996015625,0.9721093749999999,10.375,1.91796875,123.4375,4.88515625,11.484375,40.8203125,23.671875,5.3984375,41.40625,sender,one_way,reference_manifest,reference_manifest,0.40555753367032954,0.48240665010185085,0.03651306130061426,0.07793761625174019,0.014808147087830676,10240.61766503904,10.000603188514688,10240.617665039077,10.000603188514724,17.18536112341772,0.0,0.0,0.29432971743206565,0.0,0.0019297779555411912,0.2213338545105431,0.2962594953876068,0.0,0.48240665010185085,1
31,0.815625,0.997421875,0.14453125,0.3796875,0.996015625,0.9721093749999999,10.375,1.91796875,123.4375,4.88515625,11.484375,40.8203125,23.671875,5.3984375,41.40625,sender,feedback,reference_manifest,reference_manifest,0.0,0.0,0.0,0.0,0.0,8598.518744653527,8.39699096157571,8903.685974843564,8.695005834808168,,0.0,0.0,0.074014679142459,0.7086987372702597,0.0,0.21728658358728337,0.782713416412718,0.0,0.0,2
31,0.815625,0.997421875,0.14453125,0.3796875,0.996015625,0.9721093749999999,10.375,1.91796875,123.4375,4.88515625,11.484375,40.8203125,23.671875,5.3984375,41.40625,receiver,one_way,reference_manifest,reference_manifest,0.3874417203917859,0.47183508161916893,0.013564115591230583,0.027659496211891628,0.005255304280259424,10240.61766503904,10.000603188514688,10240.617665039077,10.000603188514724,17.18536112341772,0.4652704863919377,0.0,0.13508474666657716,0.0,0.0019297779555411912,0.391150393758713,0.13701452462211838,0.0,0.47183508161916893,1
31,0.815625,0.997421875,0.14453125,0.3796875,0.996015625,0.9721093749999999,10.375,1.91796875,123.4375,4.88515625,11.484375,40.8203125,23.671875,5.3984375,41.40625,receiver,feedback,reference_manifest,reference_manifest,0.0,0.0,0.0,0.0,0.0,4430.3190464720865,4.326483443820397,3805.1408016040327,3.715957814066438,,0.0,0.0,0.0717881765800021,0.7084732263784527,0.0,0.21973859704154713,0.7802614029584545,0.0,0.0,2
32,0.755625,0.973515625,0.11484375,0.24843749999999998,0.972578125,0.990859375,6.875,1.40234375,239.0625,1.2867187500000001,8.359375,49.0234375,14.265625,13.8984375,48.90625,sender,one_way,reference_manifest,reference_manifest,0.3437004263713034,0.4123470262454844,0.02822031737016917,0.051049132170845356,0.009699335112460643,6235.053619335937,6.088919550132751,6235.053619335919,6.088919550132734,9.929735057189543,0.0,0.0,0.4142027417276133,0.0,0.011626139144683524,0.16182409288221794,0.4258288808722968,0.0,0.4123470262454844,1
32,0.755625,0.973515625,0.11484375,0.24843749999999998,0.972578125,0.990859375,6.875,1.40234375,239.0625,1.2867187500000001,8.359375,49.0234375,14.265625,13.8984375,48.90625,sender,feedback,reference_manifest,reference_manifest,0.41920972053704053,0.5108263320544899,0.01297773240070302,0.028633639857385238,0.005440391572903209,5714.387247232419,5.580456296125409,5990.262800479008,5.849866016092781,11.216453807189543,0.16965627873347094,0.0,0.17950237052763066,0.0,0.014402766692194244,0.2952685307256842,0.19390513721982494,0.0,0.5108263320544899,2
32,0.755625,0.973515625,0.11484375,0.24843749999999998,0.972578125,0.990859375,6.875,1.40234375,239.0625,1.2867187500000001,8.359375,49.0234375,14.265625,13.8984375,48.90625,receiver,one_way,reference_manifest,reference_manifest,0.41990628975705085,0.5117347984094259,0.012862639062968886,0.02842685813376505,0.005401103045415374,6235.053619335937,6.088919550132751,6235.053619335919,6.088919550132734,9.929735057189543,0.49435799315156526,0.0,0.1838325673943654,0.0,0.011626139144683524,0.2928064950515242,0.19545870653904893,0.0,0.5117347984094259,1
32,0.755625,0.973515625,0.11484375,0.24843749999999998,0.972578125,0.990859375,6.875,1.40234375,239.0625,1.2867187500000001,8.359375,49.0234375,14.265625,13.8984375,48.90625,receiver,feedback,reference_manifest,reference_manifest,0.41990628975705085,0.5117347984094259,0.012862639062968886,0.02842685813376505,0.005401103045415374,2766.4193645520922,2.7015814106954026,2388.2106578625085,2.332236970568856,11.168399428104575,0.49435799315156526,0.0,0.1838325673943654,0.0,0.011626139144683524,0.2928064950515242,0.19545870653904893,0.0,0.5117347984094259,2
33,0.939375,0.978671875,0.08671875,0.0984375,0.983359375,0.992734375,18.375,1.80078125,79.6875,2.5117187500000004,12.734375,34.1796875,10.328125,9.9140625,30.46875,sender,one_way,reference_manifest,reference_manifest,0.5734221576422897,0.6932239473989217,0.020771363803127656,0.06268821183769675,0.011910760249162416,18993.562180664045,18.54840056705473,18993.562180663994,18.54840056705468,17.320195710784315,0.0,0.0,0.14195306808838698,0.0,0.011730889075710656,0.15309209543697985,0.15368395716409766,0.0,0.6932239473989217,1
33,0.939375,0.978671875,0.08671875,0.0984375,0.983359375,0.992734375,18.375,1.80078125,79.6875,2.5117187500000004,12.734375,34.1796875,10.328125,9.9140625,30.46875,sender,feedback,reference_manifest,reference_manifest,0.5579067667733579,0.6853926136217723,0.004908973869525211,0.014414472314324751,0.0027387497397217105,16635.42534656421,16.245532565004112,17669.062981032188,17.254944317414246,19.831914460784315,0.09857014421987309,0.0,0.0208610067182627,0.0004109355360261027,0.01159836551215041,0.28173707861178837,0.032870307766439254,0.0,0.6853926136217723,2
33,0.939375,0.978671875,0.08671875,0.0984375,0.983359375,0.992734375,18.375,1.80078125,79.6875,2.5117187500000004,12.734375,34.1796875,10.328125,9.9140625,30.46875,receiver,one_way,reference_manifest,reference_manifest,0.558163427163644,0.6857423524704928,0.0048590099790776714,0.01427432453970701,0.0027121216625443393,18993.562180664045,18.54840056705473,18993.562180663994,18.54840056705468,17.320195710784315,0.681861702248273,0.0,0.022004553374783898,0.0,0.011730889075710656,0.28052220507901293,0.03373544245049455,0.0,0.6857423524704928,1
33,0.939375,0.978671875,0.08671875,0.0984375,0.983359375,0.992734375,18.375,1.80078125,79.6875,2.5117187500000004,12.734375,34.1796875,10.328125,9.9140625,30.46875,receiver,feedback,reference_manifest,reference_manifest,0.558163427163644,0.6857423524704928,0.0048590099790776714,0.01427432453970701,0.0027121216625443393,5885.081936860507,5.747150328965339,4443.160502822818,4.339023928537908,19.646791323529413,0.681861702248273,0.0,0.022004553374783898,0.0,0.011730889075710656,0.28052220507901293,0.03373544245049455,0.0,0.6857423524704928,2
34,0.778125,0.997890625,0.08828125,0.0796875,0.988984375,0.994609375,7.875,1.28515625,185.9375,2.20546875,13.984375,37.6953125,23.015625,21.0703125,45.15625,sender,one_way,reference_manifest,reference_manifest,0.41016248272916356,0.4956508161330764,0.021175319604027187,0.04571221927037539,0.00868532166137132,7283.416567382804,7.112711491584769,7283.416567382801,7.112711491584767,16.593420220588236,0.0,0.0,0.3664295311231363,0.0,0.005520717677128021,0.13239893506665842,0.3719502488002643,0.0,0.4956508161330764,1
34,0.778125,0.997890625,0.08828125,0.0796875,0.988984375,0.994609375,7.875,1.28515625,185.9375,2.20546875,13.984375,37.6953125,23.015625,21.0703125,45.15625,sender,feedback,reference_manifest,reference_manifest,0.5220239885250526,0.638597683250086,0.009118096480453261,0.025051921539381357,0.004759865092482456,7003.841149354121,6.8396886224161335,7439.099431173331,7.264745538255206,18.798888970588237,0.20964599479593277,0.0,0.1078245178956708,0.0,0.007112905706474597,0.24646489314776737,0.11493742360214539,0.0,0.638597683250086,2
34,0.778125,0.997890625,0.08828125,0.0796875,0.988984375,0.994609375,7.875,1.28515625,185.9375,2.20546875,13.984375,37.6953125,23.015625,21.0703125,45.15625,receiver,one_way,reference_manifest,reference_manifest,0.5226302601376451,0.6393724325887925,0.009066810902749313,0.02493994600380375,0.00473858974072271,7283.416567382804,7.112711491584769,7283.416567382801,7.112711491584767,16.593420220588236,0.6183649233391987,0.0,0.10928705508460947,0.0,0.005520717677128021,0.24581979464946901,0.1148077727617375,0.0,0.6393724325887925,1
34,0.778125,0.997890625,0.08828125,0.0796875,0.988984375,0.994609375,7.875,1.28515625,185.9375,2.20546875,13.984375,37.6953125,23.015625,21.0703125,45.15625,receiver,feedback,reference_manifest,reference_manifest,0.5226302601376451,0.6393724325887925,0.009066810902749313,0.02493994600380375,0.00473858974072271,2975.2335035079345,2.9055014682694673,2501.5281337141287,2.442898568080204,18.742267794117648,0.6183649233391987,0.0,0.10928705508460947,0.0,0.005520717677128021,0.24581979464946901,0.1148077727617375,0.0,0.6393724325887925,2
35,0.849375,0.996953125,0.14765625,0.0234375,0.978203125,0.989921875,13.625,1.07421875,148.4375,3.3539062500000005,11.171875,32.2265625,11.859375,6.7265625,49.53125,sender,one_way,reference_manifest,reference_manifest,0.42879738302612247,0.5095737337645024,0.0374131450235495,0.08443504566776223,0.01604265867687482,12745.838835351578,12.447108237648026,12745.838835351547,12.447108237647996,15.337004828947368,0.0,0.0,0.2446382040178171,0.0,0.011354609992835756,0.23443345222484244,0.2559928140106528,0.0,0.5095737337645024,1
35,0.849375,0.996953125,0.14765625,0.0234375,0.978203125,0.989921875,13.625,1.07421875,148.4375,3.3539062500000005,11.171875,32.2265625,11.859375,6.7265625,49.53125,sender,feedback,reference_manifest,reference_manifest,0.43975458383748556,0.5342223185520496,0.01599643544119205,0.03702371479118219,0.0070345058103246155,11412.37184912757,11.144894383913643,11902.558571262924,11.623592354748949,18.69091107894737,0.14336437153477627,0.0,0.04187323260770496,0.0,0.011903843692678082,0.41200060514756565,0.05377707630038302,0.0,0.5342223185520496,2
35,0.849375,0.996953125,0.14765625,0.0234375,0.978203125,0.989921875,13.625,1.07421875,148.4375,3.3539062500000005,11.171875,32.2265625,11.859375,6.7265625,49.53125,receiver,one_way,reference_manifest,reference_manifest,0.4398661361147064,0.5344732590806262,0.01578388443521366,0.036541032944202564,0.006942796259398486,12745.838835351578,12.447108237648026,12745.838835351547,12.447108237647996,15.337004828947368,0.5230546693564605,0.0,0.044273575572862926,0.0,0.011354609992835756,0.4098985553536737,0.05562818556569868,0.0,0.5344732590806262,1
35,0.849375,0.996953125,0.14765625,0.0234375,0.978203125,0.989921875,13.625,1.07421875,148.4375,3.3539062500000005,11.171875,32.2265625,11.859375,6.7265625,49.53125,receiver,feedback,reference_manifest,reference_manifest,0.4398661361147064,0.5344732590806262,0.01578388443521366,0.036541032944202564,0.006942796259398486,5707.6210246092105,5.573848656844932,4951.586809218721,4.835533993377657,18.631626868421055,0.5230546693564605,0.0,0.044273575572862926,0.0,0.011354609992835756,0.4098985553536737,0.05562818556569868,0.0,0.5344732590806262,2
36,0.965625,0.989453125,0.13984375,0.2859375,0.976796875,0.973046875,17.375,0.79296875,182.8125,2.3585937500000003,5.390625,33.0078125,22.359375,21.3359375,45.46875,sender,one_way,reference_manifest,reference_manifest,0.5538624475556648,0.6597302705161925,0.035172863810364136,0.10253120230289696,0.019480928437550348,17775.018295898448,17.358416304588328,17775.018295898444,17.358416304588324,8.56334251068376,0.0,0.0,0.07522576117061798,0.0,0.01567143008424451,0.2493725382289472,0.0908971912548624,0.0,0.6597302705161925,1
36,0.965625,0.989453125,0.13984375,0.2859375,0.976796875,0.973046875,17.375,0.79296875,182.8125,2.3585937500000003,5.390625,33.0078125,22.359375,21.3359375,45.46875,sender,feedback,reference_manifest,reference_manifest,0.43944758596052363,0.53759996821167,0.009083248689027237,0.021008482679326975,0.00399161170907211,14370.049913219133,14.03325186837806,14937.784781724828,14.587680450903152,10.921936260683761,0.039465676900198456,0.0,0.01838203688519821,0.0,0.012770310370220417,0.4312476845329141,0.031152347255418614,0.0,0.53759996821167,2
36,0.965625,0.989453125,0.13984375,0.2859375,0.976796875,0.973046875,17.375,0.79296875,182.8125,2.3585937500000003,5.390625,33.0078125,22.359375,21.3359375,45.46875,receiver,one_way,reference_manifest,reference_manifest,0.43627832644624637,0.5342169931578715,0.008165800986243874,0.018750326254587363,0.0035625619883715856,17775.018295898448,17.358416304588328,17775.018295898444,17.358416304588324,8.56334251068376,0.5334164764764756,0.0,0.018162968337169298,0.0,0.01567143008424451,0.43194860842071797,0.03383439842141382,0.0,0.5342169931578715,1
36,0.965625,0.989453125,0.13984375,0.2859375,0.976796875,0.973046875,17.375,0.79296875,182.8125,2.3585937500000003,5.390625,33.0078125,22.359375,21.3359375,45.46875,receiver,feedback,reference_manifest,reference_manifest,0.43627832644624637,0.5342169931578715,0.008165800986243874,0.018750326254587363,0.0035625619883715856,6626.511579709784,6.471202714560336,5424.062114018262,5.296935658220959,10.886402585470087,0.5334164764764756,0.0,0.018162968337169298,0.0,0.01567143008424451,0.43194860842071797,0.03383439842141382,0.0,0.5342169931578715,2
37,0.980625,0.991796875,0.14296874999999998,0.1171875,0.981015625,0.984765625,16.375,1.05078125,132.8125,3.2773437500000004,13.828125,40.0390625,10.109375,15.2265625,39.53125,sender,one_way,reference_manifest,reference_manifest,0.5727405175876839,0.6815859562837113,0.03606501087940942,0.10871522630462313,0.0206558929978784,17354.73198339839,16.94798045253749,17354.73198339844,16.94798045253754,18.180307338235295,0.0,0.0,0.04646136370126016,0.0,0.013189885114035392,0.25876279490099396,0.059651248815295495,0.0,0.6815859562837113,1
37,0.980625,0.991796875,0.14296874999999998,0.1171875,0.981015625,0.984765625,16.375,1.05078125,132.8125,3.2773437500000004,13.828125,40.0390625,10.109375,15.2265625,39.53125,sender,feedback,reference_manifest,reference_manifest,0.4387048661697456,0.537032974225981,0.008452509494770014,0.01951661603527148,0.0037081570467015824,13890.799502097356,13.565233888766949,14424.537404851499,14.086462309425292,21.457651088235295,0.029501253407661042,0.0,0.004994468500594107,0.0,0.010392531077240884,0.4475800261961861,0.015386999577834985,0.0,0.537032974225981,2
37,0.980625,0.991796875,0.14296874999999998,0.1171875,0.981015625,0.984765625,16.375,1.05078125,132.8125,3.2773437500000004,13.828125,40.0390625,10.109375,15.2265625,39.53125,receiver,one_way,reference_manifest,reference_manifest,0.4366313277305154,0.5347967321394077,0.007892183814448,0.018136708934714273,0.003445974697595713,17354.73198339839,16.94798045253749,17354.73198339844,16.94798045253754,18.180307338235295,0.5343650201363773,0.0,0.00515237496387312,0.0,0.013189885114035392,0.4468610077826861,0.018342260077908536,0.0,0.5347967321394077,1
37,0.980625,0.991796875,0.14296874999999998,0.1171875,0.981015625,0.984765625,16.375,1.05078125,132.8125,3.2773437500000004,13.828125,40.0390625,10.109375,15.2265625,39.53125,receiver,feedback,reference_manifest,reference_manifest,0.4366313277305154,0.5347967321394077,0.007892183814448,0.018136708934714273,0.003445974697595713,6307.397827078336,6.159568190506188,5117.753595060407,4.997806245176179,20.44762567647059,0.5343650201363773,0.0,0.00515237496387312,0.0,0.013189885114035392,0.4468610077826861,0.018342260077908536,0.0,0.5347967321394077,2
38,0.793125,0.9777343749999999,0.07421875,0.3421875,0.9866406249999999,0.993671875,6.375,1.94140625,217.1875,4.27265625,10.859375,28.3203125,13.390625,5.6640625,34.21875,sender,one_way,reference_manifest,reference_manifest,0.41926503395522013,0.5085115275370788,0.017580041389698865,0.03879314026413821,0.00737069665018627,6603.864846679704,6.449086764335648,6603.8648466797085,6.449086764335653,15.44571412769784,0.0,0.0,0.3728073932150656,0.0,0.006885380569232787,0.11179569867862292,0.3796927737842983,0.0,0.5085115275370788,1
38,0.793125,0.9777343749999999,0.07421875,0.3421875,0.9866406249999999,0.993671875,6.375,1.94140625,217.1875,4.27265625,10.859375,28.3203125,13.390625,5.6640625,34.21875,sender,feedback,reference_manifest,reference_manifest,0.49425589071147125,0.6064572671501953,0.006121331837760845,0.015923706946384047,0.0030255043198129735,5957.37877737392,5.817752712279218,6317.361247695721,6.169298093452853,19.71837037769784,0.1593146254774854,0.0,0.17538835294292993,0.0,0.008211591787369061,0.20994278811950598,0.18359994473029914,0.0,0.6064572671501953,2
38,0.793125,0.9777343749999999,0.07421875,0.3421875,0.9866406249999999,0.993671875,6.375,1.94140625,217.1875,4.27265625,10.859375,28.3203125,13.390625,5.6640625,34.21875,receiver,one_way,reference_manifest,reference_manifest,0.4947334643727067,0.6070810272656652,0.006059489610873687,0.015778064671147153,0.0029978322875179636,6603.864846679704,6.449086764335648,6603.8648466797085,6.449086764335653,15.44571412769784,0.5948134514835884,0.0,0.1767852955975799,0.0,0.006885380569232787,0.20924829656752228,0.18367067616681276,0.0,0.6070810272656652,1
38,0.793125,0.9777343749999999,0.07421875,0.3421875,0.9866406249999999,0.993671875,6.375,1.94140625,217.1875,4.27265625,10.859375,28.3203125,13.390625,5.6640625,34.21875,receiver,feedback,reference_manifest,reference_manifest,0.4947334643727067,0.6070810272656652,0.006059489610873687,0.015778064671147153,0.0029978322875179636,2325.257929009067,2.270759696297917,1853.2496447424546,1.8098141061938033,19.64514332733813,0.5948134514835884,0.0,0.1767852955975799,0.0,0.006885380569232787,0.20924829656752228,0.18367067616681276,0.0,0.6070810272656652,2
39,0.841875,0.970703125,0.14921875,0.1265625,0.992265625,0.9777343749999999,4.375,0.74609375,189.0625,0.90390625,8.515625,30.2734375,22.578125,17.3515625,42.65625,sender,one_way,reference_manifest,reference_manifest,0.4038135981837199,0.4796581722660299,0.03786519007039098,0.0804762034117638,0.015290478648235043,4285.452875976555,4.185012574195855,4285.452875976558,4.1850125741958575,9.641426126033057,0.0,0.0,0.2875868720035787,0.0,0.003738773250479233,0.22901618247991107,0.29132564525405785,0.0,0.4796581722660299,1
39,0.841875,0.970703125,0.14921875,0.1265625,0.992265625,0.9777343749999999,4.375,0.74609375,189.0625,0.90390625,8.515625,30.2734375,22.578125,17.3515625,42.65625,sender,feedback,reference_manifest,reference_manifest,0.4256661335481998,0.5164850808415139,0.017180643443753783,0.03849062140301547,0.0073132180665729015,3841.2111684803813,3.7511827817191223,3999.3285823723636,3.9055943187230113,10.545332376033059,0.14661395958013512,0.0,0.07836958197928613,0.0,0.0040258265493512005,0.40111951062984696,0.08239540852863743,0.0,0.5164850808415139,2
39,0.841875,0.970703125,0.14921875,0.1265625,0.992265625,0.9777343749999999,4.375,0.74609375,189.0625,0.90390625,8.515625,30.2734375,22.578125,17.3515625,42.65625,receiver,one_way,reference_manifest,reference_manifest,0.4261637741857448,0.5173237279804681,0.0167343048695094,0.03753449748192132,0.007131554521565014,4285.452875976555,4.185012574195855,4285.452875976558,4.1850125741958575,9.641426126033057,0.5045228774267269,0.0,0.07526016001008766,0.0,0.003738773250479233,0.4036773387589632,0.07899893326056698,0.0,0.5173237279804681,1
39,0.841875,0.970703125,0.14921875,0.1265625,0.992265625,0.9777343749999999,4.375,0.74609375,189.0625,0.90390625,8.515625,30.2734375,22.578125,17.3515625,42.65625,receiver,feedback,reference_manifest,reference_manifest,0.4261637741857448,0.5173237279804681,0.0167343048695094,0.03753449748192132,0.007131554521565014,1993.9789424699309,1.9472450610057919,1748.0435210621977,1.7070737510373024,10.51300444214876,0.5045228774267269,0.0,0.07526016001008766,0.0,0.003738773250479233,0.4036773387589632,0.07899893326056698,0.0,0.5173237279804681,2
40,0.781875,0.994609375,0.14140625,0.26718749999999997,0.976328125,0.975390625,5.375,1.12109375,85.9375,3.43046875,7.734375,26.3671875,20.828125,10.7109375,48.28125,sender,one_way,reference_manifest,reference_manifest,0.36558388704659783,0.43526224404972,0.03561828031185786,0.06853404929644372,0.013021469366324303,5172.995684179691,5.05175359783173,5172.995684179685,5.051753597831723,11.784084477272728,0.0,0.0,0.3463449637137995,0.0,0.010553289585265682,0.207839502651214,0.35689825329906527,0.0,0.43526224404972,1
40,0.781875,0.994609375,0.14140625,0.26718749999999997,0.976328125,0.975390625,5.375,1.12109375,85.9375,3.43046875,7.734375,26.3671875,20.828125,10.7109375,48.28125,sender,feedback,reference_manifest,reference_manifest,0.3913074671908167,0.4754065956037254,0.015916191930888345,0.032779603956835976,0.006228124751798833,4548.982714030682,4.4423659316705875,4728.023527779926,4.617210476347584,15.214553227272727,0.13454877375697785,0.0,0.1460304805960401,0.0,0.011526622266778334,0.3670363015334548,0.1575571028628184,0.0,0.4754065956037254,2
40,0.781875,0.994609375,0.14140625,0.26718749999999997,0.976328125,0.975390625,5.375,1.12109375,85.9375,3.43046875,7.734375,26.3671875,20.828125,10.7109375,48.28125,receiver,one_way,reference_manifest,reference_manifest,0.3919564802260935,0.4764194486865858,0.015452549187258904,0.03187750942083465,0.006056726789958581,5172.995684179691,5.05175359783173,5172.995684179685,5.051753597831723,11.784084477272728,0.46465922455893954,0.0,0.14583794765271507,0.0,0.010553289585265682,0.3671893140754324,0.15639123723798073,0.0,0.4764194486865858,1
40,0.781875,0.994609375,0.14140625,0.26718749999999997,0.976328125,0.975390625,5.375,1.12109375,85.9375,3.43046875,7.734375,26.3671875,20.828125,10.7109375,48.28125,receiver,feedback,reference_manifest,reference_manifest,0.3919564802260935,0.4764194486865858,0.015452549187258904,0.03187750942083465,0.006056726789958581,2367.1894417970366,2.3117084392549185,2064.800774576144,2.0164070064220154,15.107684863636365,0.46465922455893954,0.0,0.14583794765271507,0.0,0.010553289585265682,0.3671893140754324,0.15639123723798073,0.0,0.4764194486865858,2
41,0.804375,0.981015625,0.10234375,0.2296875,0.977265625,0.996484375,9.125,1.33203125,173.4375,0.13828125000000002,12.265625,40.4296875,10.984375,11.7734375,32.34375,sender,one_way,reference_manifest,reference_manifest,0.4073061131699807,0.4903449632585681,0.02486260972546529,0.05329838384495469,0.010126692930541428,8449.730379492179,8.251689823722831,8449.7303794922,8.251689823722852,12.897824808558559,0.0,0.0,0.34325036601937875,0.0,0.011407017691921272,0.15499765303013402,0.35465738371129996,0.0,0.4903449632585681,1
41,0.804375,0.981015625,0.10234375,0.2296875,0.977265625,0.996484375,9.125,1.33203125,173.4375,0.13828125000000002,12.265625,40.4296875,10.984375,11.7734375,32.34375,sender,feedback,reference_manifest,reference_manifest,0.4689491531926327,0.573283071070731,0.009787554992036143,0.024157187501798193,0.004589865625341674,7678.874322931916,7.498900705988199,8092.42806928394,7.902761786410098,13.036106058558559,0.16271585276129993,0.0,0.128483607763881,0.0,0.013336427666606641,0.2848968934987838,0.14182003543048766,0.0,0.573283071070731,2
41,0.804375,0.981015625,0.10234375,0.2296875,0.977265625,0.996484375,9.125,1.33203125,173.4375,0.13828125000000002,12.265625,40.4296875,10.984375,11.7734375,32.34375,receiver,one_way,reference_manifest,reference_manifest,0.4691666315776597,0.5735756790559562,0.009741382346326882,0.024054376538611817,0.004570331542336262,8449.730379492179,8.251689823722831,8449.7303794922,8.251689823722852,12.897824808558559,0.5599305734315615,0.0,0.13262571850718577,0.0,0.011407017691921272,0.28239158474493925,0.14403273619910706,0.0,0.5735756790559562,1
41,0.804375,0.981015625,0.10234375,0.2296875,0.977265625,0.996484375,9.125,1.33203125,173.4375,0.13828125000000002,12.265625,40.4296875,10.984375,11.7734375,32.34375,receiver,feedback,reference_manifest,reference_manifest,0.4691666315776597,0.5735756790559562,0.009741382346326882,0.024054376538611817,0.004570331542336262,3354.7358891122603,3.2761092667111917,2796.789981126566,2.731240215943912,12.973190022522523,0.5599305734315615,0.0,0.13262571850718577,0.0,0.011407017691921272,0.28239158474493925,0.14403273619910706,0.0,0.5735756790559562,2
42,0.763125,0.971171875,0.05859375,0.042187499999999996,0.970703125,0.974453125,4.875,1.73046875,248.4375,2.8945312500000004,13.046875,49.4140625,16.890625,18.1484375,33.90625,sender,one_way,reference_manifest,reference_manifest,0.0,0.0,0.0,0.0,0.0,5012.973133007792,4.895481575202922,5012.973133007788,4.895481575202918,,0.0,0.0,0.24763275535036805,0.7089419202096282,0.0,0.04342532444000239,0.9565746755599971,0.0,0.0,1
42,0.763125,0.971171875,0.05859375,0.042187499999999996,0.970703125,0.974453125,4.875,1.73046875,248.4375,2.8945312500000004,13.046875,49.4140625,16.890625,18.1484375,33.90625,sender,feedback,reference_manifest,reference_manifest,0.0,0.0,0.0,0.0,0.0,5088.607346312128,4.969343111632938,5458.045484169666,5.33012254313444,,0.0,0.0,0.007078291002573171,0.992921708997427,0.0,0.0,1.0,0.0,0.0,2
42,0.763125,0.971171875,0.05859375,0.042187499999999996,0.970703125,0.974453125,4.875,1.73046875,248.4375,2.8945312500000004,13.046875,49.4140625,16.890625,18.1484375,33.90625,receiver,one_way,reference_manifest,reference_manifest,0.0,0.0,0.0,0.0,0.0,5012.973133007792,4.895481575202922,5012.973133007788,4.895481575202918,,0.0,0.0,0.07317082180777255,0.8431052382323191,0.0,0.08372393995990736,0.9162760600400918,0.0,0.0,1
42,0.763125,0.971171875,0.05859375,0.042187499999999996,0.970703125,0.974453125,4.875,1.73046875,248.4375,2.8945312500000004,13.046875,49.4140625,16.890625,18.1484375,33.90625,receiver,feedback,reference_manifest,reference_manifest,0.0,0.0,0.0,0.0,0.0,2086.2485054452286,2.037352056098856,1762.4560111679862,1.7211484484062365,,0.0,0.0,0.0073089499806576865,0.992691050019342,0.0,0.0,1.0,0.0,0.0,2
43,0.796875,0.993203125,0.13203125,0.4921875,0.985703125,0.985234375,5.625,1.30859375,117.1875,2.58828125,14.921875,45.8984375,16.453125,20.0078125,35.15625,sender,one_way,reference_manifest,reference_manifest,0.0,0.0,0.0,0.0,0.0,5619.357055664076,5.487653374671949,5619.357055664087,5.48765337467196,,0.0,0.0,0.18674926393497898,0.7087534492684531,0.0,0.10449728679657018,0.89550271320343,0.0,0.0,1
43,0.796875,0.993203125,0.13203125,0.4921875,0.985703125,0.985234375,5.625,1.30859375,117.1875,2.58828125,14.921875,45.8984375,16.453125,20.0078125,35.15625,sender,feedback,reference_manifest,reference_manifest,0.0,0.0,0.0,0.0,0.0,4621.53955131271,4.513222218078818,4786.395801901598,4.674214650294529,,0.0,0.0,0.015325181344828331,0.9846748186551728,0.0,0.0,1.0,0.0,0.0,2
43,0.796875,0.993203125,0.13203125,0.4921875,0.985703125,0.985234375,5.625,1.30859375,117.1875,2.58828125,14.921875,45.8984375,16.453125,20.0078125,35.15625,receiver,one_way,reference_manifest,reference_manifest,0.0,0.0,0.0,0.0,0.0,5619.357055664076,5.487653374671949,5619.357055664087,5.48765337467196,,0.0,0.0,0.09933272491694457,0.7052806439350457,0.0,0.19538663114801127,0.8046133688519903,0.0,0.0,1
43,0.796875,0.993203125,0.13203125,0.4921875,0.985703125,0.985234375,5.625,1.30859375,117.1875,2.58828125,14.921875,45.8984375,16.453125,20.0078125,35.15625,receiver,feedback,reference_manifest,reference_manifest,0.0,0.0,0.0,0.0,0.0,2267.0006391445895,2.213867811664638,1904.0686149575113,1.8594420067944446,,0.0,0.0,0.01531178148327264,0.9846882185167276,0.0,0.0,1.0,0.0,0.0,2
44,0.946875,0.9866406249999999,0.13671875,0.47343749999999996,0.979609375,0.990390625,11.125,1.58984375,226.5625,2.1289062500000004,11.953125,48.2421875,14.703125,8.8515625,37.34375,sender,one_way,reference_manifest,reference_manifest,0.5344379703716935,0.6371780948510145,0.034285950022653056,0.09644059759143189,0.018323713542372017,12163.613950195318,11.878529248237616,12163.613950195328,11.878529248237625,14.541771939655174,0.0,0.0,0.11042072684647652,0.0,0.013262898377551218,0.23913827992495784,0.12368362522402775,0.0,0.6371780948510145,1
44,0.946875,0.9866406249999999,0.13671875,0.47343749999999996,0.979609375,0.990390625,11.125,1.58984375,226.5625,2.1289062500000004,11.953125,48.2421875,14.703125,8.8515625,37.34375,sender,feedback,reference_manifest,reference_manifest,0.4317684863603931,0.5285164753499277,0.008500252896846042,0.019316533299746162,0.003670141326951762,9797.429754205312,9.567802494341125,10181.873085546686,9.943235435104185,16.670678189655174,0.04597564577536308,0.0,0.041794690495961115,0.0,0.011001100571523327,0.41868773358258776,0.05279579106748446,0.0,0.5285164753499277,2
44,0.946875,0.9866406249999999,0.13671875,0.47343749999999996,0.979609375,0.990390625,11.125,1.58984375,226.5625,2.1289062500000004,11.953125,48.2421875,14.703125,8.8515625,37.34375,receiver,one_way,reference_manifest,reference_manifest,0.43077232429260187,0.527462173922253,0.008189856257294568,0.01856822850303736,0.0035279634155770904,12163.613950195318,11.878529248237616,12163.613950195328,11.878529248237625,14.541771939655174,0.5263932031347772,0.0,0.04254174366440562,0.0,0.013262898377551218,0.4167331840357902,0.05580464204195685,0.0,0.527462173922253,1
44,0.946875,0.9866406249999999,0.13671875,0.47343749999999996,0.979609375,0.990390625,11.125,1.58984375,226.5625,2.1289062500000004,11.953125,48.2421875,14.703125,8.8515625,37.34375,receiver,feedback,reference_manifest,reference_manifest,0.43077232429260187,0.527462173922253,0.008189856257294568,0.01856822850303736,0.0035279634155770904,4392.881937965622,4.289923767544552,3553.4622192436464,3.4701779484801234,16.613192948275863,0.5263932031347772,0.0,0.04254174366440562,0.0,0.013262898377551218,0.4167331840357902,0.05580464204195685,0.0,0.527462173922253,2
45,0.969375,0.995078125,0.11328125,0.31406249999999997,0.994140625,0.988984375,15.625,0.91015625,201.5625,3.1242187500000003,6.328125,28.7109375,17.109375,18.4140625,36.71875,sender,one_way,reference_manifest,reference_manifest,0.605961987719302,0.7273067090809094,0.027796386085478728,0.0886502808619466,0.016843553363769838,16332.672513867195,15.949875501823433,16332.672513867323,15.949875501823557,10.12437351744186,0.0,0.0,0.061803816884396505,0.0,0.004286680014229328,0.2066027940204734,0.06609049689862585,0.0,0.7273067090809094,1
45,0.969375,0.995078125,0.11328125,0.31406249999999997,0.994140625,0.988984375,15.625,0.91015625,201.5625,3.1242187500000003,6.328125,28.7109375,17.109375,18.4140625,36.71875,sender,feedback,reference_manifest,reference_manifest,0.49742361718978934,0.6108417576040371,0.005310953157889873,0.01390417647643746,0.002641793530523115,13286.514468716827,12.975111785856276,13936.518737629574,13.609881579716381,13.248592267441861,0.03353183364222309,0.0,0.017028716027850326,0.0,0.0036002461155444226,0.36852928025257553,0.020628962143394755,0.0,0.6108417576040371,2
45,0.969375,0.995078125,0.11328125,0.31406249999999997,0.994140625,0.988984375,15.625,0.91015625,201.5625,3.1242187500000003,6.328125,28.7109375,17.109375,18.4140625,36.71875,receiver,one_way,reference_manifest,reference_manifest,0.49621468202550617,0.6095445336401981,0.005005111430422948,0.013071630404997639,0.0024836097769495493,16332.672513867195,15.949875501823433,16332.672513867323,15.949875501823557,10.12437351744186,0.6090594585793988,0.0,0.016795272892015593,0.0,0.004286680014229328,0.3693735134535646,0.021081952906244934,0.0,0.6095445336401981,1
45,0.969375,0.995078125,0.11328125,0.31406249999999997,0.994140625,0.988984375,15.625,0.91015625,201.5625,3.1242187500000003,6.328125,28.7109375,17.109375,18.4140625,36.71875,receiver,feedback,reference_manifest,reference_manifest,0.49621468202550617,0.6095445336401981,0.005005111430422948,0.013071630404997639,0.0024836097769495493,5177.2848496546085,5.055942235990829,3960.233933120471,3.86741595031296,12.613553507751938,0.6090594585793988,0.0,0.016795272892015593,0.0,0.004286680014229328,0.3693735134535646,0.021081952906244934,0.0,0.6095445336401981,2
46,0.826875,0.977265625,0.07265625,0.2578125,0.997421875,0.991796875,13.875,0.69921875,235.9375,4.04296875,14.609375,39.2578125,15.140625,14.9609375,38.90625,sender,one_way,reference_manifest,reference_manifest,0.46161411892313725,0.5600997207673871,0.017186097167176746,0.04175444790291415,0.007933345101553718,12059.733890039071,11.77708387699128,12059.733890039068,11.777083876991277,19.158376067880795,0.0,0.0,0.3244759978326705,0.0,0.0014477395461207554,0.11397654185382158,0.3259237373787913,0.0,0.5600997207673871,1
46,0.826875,0.977265625,0.07265625,0.2578125,0.997421875,0.991796875,13.875,0.69921875,235.9375,4.04296875,14.609375,39.2578125,15.140625,14.9609375,38.90625,sender,feedback,reference_manifest,reference_manifest,0.5379361826269591,0.6602660928991475,0.005801147941769218,0.016424459887629275,0.0031206473786495738,11056.262976153497,10.7971318126499,11766.902090827441,11.491115323073673,23.201344817880795,0.16678963559450613,0.0,0.12422028006674367,0.0,0.0017066484738522568,0.2138069785602561,0.12592692854059592,0.0,0.6602660928991475,2
46,0.826875,0.977265625,0.07265625,0.2578125,0.997421875,0.991796875,13.875,0.69921875,235.9375,4.04296875,14.609375,39.2578125,15.140625,14.9609375,38.90625,receiver,one_way,reference_manifest,reference_manifest,0.5385674403417208,0.6610945662409224,0.005720438065507212,0.016214956245123962,0.003080841686573564,12059.733890039071,11.77708387699128,12059.733890039068,11.777083876991277,19.158376067880795,0.6487756206456506,0.0,0.12308452491281319,0.0,0.0014477395461207554,0.21437316930014289,0.12453226445893396,0.0,0.6610945662409224,1
46,0.826875,0.977265625,0.07265625,0.2578125,0.997421875,0.991796875,13.875,0.69921875,235.9375,4.04296875,14.609375,39.2578125,15.140625,14.9609375,38.90625,receiver,feedback,reference_manifest,reference_manifest,0.5385674403417208,0.6610945662409224,0.005720438065507212,0.016214956245123962,0.003080841686573564,4169.952389596636,4.072219130465465,3299.2851436498486,3.2219581480955553,23.177067201986755,0.6487756206456506,0.0,0.12308452491281319,0.0,0.0014477395461207554,0.21437316930014289,0.12453226445893396,0.0,0.6610945662409224,2
47,0.868125,0.985703125,0.06328125,0.2765625,0.974453125,0.987578125,4.125,1.51953125,57.8125,1.3632812500000002,8.828125,29.1015625,19.515625,6.9921875,41.71875,sender,one_way,reference_manifest,reference_manifest,0.514774106941038,0.6260891427497732,0.014845154817771145,0.04022053323010314,0.007641901313719589,4946.024176757822,4.83010173511506,4946.024176757801,4.83010173511504,10.991233277027028,0.0,0.0,0.252127957907003,0.0,0.016413946097905523,0.10536895324531394,0.2685419040049085,0.0,0.6260891427497732,1
47,0.868125,0.985703125,0.06328125,0.2765625,0.974453125,0.987578125,4.125,1.51953125,57.8125,1.3632812500000002,8.828125,29.1015625,19.515625,6.9921875,41.71875,sender,feedback,reference_manifest,reference_manifest,0.5627358629592465,0.691949238243939,0.0040107271105577725,0.011878842008704081,0.002256979981653773,4457.678573091297,4.35320173153447,4762.704149189722,4.6510782706930875,12.354514527027028,0.13366872654105663,0.0,0.09166355915193317,0.0,0.018140575716007988,0.19824662688811578,0.10980413486794113,0.0,0.691949238243939,2
47,0.868125,0.985703125,0.06328125,0.2765625,0.974453125,0.987578125,4.125,1.51953125,57.8125,1.3632812500000002,8.828125,29.1015625,19.515625,6.9921875,41.71875,receiver,one_way,reference_manifest,reference_manifest,0.5633391316252461,0.6927776343505427,0.003886198700573508,0.011522356848969694,0.0021892478013042396,4946.024176757822,4.83010173511506,4946.024176757801,4.83010173511504,10.991233277027028,0.6854293902070616,0.0,0.09379614510168811,0.0,0.016413946097905523,0.19701227444986008,0.11021009119959357,0.0,0.6927776343505427,1
47,0.868125,0.985703125,0.06328125,0.2765625,0.974453125,0.987578125,4.125,1.51953125,57.8125,1.3632812500000002,8.828125,29.1015625,19.515625,6.9921875,41.71875,receiver,feedback,reference_manifest,reference_manifest,0.5633391316252461,0.6927776343505427,0.003886198700573508,0.011522356848969694,0.0021892478013042396,1504.8240649215645,1.4695547508999653,1124.406419454469,1.0980531439985048,12.139197770270272,0.6854293902070616,0.0,0.09379614510168811,0.0,0.016413946097905523,0.19701227444986008,0.11021009119959357,0.0,0.6927776343505427,2
48,0.984375,0.992734375,0.09453125,0.36093749999999997,0.992734375,0.984296875,16.625,1.82421875,92.1875,0.44453125000000004,12.578125,45.1171875,18.421875,5.1328125,39.21875,sender,one_way,reference_manifest,reference_manifest,0.6442730387163874,0.7772616933087215,0.02280254838164552,0.07732140598063267,0.014691067136320202,18461.695034179746,18.028999056816158,18461.69503417959,18.028999056816005,14.662097605932203,0.0,0.0,0.040827192476394034,0.0,0.00568862339479906,0.1762224908200808,0.046515815871193064,0.0,0.7772616933087215,1
48,0.984375,0.992734375,0.09453125,0.36093749999999997,0.992734375,0.984296875,16.625,1.82421875,92.1875,0.44453125000000004,12.578125,45.1171875,18.421875,5.1328125,39.21875,sender,feedback,reference_manifest,reference_manifest,0.5412012491491119,0.6657754157634438,0.003553506914006222,0.010121907266948282,0.0019231623807201732,15166.350877930146,14.810889529228659,16024.174052660557,15.648607473301325,15.106628855932204,0.02406862968377014,0.0,0.010320172700084245,0.0,0.004872677553002338,0.3190317339834649,0.01519285025308657,0.0,0.6657754157634438,2
48,0.984375,0.992734375,0.09453125,0.36093749999999997,0.992734375,0.984296875,16.625,1.82421875,92.1875,0.44453125000000004,12.578125,45.1171875,18.421875,5.1328125,39.21875,receiver,one_way,reference_manifest,reference_manifest,0.5395568781908596,0.6639968030333381,0.003186814594262433,0.009049830178175315,0.0017194677338533094,18461.695034179746,18.028999056816158,18461.69503417959,18.028999056816005,14.662097605932203,0.6637674343937393,0.0,0.010058663204422573,0.0,0.00568862339479906,0.32025591036743567,0.01574728659922161,0.0,0.6639968030333381,1
48,0.984375,0.992734375,0.09453125,0.36093749999999997,0.992734375,0.984296875,16.625,1.82421875,92.1875,0.44453125000000004,12.578125,45.1171875,18.421875,5.1328125,39.21875,receiver,feedback,reference_manifest,reference_manifest,0.5395568781908596,0.6639968030333381,0.003186814594262433,0.009049830178175315,0.0017194677338533094,5267.362203754185,5.143908402103697,3819.058158799696,3.729548983202828,13.629291906779661,0.6637674343937393,0.0,0.010058663204422573,0.0,0.00568862339479906,0.32025591036743567,0.01574728659922161,0.0,0.6639968030333381,2
49,0.909375,0.998359375,0.07734375,0.1734375,0.970234375,0.976796875,5.125,1.89453125,214.0625,4.73203125,6.171875,43.9453125,11.640625,12.0390625,47.34375,sender,one_way,reference_manifest,reference_manifest,0.5617642142648273,0.6807949658349307,0.018371216386649257,0.054317325992290104,0.010320291938535139,6525.863411132814,6.3729134874343885,6525.863411132835,6.372913487434409,11.172538074817519,0.0,0.0,0.16281162140480626,0.0,0.020885971654972923,0.13550744110529264,0.18369759305977906,0.0,0.6807949658349307,1
49,0.909375,0.998359375,0.07734375,0.1734375,0.970234375,0.976796875,5.125,1.89453125,214.0625,4.73203125,6.171875,43.9453125,11.640625,12.0390625,47.34375,sender,feedback,reference_manifest,reference_manifest,0.5593389533482509,0.6874511484789646,0.004475860415773059,0.013176437264691396,0.00250352308029137,5738.357834630125,5.603865072880981,6109.601172755733,5.966407395269271,15.904569324817519,0.09826827387725554,0.0,0.041668132606264,0.0,0.021090175341854055,0.24979054357292013,0.06275830794811815,0.0,0.6874511484789646,2
49,0.909375,0.998359375,0.07734375,0.1734375,0.970234375,0.976796875,5.125,1.89453125,214.0625,4.73203125,6.171875,43.9453125,11.640625,12.0390625,47.34375,receiver,one_way,reference_manifest,reference_manifest,0.5592813429753625,0.6876092614314783,0.004144320644661779,0.012199164294036606,0.0023178412158669595,6525.863411132814,6.3729134874343885,6525.863411132835,6.372913487434409,11.172538074817519,0.6836328918710282,0.0,0.04248202151765146,0.0,0.020885971654972923,0.24902274539590036,0.06336799317262445,0.0,0.6876092614314783,1
49,0.909375,0.998359375,0.07734375,0.1734375,0.970234375,0.976796875,5.125,1.89453125,214.0625,4.73203125,6.171875,43.9453125,11.640625,12.0390625,47.34375,receiver,feedback,reference_manifest,reference_manifest,0.5592813429753625,0.6876092614314783,0.004144320644661779,0.012199164294036606,0.0023178412158669595,2011.7158542246343,1.9645662638912444,1514.0570162871336,1.478571304967904,15.832067135036496,0.6836328918710282,0.0,0.04248202151765146,0.0,0.020885971654972923,0.24902274539590036,0.06336799317262445,0.0,0.6876092614314783,2
50,0.785625,0.976796875,0.11015625,0.5203125,0.989453125,0.979609375,8.375,1.68359375,229.6875,0.7507812500000001,9.453125,29.8828125,13.171875,18.6796875,30.15625,sender,one_way,reference_manifest,reference_manifest,0.3840720243053025,0.4613832739703859,0.026952164526985595,0.05448195994362612,0.010351572389288924,7904.179262695315,7.718925061225893,7904.179262695301,7.71892506122588,10.562654549319728,0.0,0.0,0.3717776710545445,0.0,0.004918021475404806,0.16192103349966191,0.37669569252994933,0.0,0.4613832739703859,1
50,0.785625,0.976796875,0.11015625,0.5203125,0.989453125,0.979609375,8.375,1.68359375,229.6875,0.7507812500000001,9.453125,29.8828125,13.171875,18.6796875,30.15625,sender,feedback,reference_manifest,reference_manifest,0.39679035964370335,0.48531769608801323,0.009282044593318068,0.019384346381113592,0.0036830258124115685,6605.644829638104,6.450825028943461,6883.331550005876,6.722003466802613,11.313435799319729,0.1078938856218175,0.0,0.21540160404959652,0.0009178756551871304,0.0051731455958848455,0.29318967861131606,0.22149262530066846,0.0,0.48531769608801323,2
50,0.785625,0.976796875,0.11015625,0.5203125,0.989453125,0.979609375,8.375,1.68359375,229.6875,0.7507812500000001,9.453125,29.8828125,13.171875,18.6796875,30.15625,receiver,one_way,reference_manifest,reference_manifest,0.39790095849625184,0.4867429915139359,0.009145832127963915,0.019153344052435108,0.0036391353699626564,7904.179262695315,7.718925061225893,7904.179262695301,7.71892506122588,10.562654549319728,0.4796887440662151,0.0,0.2138302359626179,0.0,0.004918021475404806,0.2945087510480389,0.2187482574380227,0.0,0.4867429915139359,1
50,0.785625,0.976796875,0.11015625,0.5203125,0.989453125,0.979609375,8.375,1.68359375,229.6875,0.7507812500000001,9.453125,29.8828125,13.171875,18.6796875,30.15625,receiver,feedback,reference_manifest,reference_manifest,0.39790095849625184,0.4867429915139359,0.009145832127963915,0.019153344052435108,0.0036391353699626564,3060.268402802418,2.9885433621117365,2531.2048619785323,2.4718797480259105,11.25338899659864,0.4796887440662151,0.0,0.2138302359626179,0.0,0.004918021475404806,0.2945087510480389,0.2187482574380227,0.0,0.4867429915139359,2
51,0.845625,0.981484375,0.13046875,0.5390625,0.975859375,0.998828125,14.625,0.60546875,157.8125,3.5835937500000004,10.234375,36.5234375,17.765625,6.1953125,31.09375,sender,one_way,reference_manifest,reference_manifest,0.0,0.0,0.0,0.0,0.0,12944.176633007783,12.640797493171663,12944.176633007832,12.64079749317171,,0.0,0.0,0.1516203556878204,0.7400947927420531,0.0,0.10828485157012993,0.8917151484298723,0.0,0.0,1
51,0.845625,0.981484375,0.13046875,0.5390625,0.975859375,0.998828125,14.625,0.60546875,157.8125,3.5835937500000004,10.234375,36.5234375,17.765625,6.1953125,31.09375,sender,feedback,reference_manifest,reference_manifest,0.0,0.0,0.0,0.0,0.0,10565.790006952571,10.31815430366462,10961.173656522562,10.704271148947814,,0.0,0.0,0.07709076260716766,0.719330861105303,0.0,0.20357837628753214,0.7964216237124697,0.0,0.0,2
51,0.845625,0.981484375,0.13046875,0.5390625,0.975859375,0.998828125,14.625,0.60546875,157.8125,3.5835937500000004,10.234375,36.5234375,17.765625,6.1953125,31.09375,receiver,one_way,reference_manifest,reference_manifest,0.0,0.0,0.0,0.0,0.0,12944.176633007783,12.640797493171663,12944.176633007832,12.64079749317171,,0.0,0.0,0.07880462262795077,0.7198083422082519,0.0,0.2013870351638,0.7986129648362023,0.0,0.0,1
51,0.845625,0.981484375,0.13046875,0.5390625,0.975859375,0.998828125,14.625,0.60546875,157.8125,3.5835937500000004,10.234375,36.5234375,17.765625,6.1953125,31.09375,receiver,feedback,reference_manifest,reference_manifest,0.0,0.0,0.0,0.0,0.0,4903.571794845464,4.788644330903773,4032.4638860205196,3.9379530136919136,,0.0,0.0,0.07880462262795077,0.7198083422082519,0.0,0.2013870351638,0.7986129648362023,0.0,0.0,2
52,0.943125,0.984296875,0.12109375,0.2203125,0.9749218749999999,0.975859375,7.625,1.42578125,142.1875,1.8226562500000003,14.296875,27.1484375,13.609375,9.3828125,36.40625,sender,one_way,reference_manifest,reference_manifest,0.5419095840733678,0.649001420671448,0.029928301336886242,0.08536017541839169,0.01621843332949444,8603.623329492193,8.40197590770722,8603.623329492186,8.401975907707213,16.64098355769231,0.0,0.0,0.12211460434868089,0.0,0.01669440308001725,0.2121895718998535,0.1388090074286983,0.0,0.649001420671448,1
52,0.943125,0.984296875,0.12109375,0.2203125,0.9749218749999999,0.975859375,7.625,1.42578125,142.1875,1.8226562500000003,14.296875,27.1484375,13.609375,9.3828125,36.40625,sender,feedback,reference_manifest,reference_manifest,0.47509655572007986,0.5817831104466535,0.008108322849134174,0.02027492767521088,0.003852236258290071,7202.850642248822,7.034033830321115,7544.804722563128,7.367973361878055,18.46363980769231,0.06884629454744344,0.0,0.02819047245517529,0.0,0.01496533203408737,0.3750610850640843,0.04315580448926268,0.0,0.5817831104466535,2
52,0.943125,0.984296875,0.12109375,0.2203125,0.9749218749999999,0.975859375,7.625,1.42578125,142.1875,1.8226562500000003,14.296875,27.1484375,13.609375,9.3828125,36.40625,receiver,one_way,reference_manifest,reference_manifest,0.4734437476373669,0.5801202765775106,0.007490485674972155,0.018664861103067504,0.003546323609582829,8603.623329492193,8.40197590770722,8603.623329492186,8.401975907707213,16.64098355769231,0.5778341037546914,0.0,0.028280704588929353,0.0,0.01669440308001725,0.3749046157535427,0.044975107668946655,0.0,0.5801202765775106,1
52,0.943125,0.984296875,0.12109375,0.2203125,0.9749218749999999,0.975859375,7.625,1.42578125,142.1875,1.8226562500000003,14.296875,27.1484375,13.609375,9.3828125,36.40625,receiver,feedback,reference_manifest,reference_manifest,0.4734437476373669,0.5801202765775106,0.007490485674972155,0.018664861103067504,0.003546323609582829,3101.394419976705,3.028705488258501,2502.9032341712277,2.4442414396203396,18.38149475274725,0.5778341037546914,0.0,0.028280704588929353,0.0,0.01669440308001725,0.3749046157535427,0.044975107668946655,0.0,0.5801202765775106,2
53,0.920625,0.976328125,0.12421875,0.4640625,0.973046875,0.977265625,11.875,1.02734375,179.6875,3.81328125,14.765625,31.4453125,23.890625,14.4296875,35.46875,sender,one_way,reference_manifest,reference_manifest,0.0,0.0,0.0,0.0,0.0,11875.369441992218,11.597040470695525,11875.369441992209,11.597040470695516,,0.0,0.0,0.08987233981860271,0.7984758627341924,0.0,0.1116517974472045,0.8883482025527948,0.0,0.0,1
53,0.920625,0.976328125,0.12421875,0.4640625,0.973046875,0.977265625,11.875,1.02734375,179.6875,3.81328125,14.765625,31.4453125,23.890625,14.4296875,35.46875,sender,feedback,reference_manifest,reference_manifest,0.0,0.0,0.0,0.0,0.0,9827.149143279434,9.596825335233822,10258.720071265767,10.018281319595475,,0.0,0.0,0.0020028299409147023,0.9979971700590861,0.0,0.0,1.0,0.0,0.0,2
53,0.920625,0.976328125,0.12421875,0.4640625,0.973046875,0.977265625,11.875,1.02734375,179.6875,3.81328125,14.765625,31.4453125,23.890625,14.4296875,35.46875,receiver,one_way,reference_manifest,reference_manifest,0.0,0.0,0.0,0.0,0.0,11875.369441992218,11.597040470695525,11875.369441992209,11.597040470695516,,0.0,0.0,0.035124219332320544,0.7571970096646023,0.0,0.20767877100307613,0.7923212289969233,0.0,0.0,1
53,0.920625,0.976328125,0.12421875,0.4640625,0.973046875,0.977265625,11.875,1.02734375,179.6875,3.81328125,14.765625,31.4453125,23.890625,14.4296875,35.46875,receiver,feedback,reference_manifest,reference_manifest,0.0,0.0,0.0,0.0,0.0,4369.868651947118,4.267449855417108,3554.5239068573346,3.471214752790366,,0.0,0.0,0.002038367104264437,0.9979616328957358,0.0,0.0,1.0,0.0,0.0,2
54,0.838125,0.987109375,0.10546875,0.5765625,0.996484375,0.989453125,14.375,1.00390625,198.4375,4.42578125,9.296875,44.3359375,10.546875,10.1796875,38.59375,sender,one_way,reference_manifest,reference_manifest,0.4537322982264563,0.5457700142782109,0.025694857312722925,0.061360982426855906,0.01165858666110264,13028.651815429615,12.723292788505484,13028.651815429535,12.723292788505406,14.357536249999999,0.0,0.0,0.2854051604584077,0.0,0.001925492014309654,0.1668993332490651,0.2873306524727173,0.0,0.5457700142782109,1
54,0.838125,0.987109375,0.10546875,0.5765625,0.996484375,0.989453125,14.375,1.00390625,198.4375,4.42578125,9.296875,44.3359375,10.546875,10.1796875,38.59375,sender,feedback,reference_manifest,reference_manifest,0.43086229253904235,0.5281792816624169,0.007048828465783364,0.015984602065694086,0.003037074392481881,10640.708127028913,10.391316530301673,11114.045283935606,10.853559847593365,18.7833175,0.08206476446232737,0.0,0.16687896857368734,0.0,0.001863431413156324,0.30307831835073223,0.16874239998684365,0.0,0.5281792816624169,2
54,0.838125,0.987109375,0.10546875,0.5765625,0.996484375,0.989453125,14.375,1.00390625,198.4375,4.42578125,9.296875,44.3359375,10.546875,10.1796875,38.59375,receiver,one_way,reference_manifest,reference_manifest,0.4306185143497172,0.5279917768141631,0.006839406649038044,0.015500921738117557,0.0029451751302423403,13028.651815429615,12.723292788505484,13028.651815429535,12.723292788505406,14.357536249999999,0.5244505682921655,0.0,0.166036697964163,0.0,0.001925492014309654,0.3040460332073567,0.1679621899784727,0.0,0.5279917768141631,1
54,0.838125,0.987109375,0.10546875,0.5765625,0.996484375,0.989453125,14.375,1.00390625,198.4375,4.42578125,9.296875,44.3359375,10.546875,10.1796875,38.59375,receiver,feedback,reference_manifest,reference_manifest,0.4306185143497172,0.5279917768141631,0.006839406649038044,0.015500921738117557,0.0029451751302423403,4479.437914477588,4.374451088357019,3544.174915171385,3.4611083155970555,18.74187372047244,0.5244505682921655,0.0,0.166036697964163,0.0,0.001925492014309654,0.3040460332073567,0.1679621899784727,0.0,0.5279917768141631,2
55,0.928125,0.9716406249999999,0.10078124999999999,0.5578124999999999,0.978671875,0.981484375,8.625,0.98046875,151.5625,4.96171875,10.546875,48.6328125,12.734375,14.6953125,32.96875,sender,one_way,reference_manifest,reference_manifest,0.5343512100525953,0.6435645108965566,0.024448257963334368,0.06875766434939821,0.013063956226385719,8870.143702148449,8.662249709129345,8870.143702148456,8.662249709129352,16.02777230670103,0.0,0.0,0.1689005452973557,0.0,0.014025154584079198,0.17350978922201052,0.18292569988143498,0.0,0.6435645108965566,1
55,0.928125,0.9716406249999999,0.10078124999999999,0.5578124999999999,0.978671875,0.981484375,8.625,0.98046875,151.5625,4.96171875,10.546875,48.6328125,12.734375,14.6953125,32.96875,sender,feedback,reference_manifest,reference_manifest,0.0,0.0,0.0,0.0,0.0,7399.31792774445,7.225896413812939,7784.448428939002,7.602000418885744,,0.0,0.0,0.002146034648201242,0.9978539653517999,0.0,0.0,1.0,0.0,0.0,2
55,0.928125,0.9716406249999999,0.10078124999999999,0.5578124999999999,0.978671875,0.981484375,8.625,0.98046875,151.5625,4.96171875,10.546875,48.6328125,12.734375,14.6953125,32.96875,receiver,one_way,reference_manifest,reference_manifest,0.4875361215103276,0.5985947620459005,0.005485468943028262,0.014075601332364965,0.002674364253149355,8870.143702148449,8.662249709129345,8870.143702148456,8.662249709129352,16.02777230670103,0.5963362300093555,0.0,0.07410204703107233,0.0,0.014025154584079198,0.3132780363389503,0.08812720161515142,0.0,0.5985947620459005,1
55,0.928125,0.9716406249999999,0.10078124999999999,0.5578124999999999,0.978671875,0.981484375,8.625,0.98046875,151.5625,4.96171875,10.546875,48.6328125,12.734375,14.6953125,32.96875,receiver,feedback,reference_manifest,reference_manifest,0.0,0.0,0.0,0.0,0.0,2901.5544475509914,2.833549265186515,2247.6207951772885,2.194942182790321,,0.0,0.0,0.002167516096043598,0.9978324839039572,0.0,0.0,1.0,0.0,0.0,2
56,0.751875,0.972578125,0.07578125,0.10781249999999999,0.987578125,0.978671875,5.875,1.35546875,95.3125,1.5164062500000002,7.421875,38.0859375,11.203125,14.1640625,34.84375,sender,one_way,reference_manifest,reference_manifest,0.3720692729716383,0.45108802242859936,0.017975079616377676,0.03519986739196285,0.006687974804472957,5414.228143945317,5.287332171821599,5414.228143945321,5.287332171821602,9.55973174180328,0.0,0.0,0.4354778596660287,0.0,0.005673838744256582,0.10776027916111618,0.44115169841028523,0.0,0.45108802242859936,1
56,0.751875,0.972578125,0.07578125,0.10781249999999999,0.987578125,0.978671875,5.875,1.35546875,95.3125,1.5164062500000002,7.421875,38.0859375,11.203125,14.1640625,34.84375,sender,feedback,reference_manifest,reference_manifest,0.5145579856254545,0.6298939789803837,0.0084419303026927,0.022862435007073835,0.004343862651344039,5336.014459618622,5.2109516207213105,5682.186164056851,5.549009925836769,11.076137991803279,0.22802121798806463,0.0,0.16051633976985907,0.0,0.007922881311437485,0.20166679993832018,0.16843922108129653,0.0,0.6298939789803837,2
56,0.751875,0.972578125,0.07578125,0.10781249999999999,0.987578125,0.978671875,5.875,1.35546875,95.3125,1.5164062500000002,7.421875,38.0859375,11.203125,14.1640625,34.84375,receiver,one_way,reference_manifest,reference_manifest,0.5176632317781241,0.6337906841882258,0.00829260670284867,0.02259356624032404,0.004292777585661578,5414.228143945317,5.287332171821599,5414.228143945321,5.287332171821602,9.55973174180328,0.6072145520874632,0.0,0.15801409555590823,0.0,0.005673838744256582,0.20252138151161014,0.1636879343001648,0.0,0.6337906841882258,1
56,0.751875,0.972578125,0.07578125,0.10781249999999999,0.987578125,0.978671875,5.875,1.35546875,95.3125,1.5164062500000002,7.421875,38.0859375,11.203125,14.1640625,34.84375,receiver,feedback,reference_manifest,reference_manifest,0.5176632317781241,0.6337906841882258,0.00829260670284867,0.02259356624032404,0.004292777585661578,2327.179946504092,2.2726366665079025,1986.7349926889135,1.940170891297767,11.076137991803279,0.6072145520874632,0.0,0.15801409555590823,0.0,0.005673838744256582,0.20252138151161014,0.1636879343001648,0.0,0.6337906841882258,2
57,0.819375,0.974453125,0.13828125,0.5671875,0.995078125,0.982421875,4.625,0.88671875,210.9375,0.52109375,5.703125,27.9296875,20.171875,7.2578125,49.84375,sender,one_way,reference_manifest,reference_manifest,0.3952858228649707,0.4710593063238232,0.03472875562087777,0.07225149864565908,0.013727784742675147,4506.409635351563,4.400790659523011,4506.4096353515715,4.400790659523019,6.438272675925926,0.0,0.0,0.3179817554770126,0.0,0.0023299628090131612,0.20862897539015474,0.3203117182860258,0.0,0.4710593063238232,1
57,0.819375,0.974453125,0.13828125,0.5671875,0.995078125,0.982421875,4.625,0.88671875,210.9375,0.52109375,5.703125,27.9296875,20.171875,7.2578125,49.84375,sender,feedback,reference_manifest,reference_manifest,0.36942399553487115,0.45047945768926195,0.012277585813025666,0.023871762139843246,0.004535634806570191,3672.252185744803,3.586183775141409,3794.608929114475,3.7056727823383544,6.959366425925926,0.08724744773776423,0.0,0.1788349283486352,0.0,0.0022281703567891406,0.3684574436053172,0.1810630987054244,0.0,0.45047945768926195,2
57,0.819375,0.974453125,0.13828125,0.5671875,0.995078125,0.982421875,4.625,0.88671875,210.9375,0.52109375,5.703125,27.9296875,20.171875,7.2578125,49.84375,receiver,one_way,reference_manifest,reference_manifest,0.368961259061768,0.45011122978128765,0.011847213851236304,0.02300612073119047,0.004371162938926165,4506.409635351563,4.400790659523011,4506.4096353515715,4.400790659523019,6.438272675925926,0.44523657954716117,0.0,0.17704234099318414,0.0,0.0023299628090131612,0.370516466416519,0.17937230380219735,0.0,0.45011122978128765,1
57,0.819375,0.974453125,0.13828125,0.5671875,0.995078125,0.982421875,4.625,0.88671875,210.9375,0.52109375,5.703125,27.9296875,20.171875,7.2578125,49.84375,receiver,feedback,reference_manifest,reference_manifest,0.368961259061768,0.45011122978128765,0.011847213851236304,0.02300612073119047,0.004371162938926165,1841.0750467795253,1.7979248503706302,1553.3760718275323,1.5169688201440745,6.924929685185186,0.44523657954716117,0.0,0.17704234099318414,0.0,0.0023299628090131612,0.370516466416519,0.17937230380219735,0.0,0.45011122978128765,2
58,0.860625,0.984765625,0.10390625,0.5953125,0.998359375,0.9716406249999999,9.875,0.95703125,76.5625,3.6601562500000004,5.859375,46.6796875,21.703125,19.7421875,37.03125,sender,one_way,reference_manifest,reference_manifest,0.478510846288651,0.5758209648949801,0.02527814116970066,0.06366244591430219,0.012095864723717454,9400.624356445327,9.18029722309114,9400.624356445336,9.180297223091149,10.67853206632653,0.0,0.0,0.2548637052890174,0.0,0.0009462587262535581,0.16836907108975008,0.255809964015271,0.0,0.5758209648949801,1
58,0.860625,0.984765625,0.10390625,0.5953125,0.998359375,0.9716406249999999,9.875,0.95703125,76.5625,3.6601562500000004,5.859375,46.6796875,21.703125,19.7421875,37.03125,sender,feedback,reference_manifest,reference_manifest,0.4449744239590941,0.5457758460822124,0.006508213678295887,0.015242045434223158,0.0028959886325024093,7685.314165602213,7.505189614845911,8038.9347091885065,7.850522176941901,14.338688316326532,0.07435571631922963,0.0,0.14853770020813287,0.0015792765382567945,0.000896884949348628,0.30321029222205076,0.15101386169573827,0.0,0.5457758460822124,2
58,0.860625,0.984765625,0.10390625,0.5953125,0.998359375,0.9716406249999999,9.875,0.95703125,76.5625,3.6601562500000004,5.859375,46.6796875,21.703125,19.7421875,37.03125,receiver,one_way,reference_manifest,reference_manifest,0.4454748429397689,0.5465216205256753,0.0062682110072595785,0.014696475336696222,0.0027923303139722913,9400.624356445327,9.18029722309114,9400.624356445336,9.180297223091149,10.67853206632653,0.5436369961208852,0.0,0.14561388467885225,0.0,0.0009462587262535581,0.3069182360692204,0.1465601434051058,0.0,0.5465216205256753,1
58,0.860625,0.984765625,0.10390625,0.5953125,0.998359375,0.9716406249999999,9.875,0.95703125,76.5625,3.6601562500000004,5.859375,46.6796875,21.703125,19.7421875,37.03125,receiver,feedback,reference_manifest,reference_manifest,0.4454748429397689,0.5465216205256753,0.0062682110072595785,0.014696475336696222,0.0027923303139722913,3257.6404040318675,3.1812894570623707,2585.268382757388,2.5246761550365115,14.236288316326531,0.5436369961208852,0.0,0.14561388467885225,0.0,0.0009462587262535581,0.3069182360692204,0.1465601434051058,0.0,0.5465216205256753,2
59,0.954375,0.999296875,0.13515624999999998,0.0328125,0.9777343749999999,0.9838281249999999,17.875,1.09765625,223.4375,1.1335937500000002,8.984375,41.6015625,20.390625,20.2734375,46.40625,sender,one_way,reference_manifest,reference_manifest,0.5576494987014154,0.6651557567419997,0.03384444132801006,0.09933334600207519,0.01887333574039428,18528.5604392578,18.094297303962694,18528.56043925781,18.094297303962705,10.813572666083916,0.0,0.0,0.0785137336334373,0.0,0.015147374404432312,0.24118313522012855,0.09366110803786969,0.0,0.6651557567419997,1
59,0.954375,0.999296875,0.13515624999999998,0.0328125,0.9777343749999999,0.9838281249999999,17.875,1.09765625,223.4375,1.1335937500000002,8.984375,41.6015625,20.390625,20.2734375,46.40625,sender,feedback,reference_manifest,reference_manifest,0.45717261212401633,0.559473113794086,0.0087480961123727,0.021049420793712532,0.00399938995080538,15225.142468931397,14.868303192315818,15874.434525337536,15.502377466149937,11.947166416083917,0.05237784139472531,0.0,0.006587814042567311,0.0,0.01274069815671714,0.42119837400662763,0.019328512199284435,0.0,0.559473113794086,2
59,0.954375,0.999296875,0.13515624999999998,0.0328125,0.9777343749999999,0.9838281249999999,17.875,1.09765625,223.4375,1.1335937500000002,8.984375,41.6015625,20.390625,20.2734375,46.40625,receiver,one_way,reference_manifest,reference_manifest,0.45552100285525404,0.5577359338456845,0.008243080816718089,0.019762612843412276,0.0037548964402483306,18528.5604392578,18.094297303962694,18528.56043925781,18.094297303962705,10.813572666083916,0.5564009380124069,0.0,0.007033317237047413,0.0,0.015147374404432312,0.42008337451283373,0.022180691641479726,0.0,0.5577359338456845,1
59,0.954375,0.999296875,0.13515624999999998,0.0328125,0.9777343749999999,0.9838281249999999,17.875,1.09765625,223.4375,1.1335937500000002,8.984375,41.6015625,20.390625,20.2734375,46.40625,receiver,feedback,reference_manifest,reference_manifest,0.45552100285525404,0.5577359338456845,0.008243080816718089,0.019762612843412276,0.0037548964402483306,6775.527474809023,6.616726049618187,5504.976422617194,5.375953537712103,11.9069225,0.5564009380124069,0.0,0.007033317237047413,0.0,0.015147374404432312,0.42008337451283373,0.022180691641479726,0.0,0.5577359338456845,2
60,0.931875,0.992265625,0.08359375,0.4171875,0.984765625,0.981953125,6.125,0.55859375,242.1875,2.4351562500000004,9.140625,25.1953125,16.015625,20.5390625,43.28125,sender,one_way,reference_manifest,reference_manifest,0.5844191364846073,0.7070989293332076,0.019966840570795355,0.061415809077421314,0.011669003724710044,6328.424570507825,6.1801021196365475,6328.424570507838,6.180102119636561,11.801854024193549,0.0,0.0,0.13334409872805206,0.0,0.010938856899641069,0.1486181150391012,0.14428295562769342,0.0,0.7070989293332076,1
60,0.931875,0.992265625,0.08359375,0.4171875,0.984765625,0.981953125,6.125,0.55859375,242.1875,2.4351562500000004,9.140625,25.1953125,16.015625,20.5390625,43.28125,sender,feedback,reference_manifest,reference_manifest,0.5388934462585593,0.6626701642759539,0.003953681771099713,0.011213753658092473,0.002130613195037569,5331.372445003492,5.206418403323723,5649.733508655986,5.517317879546861,14.23701027419355,0.0617792473106994,0.0,0.0545176058906463,0.0,0.010251541613154395,0.2725606882202471,0.06476914750380071,0.0,0.6626701642759539,2
60,0.931875,0.992265625,0.08359375,0.4171875,0.984765625,0.981953125,6.125,0.55859375,242.1875,2.4351562500000004,9.140625,25.1953125,16.015625,20.5390625,43.28125,receiver,one_way,reference_manifest,reference_manifest,0.5380567500661637,0.6618536279780598,0.003634024484769795,0.010291112652295273,0.001955311403936101,6328.424570507825,6.1801021196365475,6328.424570507838,6.180102119636561,11.801854024193549,0.660282901087687,0.0,0.05429183186390219,0.0,0.010938856899641069,0.27291568325839827,0.06523068876354325,0.0,0.6618536279780598,1
60,0.931875,0.992265625,0.08359375,0.4171875,0.984765625,0.981953125,6.125,0.55859375,242.1875,2.4351562500000004,9.140625,25.1953125,16.015625,20.5390625,43.28125,receiver,feedback,reference_manifest,reference_manifest,0.5380567500661637,0.6618536279780598,0.003634024484769795,0.010291112652295273,0.001955311403936101,1848.8237089543577,1.80549190327574,1355.6878090436364,1.3239138760191762,14.218115822580646,0.660282901087687,0.0,0.05429183186390219,0.0,0.010938856899641069,0.27291568325839827,0.06523068876354325,0.0,0.6618536279780598,2
61,0.988125,0.973984375,0.06484375,0.5015625,0.973984375,0.993203125,18.875,1.96484375,139.0625,0.21484375,13.515625,36.1328125,18.203125,17.6171875,33.59375,sender,one_way,reference_manifest,reference_manifest,0.6489324236462056,0.7889475022388064,0.015232628965016141,0.0520260359619543,0.009884946832771318,20538.006747070373,20.05664721393591,20538.006747070325,20.056647213935864,14.958118188202247,0.0,0.0,0.06906028864301923,0.0,0.021073194693632977,0.12091901442453919,0.09013348333665232,0.0,0.7889475022388064,1
61,0.988125,0.973984375,0.06484375,0.5015625,0.973984375,0.993203125,18.875,1.96484375,139.0625,0.21484375,13.515625,36.1328125,18.203125,17.6171875,33.59375,sender,feedback,reference_manifest,reference_manifest,0.6012626420173144,0.740777950680654,0.002049856218986834,0.006486852452545507,0.0012325019659836464,17626.98661984935,17.213854120946632,18857.09066384912,18.415127601415158,15.172961938202247,0.04747006997434969,0.0,0.012636693744809246,0.000345658553584082,0.019786561127509216,0.22645313589344224,0.03276891342590251,0.0,0.740777950680654,2
61,0.988125,0.973984375,0.06484375,0.5015625,0.973984375,0.993203125,18.875,1.96484375,139.0625,0.21484375,13.515625,36.1328125,18.203125,17.6171875,33.59375,receiver,one_way,reference_manifest,reference_manifest,0.6012438425628279,0.7407872776846631,0.002006087302463531,0.006348145464471954,0.0012061476382496713,20538.006747070373,20.05664721393591,20538.006747070325,20.056647213935864,14.958118188202247,0.7399904362901745,0.0,0.01372850561808539,0.0,0.021073194693632977,0.22441102200361704,0.03480170031171831,0.0,0.7407872776846631,1
61,0.988125,0.973984375,0.06484375,0.5015625,0.973984375,0.993203125,18.875,1.96484375,139.0625,0.21484375,13.515625,36.1328125,18.203125,17.6171875,33.59375,receiver,feedback,reference_manifest,reference_manifest,0.6012438425628279,0.7407872776846631,0.002006087302463531,0.006348145464471954,0.0012061476382496713,4985.049542199267,4.868212443553972,3266.1702577401607,3.1896193923243756,14.061059016853932,0.7399904362901745,0.0,0.01372850561808539,0.0,0.021073194693632977,0.22441102200361704,0.03480170031171831,0.0,0.7407872776846631,2
62,0.834375,0.994140625,0.12265625,0.0046875,0.9838281249999999,0.9866406249999999,11.375,1.98828125,129.6875,3.04765625,10.078125,39.6484375,14.484375,12.8359375,30.78125,sender,one_way,reference_manifest,reference_manifest,0.43526203676252734,0.5210471391965769,0.030358388504509767,0.06954660007000503,0.013213854013301017,11350.687573242194,11.08465583324433,11350.687573242209,11.084655833244344,13.969902695783134,0.0,0.0,0.2772561013007664,0.0,0.008564818376375112,0.19313194112628448,0.2858209196771415,0.0,0.5210471391965769,1
62,0.834375,0.994140625,0.12265625,0.0046875,0.9838281249999999,0.9866406249999999,11.375,1.98828125,129.6875,3.04765625,10.078125,39.6484375,14.484375,12.8359375,30.78125,sender,feedback,reference_manifest,reference_manifest,0.0,0.0,0.0,0.0,0.0,10505.99743374658,10.259763118893144,11051.880601944864,10.792852150336781,,0.0,0.0,0.04512528166474594,0.7511718714806542,0.0,0.20370284685460183,0.7962971531454,0.0,0.0,2
62,0.834375,0.994140625,0.12265625,0.0046875,0.9838281249999999,0.9866406249999999,11.375,1.98828125,129.6875,3.04765625,10.078125,39.6484375,14.484375,12.8359375,30.78125,receiver,one_way,reference_manifest,reference_manifest,0.4875127278999545,0.594214010656288,0.012716343417467956,0.032628311938749495,0.006199379268362433,11350.687573242194,11.08465583324433,11350.687573242209,11.084655833244344,13.969902695783134,0.5792014025963449,0.0,0.05079262270491062,0.0,0.008564818376375112,0.3464285482624284,0.05935744108128575,0.0,0.594214010656288,1
62,0.834375,0.994140625,0.12265625,0.0046875,0.9838281249999999,0.9866406249999999,11.375,1.98828125,129.6875,3.04765625,10.078125,39.6484375,14.484375,12.8359375,30.78125,receiver,feedback,reference_manifest,reference_manifest,0.3392475469817231,0.41491292622052817,0.009338539869432635,0.016674088121558038,0.0031680767430960423,4895.358397054992,4.780623434624015,4193.64246335836,4.095353968123399,16.1734375,0.41491292622052817,0.0,0.04527818657084512,0.32966513553840227,0.0068202156537480844,0.20332353601647873,0.38176353776299526,0.0,0.41491292622052817,2
63,0.9768749999999999,0.975390625,0.08203125,0.4359375,0.990390625,0.978203125,10.625,1.87109375,60.9375,1.43984375,10.390625,47.4609375,10.765625,15.7578125,44.84375,sender,one_way,reference_manifest,reference_manifest,0.6259854394879324,0.7577003003557948,0.0195662637293271,0.0644641905249449,0.012248196199739615,12192.47303613282,11.906711949348457,12192.473036132842,11.906711949348479,13.510353878205128,0.0,0.0,0.08473291571245224,0.0,0.007351671290034166,0.1502151126417205,0.09208458700248646,0.0,0.7577003003557948,1
63,0.9768749999999999,0.975390625,0.08203125,0.4359375,0.990390625,0.978203125,10.625,1.87109375,60.9375,1.43984375,10.390625,47.4609375,10.765625,15.7578125,44.84375,sender,feedback,reference_manifest,reference_manifest,0.5668079852107419,0.6972645116556889,0.00357039918709407,0.01065121457702551,0.0020237307696348607,10325.532215793046,10.083527554485396,10967.99013524481,10.71092786645001,14.950197628205128,0.05200312426575585,0.0,0.020991759676871252,0.0,0.0067652863401159655,0.274978442327326,0.027757046016987218,0.0,0.6972645116556889,2
63,0.9768749999999999,0.975390625,0.08203125,0.4359375,0.990390625,0.978203125,10.625,1.87109375,60.9375,1.43984375,10.390625,47.4609375,10.765625,15.7578125,44.84375,receiver,one_way,reference_manifest,reference_manifest,0.5654893597220958,0.6959178472481071,0.0031758395100706907,0.009452123426999984,0.0017959034511300094,12192.47303613282,11.906711949348457,12192.473036132842,11.906711949348479,13.510353878205128,0.6948618389071369,0.0,0.020197604230696775,0.0,0.007351671290034166,0.27653287723116377,0.027549275520730936,0.0,0.6959178472481071,1
63,0.9768749999999999,0.975390625,0.08203125,0.4359375,0.990390625,0.978203125,10.625,1.87109375,60.9375,1.43984375,10.390625,47.4609375,10.765625,15.7578125,44.84375,receiver,feedback,reference_manifest,reference_manifest,0.5654893597220958,0.6959178472481071,0.0031758395100706907,0.009452123426999984,0.0017959034511300094,3477.205659316411,3.3957086516761827,2517.4270855615896,2.45842488824374,14.698661217948718,0.6948618389071369,0.0,0.020197604230696775,0.0,0.007351671290034166,0.27653287723116377,0.027549275520730936,0.0,0.6959178472481071,2
