finalizer,fixed_per_logical_message_latency_ms,decision_deadline_ms,coverage_floor,selective_error_ceiling,selected_interaction,selection_basis,one_way_unconditional_coverage,feedback_unconditional_coverage,one_way_selective_error,feedback_selective_error,one_way_evidence_payload_bytes,feedback_evidence_payload_bytes,one_way_logical_message_count,feedback_logical_message_count,baseline_operating_point
sender,0.0,10.0,0.4,0.0075,infeasible,no_communication_case_meets_requirements,0.0,0.0,0.0,0.0,10036.224000000031,8654.465501386492,1,2,False
sender,0.25,10.0,0.4,0.0075,infeasible,no_communication_case_meets_requirements,0.0,0.0,0.0,0.0,10036.224000000031,8654.465501386492,1,2,False
sender,0.5,10.0,0.4,0.0075,infeasible,no_communication_case_meets_requirements,0.0,0.0,0.0,0.0,10036.224000000031,8654.465501386492,1,2,False
sender,0.75,10.0,0.4,0.0075,infeasible,no_communication_case_meets_requirements,0.0,0.0,0.0,0.0,10036.224000000031,8654.465501386492,1,2,False
sender,1.0,10.0,0.4,0.0075,infeasible,no_communication_case_meets_requirements,0.0,0.0,0.0,0.0,10036.224000000031,8654.465501386492,1,2,False
sender,1.25,10.0,0.4,0.0075,infeasible,no_communication_case_meets_requirements,0.0,0.0,0.0,0.0,10036.224000000031,8654.465501386492,1,2,False
sender,1.5,10.0,0.4,0.0075,infeasible,no_communication_case_meets_requirements,0.0,0.0,0.0,0.0,10036.224000000031,8654.465501386492,1,2,False
sender,1.75,10.0,0.4,0.0075,infeasible,no_communication_case_meets_requirements,0.0,0.0,0.0,0.0,10036.224000000031,8654.465501386492,1,2,False
sender,2.0,10.0,0.4,0.0075,infeasible,no_communication_case_meets_requirements,0.0,0.0,0.0,0.0,10036.224000000031,8654.465501386492,1,2,False
sender,2.25,10.0,0.4,0.0075,infeasible,no_communication_case_meets_requirements,0.0,0.0,0.0,0.0,10036.224000000031,8654.465501386492,1,2,False
sender,2.5,10.0,0.4,0.0075,infeasible,no_communication_case_meets_requirements,0.0,0.0,0.0,0.0,10036.224000000031,8654.465501386492,1,2,False
sender,2.75,10.0,0.4,0.0075,infeasible,no_communication_case_meets_requirements,0.0,0.0,0.0,0.0,10036.224000000031,8654.465501386492,1,2,False
sender,3.0,10.0,0.4,0.0075,infeasible,no_communication_case_meets_requirements,0.0,0.0,0.0,0.0,10036.224000000031,8654.465501386492,1,2,False
sender,3.25,10.0,0.4,0.0075,infeasible,no_communication_case_meets_requirements,0.0,0.0,0.0,0.0,10036.224000000031,8654.465501386492,1,2,False
sender,3.5,10.0,0.4,0.0075,infeasible,no_communication_case_meets_requirements,0.0,0.0,0.0,0.0,10036.224000000031,8654.465501386492,1,2,False
sender,3.75,10.0,0.4,0.0075,infeasible,no_communication_case_meets_requirements,0.0,0.0,0.0,0.0,10036.224000000031,8654.465501386492,1,2,False
sender,4.0,10.0,0.4,0.0075,infeasible,no_communication_case_meets_requirements,0.0,0.0,0.0,0.0,10036.224000000031,8654.465501386492,1,2,False
sender,4.25,10.0,0.4,0.0075,infeasible,no_communication_case_meets_requirements,0.0,0.0,0.0,0.0,10036.224000000031,8654.465501386492,1,2,False
sender,4.5,10.0,0.4,0.0075,infeasible,no_communication_case_meets_requirements,0.0,0.0,0.0,0.0,10036.224000000031,8654.465501386492,1,2,False
sender,4.75,10.0,0.4,0.0075,infeasible,no_communication_case_meets_requirements,0.0,0.0,0.0,0.0,10036.224000000031,8654.465501386492,1,2,False
sender,5.0,10.0,0.4,0.0075,infeasible,no_communication_case_meets_requirements,0.0,0.0,0.0,0.0,10036.224000000031,8654.465501386492,1,2,False
sender,5.25,10.0,0.4,0.0075,infeasible,no_communication_case_meets_requirements,0.0,0.0,0.0,0.0,10036.224000000031,8654.465501386492,1,2,False
sender,5.5,10.0,0.4,0.0075,infeasible,no_communication_case_meets_requirements,0.0,0.0,0.0,0.0,10036.224000000031,8654.465501386492,1,2,False
sender,5.75,10.0,0.4,0.0075,infeasible,no_communication_case_meets_requirements,0.0,0.0,0.0,0.0,10036.224000000031,8654.465501386492,1,2,False
sender,6.0,10.0,0.4,0.0075,infeasible,no_communication_case_meets_requirements,0.0,0.0,0.0,0.0,10036.224000000031,8654.465501386492,1,2,False
sender,6.25,10.0,0.4,0.0075,infeasible,no_communication_case_meets_requirements,0.0,0.0,0.0,0.0,10036.224000000031,8654.465501386492,1,2,False
sender,6.5,10.0,0.4,0.0075,infeasible,no_communication_case_meets_requirements,0.0,0.0,0.0,0.0,10036.224000000031,8654.465501386492,1,2,False
sender,6.75,10.0,0.4,0.0075,infeasible,no_communication_case_meets_requirements,0.0,0.0,0.0,0.0,10036.224000000031,8654.465501386492,1,2,False
sender,7.0,10.0,0.4,0.0075,infeasible,no_communication_case_meets_requirements,0.0,0.0,0.0,0.0,10036.224000000031,8654.465501386492,1,2,False
sender,7.25,10.0,0.4,0.0075,infeasible,no_communication_case_meets_requirements,0.0,0.0,0.0,0.0,10036.224000000031,8654.465501386492,1,2,False
sender,7.5,10.0,0.4,0.0075,infeasible,no_communication_case_meets_requirements,0.0,0.0,0.0,0.0,10036.224000000031,8654.465501386492,1,2,False
sender,7.75,10.0,0.4,0.0075,infeasible,no_communication_case_meets_requirements,0.0,0.0,0.0,0.0,10036.224000000031,8654.465501386492,1,2,False
sender,8.0,10.0,0.4,0.0075,infeasible,no_communication_case_meets_requirements,0.0,0.0,0.0,0.0,10036.224000000031,8654.465501386492,1,2,False
sender,0.0,10.5,0.4,0.0075,infeasible,no_communication_case_meets_requirements,0.0,0.0,0.0,0.0,10036.224000000031,8654.465501386492,1,2,False
sender,0.25,10.5,0.4,0.0075,infeasible,no_communication_case_meets_requirements,0.0,0.0,0.0,0.0,10036.224000000031,8654.465501386492,1,2,False
sender,0.5,10.5,0.4,0.0075,infeasible,no_communication_case_meets_requirements,0.0,0.0,0.0,0.0,10036.224000000031,8654.465501386492,1,2,False
sender,0.75,10.5,0.4,0.0075,infeasible,no_communication_case_meets_requirements,0.0,0.0,0.0,0.0,10036.224000000031,8654.465501386492,1,2,False
sender,1.0,10.5,0.4,0.0075,infeasible,no_communication_case_meets_requirements,0.0,0.0,0.0,0.0,10036.224000000031,8654.465501386492,1,2,False
sender,1.25,10.5,0.4,0.0075,infeasible,no_communication_case_meets_requirements,0.0,0.0,0.0,0.0,10036.224000000031,8654.465501386492,1,2,False
sender,1.5,10.5,0.4,0.0075,infeasible,no_communication_case_meets_requirements,0.0,0.0,0.0,0.0,10036.224000000031,8654.465501386492,1,2,False
sender,1.75,10.5,0.4,0.0075,infeasible,no_communication_case_meets_requirements,0.0,0.0,0.0,0.0,10036.224000000031,8654.465501386492,1,2,False
sender,2.0,10.5,0.4,0.0075,infeasible,no_communication_case_meets_requirements,0.0,0.0,0.0,0.0,10036.224000000031,8654.465501386492,1,2,False
sender,2.25,10.5,0.4,0.0075,infeasible,no_communication_case_meets_requirements,0.0,0.0,0.0,0.0,10036.224000000031,8654.465501386492,1,2,False
sender,2.5,10.5,0.4,0.0075,infeasible,no_communication_case_meets_requirements,0.0,0.0,0.0,0.0,10036.224000000031,8654.465501386492,1,2,False
sender,2.75,10.5,0.4,0.0075,infeasible,no_communication_case_meets_requirements,0.0,0.0,0.0,0.0,10036.224000000031,8654.465501386492,1,2,False
sender,3.0,10.5,0.4,0.0075,infeasible,no_communication_case_meets_requirements,0.0,0.0,0.0,0.0,10036.224000000031,8654.465501386492,1,2,False
sender,3.25,10.5,0.4,0.0075,infeasible,no_communication_case_meets_requirements,0.0,0.0,0.0,0.0,10036.224000000031,8654.465501386492,1,2,False
sender,3.5,10.5,0.4,0.0075,infeasible,no_communication_case_meets_requirements,0.0,0.0,0.0,0.0,10036.224000000031,8654.465501386492,1,2,False
sender,3.75,10.5,0.4,0.0075,infeasible,no_communication_case_meets_requirements,0.0,0.0,0.0,0.0,10036.224000000031,8654.465501386492,1,2,False
sender,4.0,10.5,0.4,0.0075,infeasible,no_communication_case_meets_requirements,0.0,0.0,0.0,0.0,10036.224000000031,8654.465501386492,1,2,False
sender,4.25,10.5,0.4,0.0075,infeasible,no_communication_case_meets_requirements,0.0,0.0,0.0,0.0,10036.224000000031,8654.465501386492,1,2,False
sender,4.5,10.5,0.4,0.0075,infeasible,no_communication_case_meets_requirements,0.0,0.0,0.0,0.0,10036.224000000031,8654.465501386492,1,2,False
sender,4.75,10.5,0.4,0.0075,infeasible,no_communication_case_meets_requirements,0.0,0.0,0.0,0.0,10036.224000000031,8654.465501386492,1,2,False
sender,5.0,10.5,0.4,0.0075,infeasible,no_communication_case_meets_requirements,0.0,0.0,0.0,0.0,10036.224000000031,8654.465501386492,1,2,False
sender,5.25,10.5,0.4,0.0075,infeasible,no_communication_case_meets_requirements,0.0,0.0,0.0,0.0,10036.224000000031,8654.465501386492,1,2,False
sender,5.5,10.5,0.4,0.0075,infeasible,no_communication_case_meets_requirements,0.0,0.0,0.0,0.0,10036.224000000031,8654.465501386492,1,2,False
sender,5.75,10.5,0.4,0.0075,infeasible,no_communication_case_meets_requirements,0.0,0.0,0.0,0.0,10036.224000000031,8654.465501386492,1,2,False
sender,6.0,10.5,0.4,0.0075,infeasible,no_communication_case_meets_requirements,0.0,0.0,0.0,0.0,10036.224000000031,8654.465501386492,1,2,False
sender,6.25,10.5,0.4,0.0075,infeasible,no_communication_case_meets_requirements,0.0,0.0,0.0,0.0,10036.224000000031,8654.465501386492,1,2,False
sender,6.5,10.5,0.4,0.0075,infeasible,no_communication_case_meets_requirements,0.0,0.0,0.0,0.0,10036.224000000031,8654.465501386492,1,2,False
sender,6.75,10.5,0.4,0.0075,infeasible,no_communication_case_meets_requirements,0.0,0.0,0.0,0.0,10036.224000000031,8654.465501386492,1,2,False
sender,7.0,10.5,0.4,0.0075,infeasible,no_communication_case_meets_requirements,0.0,0.0,0.0,0.0,10036.224000000031,8654.465501386492,1,2,False
sender,7.25,10.5,0.4,0.0075,infeasible,no_communication_case_meets_requirements,0.0,0.0,0.0,0.0,10036.224000000031,8654.465501386492,1,2,False
sender,7.5,10.5,0.4,0.0075,infeasible,no_communication_case_meets_requirements,0.0,0.0,0.0,0.0,10036.224000000031,8654.465501386492,1,2,False
sender,7.75,10.5,0.4,0.0075,infeasible,no_communication_case_meets_requirements,0.0,0.0,0.0,0.0,10036.224000000031,8654.465501386492,1,2,False
sender,8.0,10.5,0.4,0.0075,infeasible,no_communication_case_meets_requirements,0.0,0.0,0.0,0.0,10036.224000000031,8654.465501386492,1,2,False
sender,0.0,11.0,0.4,0.0075,feedback,minimum_traffic_feasible,0.5284675285560001,0.511061665740272,0.024241522903033896,0.006513192094817184,10036.224000000031,8654.465501386492,1,2,False
sender,0.25,11.0,0.4,0.0075,infeasible,no_communication_case_meets_requirements,0.0,0.0,0.0,0.0,10036.224000000031,8654.465501386492,1,2,False
sender,0.5,11.0,0.4,0.0075,infeasible,no_communication_case_meets_requirements,0.0,0.0,0.0,0.0,10036.224000000031,8654.465501386492,1,2,False
sender,0.75,11.0,0.4,0.0075,infeasible,no_communication_case_meets_requirements,0.0,0.0,0.0,0.0,10036.224000000031,8654.465501386492,1,2,False
sender,1.0,11.0,0.4,0.0075,infeasible,no_communication_case_meets_requirements,0.0,0.0,0.0,0.0,10036.224000000031,8654.465501386492,1,2,False
sender,1.25,11.0,0.4,0.0075,infeasible,no_communication_case_meets_requirements,0.0,0.0,0.0,0.0,10036.224000000031,8654.465501386492,1,2,False
sender,1.5,11.0,0.4,0.0075,infeasible,no_communication_case_meets_requirements,0.0,0.0,0.0,0.0,10036.224000000031,8654.465501386492,1,2,False
sender,1.75,11.0,0.4,0.0075,infeasible,no_communication_case_meets_requirements,0.0,0.0,0.0,0.0,10036.224000000031,8654.465501386492,1,2,False
sender,2.0,11.0,0.4,0.0075,infeasible,no_communication_case_meets_requirements,0.0,0.0,0.0,0.0,10036.224000000031,8654.465501386492,1,2,False
sender,2.25,11.0,0.4,0.0075,infeasible,no_communication_case_meets_requirements,0.0,0.0,0.0,0.0,10036.224000000031,8654.465501386492,1,2,False
sender,2.5,11.0,0.4,0.0075,infeasible,no_communication_case_meets_requirements,0.0,0.0,0.0,0.0,10036.224000000031,8654.465501386492,1,2,False
sender,2.75,11.0,0.4,0.0075,infeasible,no_communication_case_meets_requirements,0.0,0.0,0.0,0.0,10036.224000000031,8654.465501386492,1,2,False
sender,3.0,11.0,0.4,0.0075,infeasible,no_communication_case_meets_requirements,0.0,0.0,0.0,0.0,10036.224000000031,8654.465501386492,1,2,False
sender,3.25,11.0,0.4,0.0075,infeasible,no_communication_case_meets_requirements,0.0,0.0,0.0,0.0,10036.224000000031,8654.465501386492,1,2,False
sender,3.5,11.0,0.4,0.0075,infeasible,no_communication_case_meets_requirements,0.0,0.0,0.0,0.0,10036.224000000031,8654.465501386492,1,2,False
sender,3.75,11.0,0.4,0.0075,infeasible,no_communication_case_meets_requirements,0.0,0.0,0.0,0.0,10036.224000000031,8654.465501386492,1,2,False
sender,4.0,11.0,0.4,0.0075,infeasible,no_communication_case_meets_requirements,0.0,0.0,0.0,0.0,10036.224000000031,8654.465501386492,1,2,False
sender,4.25,11.0,0.4,0.0075,infeasible,no_communication_case_meets_requirements,0.0,0.0,0.0,0.0,10036.224000000031,8654.465501386492,1,2,False
sender,4.5,11.0,0.4,0.0075,infeasible,no_communication_case_meets_requirements,0.0,0.0,0.0,0.0,10036.224000000031,8654.465501386492,1,2,False
sender,4.75,11.0,0.4,0.0075,infeasible,no_communication_case_meets_requirements,0.0,0.0,0.0,0.0,10036.224000000031,8654.465501386492,1,2,False
sender,5.0,11.0,0.4,0.0075,infeasible,no_communication_case_meets_requirements,0.0,0.0,0.0,0.0,10036.224000000031,8654.465501386492,1,2,False
sender,5.25,11.0,0.4,0.0075,infeasible,no_communication_case_meets_requirements,0.0,0.0,0.0,0.0,10036.224000000031,8654.465501386492,1,2,False
sender,5.5,11.0,0.4,0.0075,infeasible,no_communication_case_meets_requirements,0.0,0.0,0.0,0.0,10036.224000000031,8654.465501386492,1,2,False
sender,5.75,11.0,0.4,0.0075,infeasible,no_communication_case_meets_requirements,0.0,0.0,0.0,0.0,10036.224000000031,8654.465501386492,1,2,False
sender,6.0,11.0,0.4,0.0075,infeasible,no_communication_case_meets_requirements,0.0,0.0,0.0,0.0,10036.224000000031,8654.465501386492,1,2,False
sender,6.25,11.0,0.4,0.0075,infeasible,no_communication_case_meets_requirements,0.0,0.0,0.0,0.0,10036.224000000031,8654.465501386492,1,2,False
sender,6.5,11.0,0.4,0.0075,infeasible,no_communication_case_meets_requirements,0.0,0.0,0.0,0.0,10036.224000000031,8654.465501386492,1,2,False
sender,6.75,11.0,0.4,0.0075,infeasible,no_communication_case_meets_requirements,0.0,0.0,0.0,0.0,10036.224000000031,8654.465501386492,1,2,False
sender,7.0,11.0,0.4,0.0075,infeasible,no_communication_case_meets_requirements,0.0,0.0,0.0,0.0,10036.224000000031,8654.465501386492,1,2,False
sender,7.25,11.0,0.4,0.0075,infeasible,no_communication_case_meets_requirements,0.0,0.0,0.0,0.0,10036.224000000031,8654.465501386492,1,2,False
sender,7.5,11.0,0.4,0.0075,infeasible,no_communication_case_meets_requirements,0.0,0.0,0.0,0.0,10036.224000000031,8654.465501386492,1,2,False
sender,7.75,11.0,0.4,0.0075,infeasible,no_communication_case_meets_requirements,0.0,0.0,0.0,0.0,10036.224000000031,8654.465501386492,1,2,False
sender,8.0,11.0,0.4,0.0075,infeasible,no_communication_case_meets_requirements,0.0,0.0,0.0,0.0,10036.224000000031,8654.465501386492,1,2,False
sender,0.0,11.5,0.4,0.0075,feedback,minimum_traffic_feasible,0.5284675285560001,0.511061665740272,0.024241522903033896,0.006513192094817184,10036.224000000031,8654.465501386492,1,2,False
sender,0.25,11.5,0.4,0.0075,feedback,minimum_traffic_feasible,0.5284675285560001,0.511061665740272,0.024241522903033896,0.006513192094817184,10036.224000000031,8654.465501386492,1,2,False
sender,0.5,11.5,0.4,0.0075,infeasible,no_communication_case_meets_requirements,0.5284675285560001,0.0,0.024241522903033896,0.0,10036.224000000031,8654.465501386492,1,2,False
sender,0.75,11.5,0.4,0.0075,infeasible,no_communication_case_meets_requirements,0.0,0.0,0.0,0.0,10036.224000000031,8654.465501386492,1,2,False
sender,1.0,11.5,0.4,0.0075,infeasible,no_communication_case_meets_requirements,0.0,0.0,0.0,0.0,10036.224000000031,8654.465501386492,1,2,False
sender,1.25,11.5,0.4,0.0075,infeasible,no_communication_case_meets_requirements,0.0,0.0,0.0,0.0,10036.224000000031,8654.465501386492,1,2,False
sender,1.5,11.5,0.4,0.0075,infeasible,no_communication_case_meets_requirements,0.0,0.0,0.0,0.0,10036.224000000031,8654.465501386492,1,2,False
sender,1.75,11.5,0.4,0.0075,infeasible,no_communication_case_meets_requirements,0.0,0.0,0.0,0.0,10036.224000000031,8654.465501386492,1,2,False
sender,2.0,11.5,0.4,0.0075,infeasible,no_communication_case_meets_requirements,0.0,0.0,0.0,0.0,10036.224000000031,8654.465501386492,1,2,False
sender,2.25,11.5,0.4,0.0075,infeasible,no_communication_case_meets_requirements,0.0,0.0,0.0,0.0,10036.224000000031,8654.465501386492,1,2,False
sender,2.5,11.5,0.4,0.0075,infeasible,no_communication_case_meets_requirements,0.0,0.0,0.0,0.0,10036.224000000031,8654.465501386492,1,2,False
sender,2.75,11.5,0.4,0.0075,infeasible,no_communication_case_meets_requirements,0.0,0.0,0.0,0.0,10036.224000000031,8654.465501386492,1,2,False
sender,3.0,11.5,0.4,0.0075,infeasible,no_communication_case_meets_requirements,0.0,0.0,0.0,0.0,10036.224000000031,8654.465501386492,1,2,False
sender,3.25,11.5,0.4,0.0075,infeasible,no_communication_case_meets_requirements,0.0,0.0,0.0,0.0,10036.224000000031,8654.465501386492,1,2,False
sender,3.5,11.5,0.4,0.0075,infeasible,no_communication_case_meets_requirements,0.0,0.0,0.0,0.0,10036.224000000031,8654.465501386492,1,2,False
sender,3.75,11.5,0.4,0.0075,infeasible,no_communication_case_meets_requirements,0.0,0.0,0.0,0.0,10036.224000000031,8654.465501386492,1,2,False
sender,4.0,11.5,0.4,0.0075,infeasible,no_communication_case_meets_requirements,0.0,0.0,0.0,0.0,10036.224000000031,8654.465501386492,1,2,False
sender,4.25,11.5,0.4,0.0075,infeasible,no_communication_case_meets_requirements,0.0,0.0,0.0,0.0,10036.224000000031,8654.465501386492,1,2,False
sender,4.5,11.5,0.4,0.0075,infeasible,no_communication_case_meets_requirements,0.0,0.0,0.0,0.0,10036.224000000031,8654.465501386492,1,2,False
sender,4.75,11.5,0.4,0.0075,infeasible,no_communication_case_meets_requirements,0.0,0.0,0.0,0.0,10036.224000000031,8654.465501386492,1,2,False
sender,5.0,11.5,0.4,0.0075,infeasible,no_communication_case_meets_requirements,0.0,0.0,0.0,0.0,10036.224000000031,8654.465501386492,1,2,False
sender,5.25,11.5,0.4,0.0075,infeasible,no_communication_case_meets_requirements,0.0,0.0,0.0,0.0,10036.224000000031,8654.465501386492,1,2,False
sender,5.5,11.5,0.4,0.0075,infeasible,no_communication_case_meets_requirements,0.0,0.0,0.0,0.0,10036.224000000031,8654.465501386492,1,2,False
sender,5.75,11.5,0.4,0.0075,infeasible,no_communication_case_meets_requirements,0.0,0.0,0.0,0.0,10036.224000000031,8654.465501386492,1,2,False
sender,6.0,11.5,0.4,0.0075,infeasible,no_communication_case_meets_requirements,0.0,0.0,0.0,0.0,10036.224000000031,8654.465501386492,1,2,False
sender,6.25,11.5,0.4,0.0075,infeasible,no_communication_case_meets_requirements,0.0,0.0,0.0,0.0,10036.224000000031,8654.465501386492,1,2,False
sender,6.5,11.5,0.4,0.0075,infeasible,no_communication_case_meets_requirements,0.0,0.0,0.0,0.0,10036.224000000031,8654.465501386492,1,2,False
sender,6.75,11.5,0.4,0.0075,infeasible,no_communication_case_meets_requirements,0.0,0.0,0.0,0.0,10036.224000000031,8654.465501386492,1,2,False
sender,7.0,11.5,0.4,0.0075,infeasible,no_communication_case_meets_requirements,0.0,0.0,0.0,0.0,10036.224000000031,8654.465501386492,1,2,False
sender,7.25,11.5,0.4,0.0075,infeasible,no_communication_case_meets_requirements,0.0,0.0,0.0,0.0,10036.224000000031,8654.465501386492,1,2,False
sender,7.5,11.5,0.4,0.0075,infeasible,no_communication_case_meets_requirements,0.0,0.0,0.0,0.0,10036.224000000031,8654.465501386492,1,2,False
sender,7.75,11.5,0.4,0.0075,infeasible,no_communication_case_meets_requirements,0.0,0.0,0.0,0.0,10036.224000000031,8654.465501386492,1,2,False
sender,8.0,11.5,0.4,0.0075,infeasible,no_communication_case_meets_requirements,0.0,0.0,0.0,0.0,10036.224000000031,8654.465501386492,1,2,False
sender,0.0,12.0,0.4,0.0075,feedback,minimum_traffic_feasible,0.5284675285560001,0.5115928239419154,0.024241522903033896,0.006621649577619159,10036.224000000031,8654.465501386492,1,2,False
sender,0.25,12.0,0.4,0.0075,feedback,minimum_traffic_feasible,0.5284675285560001,0.511061665740272,0.024241522903033896,0.006513192094817184,10036.224000000031,8654.465501386492,1,2,False
sender,0.5,12.0,0.4,0.0075,feedback,minimum_traffic_feasible,0.5284675285560001,0.511061665740272,0.024241522903033896,0.006513192094817184,10036.224000000031,8654.465501386492,1,2,False
sender,0.75,12.0,0.4,0.0075,infeasible,no_communication_case_meets_requirements,0.5284675285560001,0.0,0.024241522903033896,0.0,10036.224000000031,8654.465501386492,1,2,False
sender,1.0,12.0,0.4,0.0075,infeasible,no_communication_case_meets_requirements,0.5284675285560001,0.0,0.024241522903033896,0.0,10036.224000000031,8654.465501386492,1,2,False
sender,1.25,12.0,0.4,0.0075,infeasible,no_communication_case_meets_requirements,0.0,0.0,0.0,0.0,10036.224000000031,8654.465501386492,1,2,False
sender,1.5,12.0,0.4,0.0075,infeasible,no_communication_case_meets_requirements,0.0,0.0,0.0,0.0,10036.224000000031,8654.465501386492,1,2,False
sender,1.75,12.0,0.4,0.0075,infeasible,no_communication_case_meets_requirements,0.0,0.0,0.0,0.0,10036.224000000031,8654.465501386492,1,2,False
sender,2.0,12.0,0.4,0.0075,infeasible,no_communication_case_meets_requirements,0.0,0.0,0.0,0.0,10036.224000000031,8654.465501386492,1,2,False
sender,2.25,12.0,0.4,0.0075,infeasible,no_communication_case_meets_requirements,0.0,0.0,0.0,0.0,10036.224000000031,8654.465501386492,1,2,False
sender,2.5,12.0,0.4,0.0075,infeasible,no_communication_case_meets_requirements,0.0,0.0,0.0,0.0,10036.224000000031,8654.465501386492,1,2,False
sender,2.75,12.0,0.4,0.0075,infeasible,no_communication_case_meets_requirements,0.0,0.0,0.0,0.0,10036.224000000031,8654.465501386492,1,2,False
sender,3.0,12.0,0.4,0.0075,infeasible,no_communication_case_meets_requirements,0.0,0.0,0.0,0.0,10036.224000000031,8654.465501386492,1,2,False
sender,3.25,12.0,0.4,0.0075,infeasible,no_communication_case_meets_requirements,0.0,0.0,0.0,0.0,10036.224000000031,8654.465501386492,1,2,False
sender,3.5,12.0,0.4,0.0075,infeasible,no_communication_case_meets_requirements,0.0,0.0,0.0,0.0,10036.224000000031,8654.465501386492,1,2,False
sender,3.75,12.0,0.4,0.0075,infeasible,no_communication_case_meets_requirements,0.0,0.0,0.0,0.0,10036.224000000031,8654.465501386492,1,2,False
sender,4.0,12.0,0.4,0.0075,infeasible,no_communication_case_meets_requirements,0.0,0.0,0.0,0.0,10036.224000000031,8654.465501386492,1,2,False
sender,4.25,12.0,0.4,0.0075,infeasible,no_communication_case_meets_requirements,0.0,0.0,0.0,0.0,10036.224000000031,8654.465501386492,1,2,False
sender,4.5,12.0,0.4,0.0075,infeasible,no_communication_case_meets_requirements,0.0,0.0,0.0,0.0,10036.224000000031,8654.465501386492,1,2,False
sender,4.75,12.0,0.4,0.0075,infeasible,no_communication_case_meets_requirements,0.0,0.0,0.0,0.0,10036.224000000031,8654.465501386492,1,2,False
sender,5.0,12.0,0.4,0.0075,infeasible,no_communication_case_meets_requirements,0.0,0.0,0.0,0.0,10036.224000000031,8654.465501386492,1,2,False
sender,5.25,12.0,0.4,0.0075,infeasible,no_communication_case_meets_requirements,0.0,0.0,0.0,0.0,10036.224000000031,8654.465501386492,1,2,False
sender,5.5,12.0,0.4,0.0075,infeasible,no_communication_case_meets_requirements,0.0,0.0,0.0,0.0,10036.224000000031,8654.465501386492,1,2,False
sender,5.75,12.0,0.4,0.0075,infeasible,no_communication_case_meets_requirements,0.0,0.0,0.0,0.0,10036.224000000031,8654.465501386492,1,2,False
sender,6.0,12.0,0.4,0.0075,infeasible,no_communication_case_meets_requirements,0.0,0.0,0.0,0.0,10036.224000000031,8654.465501386492,1,2,False
sender,6.25,12.0,0.4,0.0075,infeasible,no_communication_case_meets_requirements,0.0,0.0,0.0,0.0,10036.224000000031,8654.465501386492,1,2,False
sender,6.5,12.0,0.4,0.0075,infeasible,no_communication_case_meets_requirements,0.0,0.0,0.0,0.0,10036.224000000031,8654.465501386492,1,2,False
sender,6.75,12.0,0.4,0.0075,infeasible,no_communication_case_meets_requirements,0.0,0.0,0.0,0.0,10036.224000000031,8654.465501386492,1,2,False
sender,7.0,12.0,0.4,0.0075,infeasible,no_communication_case_meets_requirements,0.0,0.0,0.0,0.0,10036.224000000031,8654.465501386492,1,2,False
sender,7.25,12.0,0.4,0.0075,infeasible,no_communication_case_meets_requirements,0.0,0.0,0.0,0.0,10036.224000000031,8654.465501386492,1,2,False
sender,7.5,12.0,0.4,0.0075,infeasible,no_communication_case_meets_requirements,0.0,0.0,0.0,0.0,10036.224000000031,8654.465501386492,1,2,False
sender,7.75,12.0,0.4,0.0075,infeasible,no_communication_case_meets_requirements,0.0,0.0,0.0,0.0,10036.224000000031,8654.465501386492,1,2,False
sender,8.0,12.0,0.4,0.0075,infeasible,no_communication_case_meets_requirements,0.0,0.0,0.0,0.0,10036.224000000031,8654.465501386492,1,2,False
sender,0.0,12.5,0.4,0.0075,feedback,minimum_traffic_feasible,0.5284675285560001,0.5115928239419154,0.024241522903033896,0.006621649577619159,10036.224000000031,8654.465501386492,1,2,False
sender,0.25,12.5,0.4,0.0075,feedback,minimum_traffic_feasible,0.5284675285560001,0.5115928239419154,0.024241522903033896,0.006621649577619159,10036.224000000031,8654.465501386492,1,2,False
sender,0.5,12.5,0.4,0.0075,feedback,minimum_traffic_feasible,0.5284675285560001,0.511061665740272,0.024241522903033896,0.006513192094817184,10036.224000000031,8654.465501386492,1,2,False
sender,0.75,12.5,0.4,0.0075,feedback,minimum_traffic_feasible,0.5284675285560001,0.511061665740272,0.024241522903033896,0.006513192094817184,10036.224000000031,8654.465501386492,1,2,False
sender,1.0,12.5,0.4,0.0075,infeasible,no_communication_case_meets_requirements,0.5284675285560001,0.0,0.024241522903033896,0.0,10036.224000000031,8654.465501386492,1,2,False
sender,1.25,12.5,0.4,0.0075,infeasible,no_communication_case_meets_requirements,0.5284675285560001,0.0,0.024241522903033896,0.0,10036.224000000031,8654.465501386492,1,2,False
sender,1.5,12.5,0.4,0.0075,infeasible,no_communication_case_meets_requirements,0.5284675285560001,0.0,0.024241522903033896,0.0,10036.224000000031,8654.465501386492,1,2,False
sender,1.75,12.5,0.4,0.0075,infeasible,no_communication_case_meets_requirements,0.0,0.0,0.0,0.0,10036.224000000031,8654.465501386492,1,2,False
sender,2.0,12.5,0.4,0.0075,infeasible,no_communication_case_meets_requirements,0.0,0.0,0.0,0.0,10036.224000000031,8654.465501386492,1,2,False
sender,2.25,12.5,0.4,0.0075,infeasible,no_communication_case_meets_requirements,0.0,0.0,0.0,0.0,10036.224000000031,8654.465501386492,1,2,False
sender,2.5,12.5,0.4,0.0075,infeasible,no_communication_case_meets_requirements,0.0,0.0,0.0,0.0,10036.224000000031,8654.465501386492,1,2,False
sender,2.75,12.5,0.4,0.0075,infeasible,no_communication_case_meets_requirements,0.0,0.0,0.0,0.0,10036.224000000031,8654.465501386492,1,2,False
sender,3.0,12.5,0.4,0.0075,infeasible,no_communication_case_meets_requirements,0.0,0.0,0.0,0.0,10036.224000000031,8654.465501386492,1,2,False
sender,3.25,12.5,0.4,0.0075,infeasible,no_communication_case_meets_requirements,0.0,0.0,0.0,0.0,10036.224000000031,8654.465501386492,1,2,False
sender,3.5,12.5,0.4,0.0075,infeasible,no_communication_case_meets_requirements,0.0,0.0,0.0,0.0,10036.224000000031,8654.465501386492,1,2,False
sender,3.75,12.5,0.4,0.0075,infeasible,no_communication_case_meets_requirements,0.0,0.0,0.0,0.0,10036.224000000031,8654.465501386492,1,2,False
sender,4.0,12.5,0.4,0.0075,infeasible,no_communication_case_meets_requirements,0.0,0.0,0.0,0.0,10036.224000000031,8654.465501386492,1,2,False
sender,4.25,12.5,0.4,0.0075,infeasible,no_communication_case_meets_requirements,0.0,0.0,0.0,0.0,10036.224000000031,8654.465501386492,1,2,False
sender,4.5,12.5,0.4,0.0075,infeasible,no_communication_case_meets_requirements,0.0,0.0,0.0,0.0,10036.224000000031,8654.465501386492,1,2,False
sender,4.75,12.5,0.4,0.0075,infeasible,no_communication_case_meets_requirements,0.0,0.0,0.0,0.0,10036.224000000031,8654.465501386492,1,2,False
sender,5.0,12.5,0.4,0.0075,infeasible,no_communication_case_meets_requirements,0.0,0.0,0.0,0.0,10036.224000000031,8654.465501386492,1,2,False
sender,5.25,12.5,0.4,0.0075,infeasible,no_communication_case_meets_requirements,0.0,0.0,0.0,0.0,10036.224000000031,8654.465501386492,1,2,False
sender,5.5,12.5,0.4,0.0075,infeasible,no_communication_case_meets_requirements,0.0,0.0,0.0,0.0,10036.224000000031,8654.465501386492,1,2,False
sender,5.75,12.5,0.4,0.0075,infeasible,no_communication_case_meets_requirements,0.0,0.0,0.0,0.0,10036.224000000031,8654.465501386492,1,2,False
sender,6.0,12.5,0.4,0.0075,infeasible,no_communication_case_meets_requirements,0.0,0.0,0.0,0.0,10036.224000000031,8654.465501386492,1,2,False
sender,6.25,12.5,0.4,0.0075,infeasible,no_communication_case_meets_requirements,0.0,0.0,0.0,0.0,10036.224000000031,8654.465501386492,1,2,False
sender,6.5,12.5,0.4,0.0075,infeasible,no_communication_case_meets_requirements,0.0,0.0,0.0,0.0,10036.224000000031,8654.465501386492,1,2,False
sender,6.75,12.5,0.4,0.0075,infeasible,no_communication_case_meets_requirements,0.0,0.0,0.0,0.0,10036.224000000031,8654.465501386492,1,2,False
sender,7.0,12.5,0.4,0.0075,infeasible,no_communication_case_meets_requirements,0.0,0.0,0.0,0.0,10036.224000000031,8654.465501386492,1,2,False
sender,7.25,12.5,0.4,0.0075,infeasible,no_communication_case_meets_requirements,0.0,0.0,0.0,0.0,10036.224000000031,8654.465501386492,1,2,False
sender,7.5,12.5,0.4,0.0075,infeasible,no_communication_case_meets_requirements,0.0,0.0,0.0,0.0,10036.224000000031,8654.465501386492,1,2,False
sender,7.75,12.5,0.4,0.0075,infeasible,no_communication_case_meets_requirements,0.0,0.0,0.0,0.0,10036.224000000031,8654.465501386492,1,2,False
sender,8.0,12.5,0.4,0.0075,infeasible,no_communication_case_meets_requirements,0.0,0.0,0.0,0.0,10036.224000000031,8654.465501386492,1,2,False
sender,0.0,13.0,0.4,0.0075,feedback,minimum_traffic_feasible,0.5284675285560001,0.5115928239419154,0.024241522903033896,0.006621649577619159,10036.224000000031,8654.465501386492,1,2,False
sender,0.25,13.0,0.4,0.0075,feedback,minimum_traffic_feasible,0.5284675285560001,0.5115928239419154,0.024241522903033896,0.006621649577619159,10036.224000000031,8654.465501386492,1,2,False
sender,0.5,13.0,0.4,0.0075,feedback,minimum_traffic_feasible,0.5284675285560001,0.5115928239419154,0.024241522903033896,0.006621649577619159,10036.224000000031,8654.465501386492,1,2,False
sender,0.75,13.0,0.4,0.0075,feedback,minimum_traffic_feasible,0.5284675285560001,0.511061665740272,0.024241522903033896,0.006513192094817184,10036.224000000031,8654.465501386492,1,2,False
sender,1.0,13.0,0.4,0.0075,feedback,minimum_traffic_feasible,0.5284675285560001,0.511061665740272,0.024241522903033896,0.006513192094817184,10036.224000000031,8654.465501386492,1,2,False
sender,1.25,13.0,0.4,0.0075,infeasible,no_communication_case_meets_requirements,0.5284675285560001,0.0,0.024241522903033896,0.0,10036.224000000031,8654.465501386492,1,2,False
sender,1.5,13.0,0.4,0.0075,infeasible,no_communication_case_meets_requirements,0.5284675285560001,0.0,0.024241522903033896,0.0,10036.224000000031,8654.465501386492,1,2,False
sender,1.75,13.0,0.4,0.0075,infeasible,no_communication_case_meets_requirements,0.5284675285560001,0.0,0.024241522903033896,0.0,10036.224000000031,8654.465501386492,1,2,False
sender,2.0,13.0,0.4,0.0075,infeasible,no_communication_case_meets_requirements,0.5284675285560001,0.0,0.024241522903033896,0.0,10036.224000000031,8654.465501386492,1,2,False
sender,2.25,13.0,0.4,0.0075,infeasible,no_communication_case_meets_requirements,0.0,0.0,0.0,0.0,10036.224000000031,8654.465501386492,1,2,False
sender,2.5,13.0,0.4,0.0075,infeasible,no_communication_case_meets_requirements,0.0,0.0,0.0,0.0,10036.224000000031,8654.465501386492,1,2,False
sender,2.75,13.0,0.4,0.0075,infeasible,no_communication_case_meets_requirements,0.0,0.0,0.0,0.0,10036.224000000031,8654.465501386492,1,2,False
sender,3.0,13.0,0.4,0.0075,infeasible,no_communication_case_meets_requirements,0.0,0.0,0.0,0.0,10036.224000000031,8654.465501386492,1,2,False
sender,3.25,13.0,0.4,0.0075,infeasible,no_communication_case_meets_requirements,0.0,0.0,0.0,0.0,10036.224000000031,8654.465501386492,1,2,False
sender,3.5,13.0,0.4,0.0075,infeasible,no_communication_case_meets_requirements,0.0,0.0,0.0,0.0,10036.224000000031,8654.465501386492,1,2,False
sender,3.75,13.0,0.4,0.0075,infeasible,no_communication_case_meets_requirements,0.0,0.0,0.0,0.0,10036.224000000031,8654.465501386492,1,2,False
sender,4.0,13.0,0.4,0.0075,infeasible,no_communication_case_meets_requirements,0.0,0.0,0.0,0.0,10036.224000000031,8654.465501386492,1,2,False
sender,4.25,13.0,0.4,0.0075,infeasible,no_communication_case_meets_requirements,0.0,0.0,0.0,0.0,10036.224000000031,8654.465501386492,1,2,False
sender,4.5,13.0,0.4,0.0075,infeasible,no_communication_case_meets_requirements,0.0,0.0,0.0,0.0,10036.224000000031,8654.465501386492,1,2,False
sender,4.75,13.0,0.4,0.0075,infeasible,no_communication_case_meets_requirements,0.0,0.0,0.0,0.0,10036.224000000031,8654.465501386492,1,2,False
sender,5.0,13.0,0.4,0.0075,infeasible,no_communication_case_meets_requirements,0.0,0.0,0.0,0.0,10036.224000000031,8654.465501386492,1,2,False
sender,5.25,13.0,0.4,0.0075,infeasible,no_communication_case_meets_requirements,0.0,0.0,0.0,0.0,10036.224000000031,8654.465501386492,1,2,False
sender,5.5,13.0,0.4,0.0075,infeasible,no_communication_case_meets_requirements,0.0,0.0,0.0,0.0,10036.224000000031,8654.465501386492,1,2,False
sender,5.75,13.0,0.4,0.0075,infeasible,no_communication_case_meets_requirements,0.0,0.0,0.0,0.0,10036.224000000031,8654.465501386492,1,2,False
sender,6.0,13.0,0.4,0.0075,infeasible,no_communication_case_meets_requirements,0.0,0.0,0.0,0.0,10036.224000000031,8654.465501386492,1,2,False
sender,6.25,13.0,0.4,0.0075,infeasible,no_communication_case_meets_requirements,0.0,0.0,0.0,0.0,10036.224000000031,8654.465501386492,1,2,False
sender,6.5,13.0,0.4,0.0075,infeasible,no_communication_case_meets_requirements,0.0,0.0,0.0,0.0,10036.224000000031,8654.465501386492,1,2,False
sender,6.75,13.0,0.4,0.0075,infeasible,no_communication_case_meets_requirements,0.0,0.0,0.0,0.0,10036.224000000031,8654.465501386492,1,2,False
sender,7.0,13.0,0.4,0.0075,infeasible,no_communication_case_meets_requirements,0.0,0.0,0.0,0.0,10036.224000000031,8654.465501386492,1,2,False
sender,7.25,13.0,0.4,0.0075,infeasible,no_communication_case_meets_requirements,0.0,0.0,0.0,0.0,10036.224000000031,8654.465501386492,1,2,False
sender,7.5,13.0,0.4,0.0075,infeasible,no_communication_case_meets_requirements,0.0,0.0,0.0,0.0,10036.224000000031,8654.465501386492,1,2,False
sender,7.75,13.0,0.4,0.0075,infeasible,no_communication_case_meets_requirements,0.0,0.0,0.0,0.0,10036.224000000031,8654.465501386492,1,2,False
sender,8.0,13.0,0.4,0.0075,infeasible,no_communication_case_meets_requirements,0.0,0.0,0.0,0.0,10036.224000000031,8654.465501386492,1,2,False
sender,0.0,13.5,0.4,0.0075,feedback,minimum_traffic_feasible,0.5284675285560001,0.5115928239419154,0.024241522903033896,0.006621649577619159,10036.224000000031,8654.465501386492,1,2,False
sender,0.25,13.5,0.4,0.0075,feedback,minimum_traffic_feasible,0.5284675285560001,0.5115928239419154,0.024241522903033896,0.006621649577619159,10036.224000000031,8654.465501386492,1,2,False
sender,0.5,13.5,0.4,0.0075,feedback,minimum_traffic_feasible,0.5284675285560001,0.5115928239419154,0.024241522903033896,0.006621649577619159,10036.224000000031,8654.465501386492,1,2,False
sender,0.75,13.5,0.4,0.0075,feedback,minimum_traffic_feasible,0.5284675285560001,0.5115928239419154,0.024241522903033896,0.006621649577619159,10036.224000000031,8654.465501386492,1,2,False
sender,1.0,13.5,0.4,0.0075,feedback,minimum_traffic_feasible,0.5284675285560001,0.511061665740272,0.024241522903033896,0.006513192094817184,10036.224000000031,8654.465501386492,1,2,False
sender,1.25,13.5,0.4,0.0075,feedback,minimum_traffic_feasible,0.5284675285560001,0.511061665740272,0.024241522903033896,0.006513192094817184,10036.224000000031,8654.465501386492,1,2,False
sender,1.5,13.5,0.4,0.0075,infeasible,no_communication_case_meets_requirements,0.5284675285560001,0.0,0.024241522903033896,0.0,10036.224000000031,8654.465501386492,1,2,False
sender,1.75,13.5,0.4,0.0075,infeasible,no_communication_case_meets_requirements,0.5284675285560001,0.0,0.024241522903033896,0.0,10036.224000000031,8654.465501386492,1,2,False
sender,2.0,13.5,0.4,0.0075,infeasible,no_communication_case_meets_requirements,0.5284675285560001,0.0,0.024241522903033896,0.0,10036.224000000031,8654.465501386492,1,2,False
sender,2.25,13.5,0.4,0.0075,infeasible,no_communication_case_meets_requirements,0.5284675285560001,0.0,0.024241522903033896,0.0,10036.224000000031,8654.465501386492,1,2,False
sender,2.5,13.5,0.4,0.0075,infeasible,no_communication_case_meets_requirements,0.5284675285560001,0.0,0.024241522903033896,0.0,10036.224000000031,8654.465501386492,1,2,False
sender,2.75,13.5,0.4,0.0075,infeasible,no_communication_case_meets_requirements,0.0,0.0,0.0,0.0,10036.224000000031,8654.465501386492,1,2,False
sender,3.0,13.5,0.4,0.0075,infeasible,no_communication_case_meets_requirements,0.0,0.0,0.0,0.0,10036.224000000031,8654.465501386492,1,2,False
sender,3.25,13.5,0.4,0.0075,infeasible,no_communication_case_meets_requirements,0.0,0.0,0.0,0.0,10036.224000000031,8654.465501386492,1,2,False
sender,3.5,13.5,0.4,0.0075,infeasible,no_communication_case_meets_requirements,0.0,0.0,0.0,0.0,10036.224000000031,8654.465501386492,1,2,False
sender,3.75,13.5,0.4,0.0075,infeasible,no_communication_case_meets_requirements,0.0,0.0,0.0,0.0,10036.224000000031,8654.465501386492,1,2,False
sender,4.0,13.5,0.4,0.0075,infeasible,no_communication_case_meets_requirements,0.0,0.0,0.0,0.0,10036.224000000031,8654.465501386492,1,2,False
sender,4.25,13.5,0.4,0.0075,infeasible,no_communication_case_meets_requirements,0.0,0.0,0.0,0.0,10036.224000000031,8654.465501386492,1,2,False
sender,4.5,13.5,0.4,0.0075,infeasible,no_communication_case_meets_requirements,0.0,0.0,0.0,0.0,10036.224000000031,8654.465501386492,1,2,False
sender,4.75,13.5,0.4,0.0075,infeasible,no_communication_case_meets_requirements,0.0,0.0,0.0,0.0,10036.224000000031,8654.465501386492,1,2,False
sender,5.0,13.5,0.4,0.0075,infeasible,no_communication_case_meets_requirements,0.0,0.0,0.0,0.0,10036.224000000031,8654.465501386492,1,2,False
sender,5.25,13.5,0.4,0.0075,infeasible,no_communication_case_meets_requirements,0.0,0.0,0.0,0.0,10036.224000000031,8654.465501386492,1,2,False
sender,5.5,13.5,0.4,0.0075,infeasible,no_communication_case_meets_requirements,0.0,0.0,0.0,0.0,10036.224000000031,8654.465501386492,1,2,False
sender,5.75,13.5,0.4,0.0075,infeasible,no_communication_case_meets_requirements,0.0,0.0,0.0,0.0,10036.224000000031,8654.465501386492,1,2,False
sender,6.0,13.5,0.4,0.0075,infeasible,no_communication_case_meets_requirements,0.0,0.0,0.0,0.0,10036.224000000031,8654.465501386492,1,2,False
sender,6.25,13.5,0.4,0.0075,infeasible,no_communication_case_meets_requirements,0.0,0.0,0.0,0.0,10036.224000000031,8654.465501386492,1,2,False
sender,6.5,13.5,0.4,0.0075,infeasible,no_communication_case_meets_requirements,0.0,0.0,0.0,0.0,10036.224000000031,8654.465501386492,1,2,False
sender,6.75,13.5,0.4,0.0075,infeasible,no_communication_case_meets_requirements,0.0,0.0,0.0,0.0,10036.224000000031,8654.465501386492,1,2,False
sender,7.0,13.5,0.4,0.0075,infeasible,no_communication_case_meets_requirements,0.0,0.0,0.0,0.0,10036.224000000031,8654.465501386492,1,2,False
sender,7.25,13.5,0.4,0.0075,infeasible,no_communication_case_meets_requirements,0.0,0.0,0.0,0.0,10036.224000000031,8654.465501386492,1,2,False
sender,7.5,13.5,0.4,0.0075,infeasible,no_communication_case_meets_requirements,0.0,0.0,0.0,0.0,10036.224000000031,8654.465501386492,1,2,False
sender,7.75,13.5,0.4,0.0075,infeasible,no_communication_case_meets_requirements,0.0,0.0,0.0,0.0,10036.224000000031,8654.465501386492,1,2,False
sender,8.0,13.5,0.4,0.0075,infeasible,no_communication_case_meets_requirements,0.0,0.0,0.0,0.0,10036.224000000031,8654.465501386492,1,2,False
sender,0.0,14.0,0.4,0.0075,feedback,minimum_traffic_feasible,0.5284675285560001,0.5115928239419154,0.024241522903033896,0.006621649577619159,10036.224000000031,8654.465501386492,1,2,False
sender,0.25,14.0,0.4,0.0075,feedback,minimum_traffic_feasible,0.5284675285560001,0.5115928239419154,0.024241522903033896,0.006621649577619159,10036.224000000031,8654.465501386492,1,2,False
sender,0.5,14.0,0.4,0.0075,feedback,minimum_traffic_feasible,0.5284675285560001,0.5115928239419154,0.024241522903033896,0.006621649577619159,10036.224000000031,8654.465501386492,1,2,False
sender,0.75,14.0,0.4,0.0075,feedback,minimum_traffic_feasible,0.5284675285560001,0.5115928239419154,0.024241522903033896,0.006621649577619159,10036.224000000031,8654.465501386492,1,2,False
sender,1.0,14.0,0.4,0.0075,feedback,minimum_traffic_feasible,0.5284675285560001,0.5115928239419154,0.024241522903033896,0.006621649577619159,10036.224000000031,8654.465501386492,1,2,False
sender,1.25,14.0,0.4,0.0075,feedback,minimum_traffic_feasible,0.5284675285560001,0.511061665740272,0.024241522903033896,0.006513192094817184,10036.224000000031,8654.465501386492,1,2,False
sender,1.5,14.0,0.4,0.0075,feedback,minimum_traffic_feasible,0.5284675285560001,0.511061665740272,0.024241522903033896,0.006513192094817184,10036.224000000031,8654.465501386492,1,2,False
sender,1.75,14.0,0.4,0.0075,infeasible,no_communication_case_meets_requirements,0.5284675285560001,0.0,0.024241522903033896,0.0,10036.224000000031,8654.465501386492,1,2,False
sender,2.0,14.0,0.4,0.0075,infeasible,no_communication_case_meets_requirements,0.5284675285560001,0.0,0.024241522903033896,0.0,10036.224000000031,8654.465501386492,1,2,False
sender,2.25,14.0,0.4,0.0075,infeasible,no_communication_case_meets_requirements,0.5284675285560001,0.0,0.024241522903033896,0.0,10036.224000000031,8654.465501386492,1,2,False
sender,2.5,14.0,0.4,0.0075,infeasible,no_communication_case_meets_requirements,0.5284675285560001,0.0,0.024241522903033896,0.0,10036.224000000031,8654.465501386492,1,2,False
sender,2.75,14.0,0.4,0.0075,infeasible,no_communication_case_meets_requirements,0.5284675285560001,0.0,0.024241522903033896,0.0,10036.224000000031,8654.465501386492,1,2,False
sender,3.0,14.0,0.4,0.0075,infeasible,no_communication_case_meets_requirements,0.5284675285560001,0.0,0.024241522903033896,0.0,10036.224000000031,8654.465501386492,1,2,False
sender,3.25,14.0,0.4,0.0075,infeasible,no_communication_case_meets_requirements,0.0,0.0,0.0,0.0,10036.224000000031,8654.465501386492,1,2,False
sender,3.5,14.0,0.4,0.0075,infeasible,no_communication_case_meets_requirements,0.0,0.0,0.0,0.0,10036.224000000031,8654.465501386492,1,2,False
sender,3.75,14.0,0.4,0.0075,infeasible,no_communication_case_meets_requirements,0.0,0.0,0.0,0.0,10036.224000000031,8654.465501386492,1,2,False
sender,4.0,14.0,0.4,0.0075,infeasible,no_communication_case_meets_requirements,0.0,0.0,0.0,0.0,10036.224000000031,8654.465501386492,1,2,False
sender,4.25,14.0,0.4,0.0075,infeasible,no_communication_case_meets_requirements,0.0,0.0,0.0,0.0,10036.224000000031,8654.465501386492,1,2,False
sender,4.5,14.0,0.4,0.0075,infeasible,no_communication_case_meets_requirements,0.0,0.0,0.0,0.0,10036.224000000031,8654.465501386492,1,2,False
sender,4.75,14.0,0.4,0.0075,infeasible,no_communication_case_meets_requirements,0.0,0.0,0.0,0.0,10036.224000000031,8654.465501386492,1,2,False
sender,5.0,14.0,0.4,0.0075,infeasible,no_communication_case_meets_requirements,0.0,0.0,0.0,0.0,10036.224000000031,8654.465501386492,1,2,False
sender,5.25,14.0,0.4,0.0075,infeasible,no_communication_case_meets_requirements,0.0,0.0,0.0,0.0,10036.224000000031,8654.465501386492,1,2,False
sender,5.5,14.0,0.4,0.0075,infeasible,no_communication_case_meets_requirements,0.0,0.0,0.0,0.0,10036.224000000031,8654.465501386492,1,2,False
sender,5.75,14.0,0.4,0.0075,infeasible,no_communication_case_meets_requirements,0.0,0.0,0.0,0.0,10036.224000000031,8654.465501386492,1,2,False
sender,6.0,14.0,0.4,0.0075,infeasible,no_communication_case_meets_requirements,0.0,0.0,0.0,0.0,10036.224000000031,8654.465501386492,1,2,False
sender,6.25,14.0,0.4,0.0075,infeasible,no_communication_case_meets_requirements,0.0,0.0,0.0,0.0,10036.224000000031,8654.465501386492,1,2,False
sender,6.5,14.0,0.4,0.0075,infeasible,no_communication_case_meets_requirements,0.0,0.0,0.0,0.0,10036.224000000031,8654.465501386492,1,2,False
sender,6.75,14.0,0.4,0.0075,infeasible,no_communication_case_meets_requirements,0.0,0.0,0.0,0.0,10036.224000000031,8654.465501386492,1,2,False
sender,7.0,14.0,0.4,0.0075,infeasible,no_communication_case_meets_requirements,0.0,0.0,0.0,0.0,10036.224000000031,8654.465501386492,1,2,False
sender,7.25,14.0,0.4,0.0075,infeasible,no_communication_case_meets_requirements,0.0,0.0,0.0,0.0,10036.224000000031,8654.465501386492,1,2,False
sender,7.5,14.0,0.4,0.0075,infeasible,no_communication_case_meets_requirements,0.0,0.0,0.0,0.0,10036.224000000031,8654.465501386492,1,2,False
sender,7.75,14.0,0.4,0.0075,infeasible,no_communication_case_meets_requirements,0.0,0.0,0.0,0.0,10036.224000000031,8654.465501386492,1,2,False
sender,8.0,14.0,0.4,0.0075,infeasible,no_communication_case_meets_requirements,0.0,0.0,0.0,0.0,10036.224000000031,8654.465501386492,1,2,False
sender,0.0,14.5,0.4,0.0075,feedback,minimum_traffic_feasible,0.5284675285560001,0.5115928239419154,0.024241522903033896,0.006621649577619159,10036.224000000031,8654.465501386492,1,2,False
sender,0.25,14.5,0.4,0.0075,feedback,minimum_traffic_feasible,0.5284675285560001,0.5115928239419154,0.024241522903033896,0.006621649577619159,10036.224000000031,8654.465501386492,1,2,False
sender,0.5,14.5,0.4,0.0075,feedback,minimum_traffic_feasible,0.5284675285560001,0.5115928239419154,0.024241522903033896,0.006621649577619159,10036.224000000031,8654.465501386492,1,2,False
sender,0.75,14.5,0.4,0.0075,feedback,minimum_traffic_feasible,0.5284675285560001,0.5115928239419154,0.024241522903033896,0.006621649577619159,10036.224000000031,8654.465501386492,1,2,False
sender,1.0,14.5,0.4,0.0075,feedback,minimum_traffic_feasible,0.5284675285560001,0.5115928239419154,0.024241522903033896,0.006621649577619159,10036.224000000031,8654.465501386492,1,2,False
sender,1.25,14.5,0.4,0.0075,feedback,minimum_traffic_feasible,0.5284675285560001,0.5115928239419154,0.024241522903033896,0.006621649577619159,10036.224000000031,8654.465501386492,1,2,False
sender,1.5,14.5,0.4,0.0075,feedback,minimum_traffic_feasible,0.5284675285560001,0.511061665740272,0.024241522903033896,0.006513192094817184,10036.224000000031,8654.465501386492,1,2,False
sender,1.75,14.5,0.4,0.0075,feedback,minimum_traffic_feasible,0.5284675285560001,0.511061665740272,0.024241522903033896,0.006513192094817184,10036.224000000031,8654.465501386492,1,2,False
sender,2.0,14.5,0.4,0.0075,infeasible,no_communication_case_meets_requirements,0.5284675285560001,0.0,0.024241522903033896,0.0,10036.224000000031,8654.465501386492,1,2,False
sender,2.25,14.5,0.4,0.0075,infeasible,no_communication_case_meets_requirements,0.5284675285560001,0.0,0.024241522903033896,0.0,10036.224000000031,8654.465501386492,1,2,False
sender,2.5,14.5,0.4,0.0075,infeasible,no_communication_case_meets_requirements,0.5284675285560001,0.0,0.024241522903033896,0.0,10036.224000000031,8654.465501386492,1,2,False
sender,2.75,14.5,0.4,0.0075,infeasible,no_communication_case_meets_requirements,0.5284675285560001,0.0,0.024241522903033896,0.0,10036.224000000031,8654.465501386492,1,2,False
sender,3.0,14.5,0.4,0.0075,infeasible,no_communication_case_meets_requirements,0.5284675285560001,0.0,0.024241522903033896,0.0,10036.224000000031,8654.465501386492,1,2,False
sender,3.25,14.5,0.4,0.0075,infeasible,no_communication_case_meets_requirements,0.5284675285560001,0.0,0.024241522903033896,0.0,10036.224000000031,8654.465501386492,1,2,False
sender,3.5,14.5,0.4,0.0075,infeasible,no_communication_case_meets_requirements,0.5284675285560001,0.0,0.024241522903033896,0.0,10036.224000000031,8654.465501386492,1,2,False
sender,3.75,14.5,0.4,0.0075,infeasible,no_communication_case_meets_requirements,0.0,0.0,0.0,0.0,10036.224000000031,8654.465501386492,1,2,False
sender,4.0,14.5,0.4,0.0075,infeasible,no_communication_case_meets_requirements,0.0,0.0,0.0,0.0,10036.224000000031,8654.465501386492,1,2,False
sender,4.25,14.5,0.4,0.0075,infeasible,no_communication_case_meets_requirements,0.0,0.0,0.0,0.0,10036.224000000031,8654.465501386492,1,2,False
sender,4.5,14.5,0.4,0.0075,infeasible,no_communication_case_meets_requirements,0.0,0.0,0.0,0.0,10036.224000000031,8654.465501386492,1,2,False
sender,4.75,14.5,0.4,0.0075,infeasible,no_communication_case_meets_requirements,0.0,0.0,0.0,0.0,10036.224000000031,8654.465501386492,1,2,False
sender,5.0,14.5,0.4,0.0075,infeasible,no_communication_case_meets_requirements,0.0,0.0,0.0,0.0,10036.224000000031,8654.465501386492,1,2,False
sender,5.25,14.5,0.4,0.0075,infeasible,no_communication_case_meets_requirements,0.0,0.0,0.0,0.0,10036.224000000031,8654.465501386492,1,2,False
sender,5.5,14.5,0.4,0.0075,infeasible,no_communication_case_meets_requirements,0.0,0.0,0.0,0.0,10036.224000000031,8654.465501386492,1,2,False
sender,5.75,14.5,0.4,0.0075,infeasible,no_communication_case_meets_requirements,0.0,0.0,0.0,0.0,10036.224000000031,8654.465501386492,1,2,False
sender,6.0,14.5,0.4,0.0075,infeasible,no_communication_case_meets_requirements,0.0,0.0,0.0,0.0,10036.224000000031,8654.465501386492,1,2,False
sender,6.25,14.5,0.4,0.0075,infeasible,no_communication_case_meets_requirements,0.0,0.0,0.0,0.0,10036.224000000031,8654.465501386492,1,2,False
sender,6.5,14.5,0.4,0.0075,infeasible,no_communication_case_meets_requirements,0.0,0.0,0.0,0.0,10036.224000000031,8654.465501386492,1,2,False
sender,6.75,14.5,0.4,0.0075,infeasible,no_communication_case_meets_requirements,0.0,0.0,0.0,0.0,10036.224000000031,8654.465501386492,1,2,False
sender,7.0,14.5,0.4,0.0075,infeasible,no_communication_case_meets_requirements,0.0,0.0,0.0,0.0,10036.224000000031,8654.465501386492,1,2,False
sender,7.25,14.5,0.4,0.0075,infeasible,no_communication_case_meets_requirements,0.0,0.0,0.0,0.0,10036.224000000031,8654.465501386492,1,2,False
sender,7.5,14.5,0.4,0.0075,infeasible,no_communication_case_meets_requirements,0.0,0.0,0.0,0.0,10036.224000000031,8654.465501386492,1,2,False
sender,7.75,14.5,0.4,0.0075,infeasible,no_communication_case_meets_requirements,0.0,0.0,0.0,0.0,10036.224000000031,8654.465501386492,1,2,False
sender,8.0,14.5,0.4,0.0075,infeasible,no_communication_case_meets_requirements,0.0,0.0,0.0,0.0,10036.224000000031,8654.465501386492,1,2,False
sender,0.0,15.0,0.4,0.0075,feedback,minimum_traffic_feasible,0.5284675285560001,0.5115928239419154,0.024241522903033896,0.006621649577619159,10036.224000000031,8654.465501386492,1,2,False
sender,0.25,15.0,0.4,0.0075,feedback,minimum_traffic_feasible,0.5284675285560001,0.5115928239419154,0.024241522903033896,0.006621649577619159,10036.224000000031,8654.465501386492,1,2,False
sender,0.5,15.0,0.4,0.0075,feedback,minimum_traffic_feasible,0.5284675285560001,0.5115928239419154,0.024241522903033896,0.006621649577619159,10036.224000000031,8654.465501386492,1,2,False
sender,0.75,15.0,0.4,0.0075,feedback,minimum_traffic_feasible,0.5284675285560001,0.5115928239419154,0.024241522903033896,0.006621649577619159,10036.224000000031,8654.465501386492,1,2,False
sender,1.0,15.0,0.4,0.0075,feedback,minimum_traffic_feasible,0.5284675285560001,0.5115928239419154,0.024241522903033896,0.006621649577619159,10036.224000000031,8654.465501386492,1,2,False
sender,1.25,15.0,0.4,0.0075,feedback,minimum_traffic_feasible,0.5284675285560001,0.5115928239419154,0.024241522903033896,0.006621649577619159,10036.224000000031,8654.465501386492,1,2,False
sender,1.5,15.0,0.4,0.0075,feedback,minimum_traffic_feasible,0.5284675285560001,0.5115928239419154,0.024241522903033896,0.006621649577619159,10036.224000000031,8654.465501386492,1,2,False
sender,1.75,15.0,0.4,0.0075,feedback,minimum_traffic_feasible,0.5284675285560001,0.511061665740272,0.024241522903033896,0.006513192094817184,10036.224000000031,8654.465501386492,1,2,False
sender,2.0,15.0,0.4,0.0075,feedback,minimum_traffic_feasible,0.5284675285560001,0.511061665740272,0.024241522903033896,0.006513192094817184,10036.224000000031,8654.465501386492,1,2,False
sender,2.25,15.0,0.4,0.0075,infeasible,no_communication_case_meets_requirements,0.5284675285560001,0.0,0.024241522903033896,0.0,10036.224000000031,8654.465501386492,1,2,False
sender,2.5,15.0,0.4,0.0075,infeasible,no_communication_case_meets_requirements,0.5284675285560001,0.0,0.024241522903033896,0.0,10036.224000000031,8654.465501386492,1,2,False
sender,2.75,15.0,0.4,0.0075,infeasible,no_communication_case_meets_requirements,0.5284675285560001,0.0,0.024241522903033896,0.0,10036.224000000031,8654.465501386492,1,2,False
sender,3.0,15.0,0.4,0.0075,infeasible,no_communication_case_meets_requirements,0.5284675285560001,0.0,0.024241522903033896,0.0,10036.224000000031,8654.465501386492,1,2,False
sender,3.25,15.0,0.4,0.0075,infeasible,no_communication_case_meets_requirements,0.5284675285560001,0.0,0.024241522903033896,0.0,10036.224000000031,8654.465501386492,1,2,False
sender,3.5,15.0,0.4,0.0075,infeasible,no_communication_case_meets_requirements,0.5284675285560001,0.0,0.024241522903033896,0.0,10036.224000000031,8654.465501386492,1,2,False
sender,3.75,15.0,0.4,0.0075,infeasible,no_communication_case_meets_requirements,0.5284675285560001,0.0,0.024241522903033896,0.0,10036.224000000031,8654.465501386492,1,2,False
sender,4.0,15.0,0.4,0.0075,infeasible,no_communication_case_meets_requirements,0.5284675285560001,0.0,0.024241522903033896,0.0,10036.224000000031,8654.465501386492,1,2,False
sender,4.25,15.0,0.4,0.0075,infeasible,no_communication_case_meets_requirements,0.0,0.0,0.0,0.0,10036.224000000031,8654.465501386492,1,2,False
sender,4.5,15.0,0.4,0.0075,infeasible,no_communication_case_meets_requirements,0.0,0.0,0.0,0.0,10036.224000000031,8654.465501386492,1,2,False
sender,4.75,15.0,0.4,0.0075,infeasible,no_communication_case_meets_requirements,0.0,0.0,0.0,0.0,10036.224000000031,8654.465501386492,1,2,False
sender,5.0,15.0,0.4,0.0075,infeasible,no_communication_case_meets_requirements,0.0,0.0,0.0,0.0,10036.224000000031,8654.465501386492,1,2,False
sender,5.25,15.0,0.4,0.0075,infeasible,no_communication_case_meets_requirements,0.0,0.0,0.0,0.0,10036.224000000031,8654.465501386492,1,2,False
sender,5.5,15.0,0.4,0.0075,infeasible,no_communication_case_meets_requirements,0.0,0.0,0.0,0.0,10036.224000000031,8654.465501386492,1,2,False
sender,5.75,15.0,0.4,0.0075,infeasible,no_communication_case_meets_requirements,0.0,0.0,0.0,0.0,10036.224000000031,8654.465501386492,1,2,False
sender,6.0,15.0,0.4,0.0075,infeasible,no_communication_case_meets_requirements,0.0,0.0,0.0,0.0,10036.224000000031,8654.465501386492,1,2,False
sender,6.25,15.0,0.4,0.0075,infeasible,no_communication_case_meets_requirements,0.0,0.0,0.0,0.0,10036.224000000031,8654.465501386492,1,2,False
sender,6.5,15.0,0.4,0.0075,infeasible,no_communication_case_meets_requirements,0.0,0.0,0.0,0.0,10036.224000000031,8654.465501386492,1,2,False
sender,6.75,15.0,0.4,0.0075,infeasible,no_communication_case_meets_requirements,0.0,0.0,0.0,0.0,10036.224000000031,8654.465501386492,1,2,False
sender,7.0,15.0,0.4,0.0075,infeasible,no_communication_case_meets_requirements,0.0,0.0,0.0,0.0,10036.224000000031,8654.465501386492,1,2,False
sender,7.25,15.0,0.4,0.0075,infeasible,no_communication_case_meets_requirements,0.0,0.0,0.0,0.0,10036.224000000031,8654.465501386492,1,2,False
sender,7.5,15.0,0.4,0.0075,infeasible,no_communication_case_meets_requirements,0.0,0.0,0.0,0.0,10036.224000000031,8654.465501386492,1,2,False
sender,7.75,15.0,0.4,0.0075,infeasible,no_communication_case_meets_requirements,0.0,0.0,0.0,0.0,10036.224000000031,8654.465501386492,1,2,False
sender,8.0,15.0,0.4,0.0075,infeasible,no_communication_case_meets_requirements,0.0,0.0,0.0,0.0,10036.224000000031,8654.465501386492,1,2,False
sender,0.0,15.5,0.4,0.0075,feedback,minimum_traffic_feasible,0.5284675285560001,0.5115928239419154,0.024241522903033896,0.006621649577619159,10036.224000000031,8654.465501386492,1,2,False
sender,0.25,15.5,0.4,0.0075,feedback,minimum_traffic_feasible,0.5284675285560001,0.5115928239419154,0.024241522903033896,0.006621649577619159,10036.224000000031,8654.465501386492,1,2,False
sender,0.5,15.5,0.4,0.0075,feedback,minimum_traffic_feasible,0.5284675285560001,0.5115928239419154,0.024241522903033896,0.006621649577619159,10036.224000000031,8654.465501386492,1,2,False
sender,0.75,15.5,0.4,0.0075,feedback,minimum_traffic_feasible,0.5284675285560001,0.5115928239419154,0.024241522903033896,0.006621649577619159,10036.224000000031,8654.465501386492,1,2,False
sender,1.0,15.5,0.4,0.0075,feedback,minimum_traffic_feasible,0.5284675285560001,0.5115928239419154,0.024241522903033896,0.006621649577619159,10036.224000000031,8654.465501386492,1,2,False
sender,1.25,15.5,0.4,0.0075,feedback,minimum_traffic_feasible,0.5284675285560001,0.5115928239419154,0.024241522903033896,0.006621649577619159,10036.224000000031,8654.465501386492,1,2,False
sender,1.5,15.5,0.4,0.0075,feedback,minimum_traffic_feasible,0.5284675285560001,0.5115928239419154,0.024241522903033896,0.006621649577619159,10036.224000000031,8654.465501386492,1,2,False
sender,1.75,15.5,0.4,0.0075,feedback,minimum_traffic_feasible,0.5284675285560001,0.511061665740272,0.024241522903033896,0.006513192094817184,10036.224000000031,8654.465501386492,1,2,False
sender,2.0,15.5,0.4,0.0075,feedback,minimum_traffic_feasible,0.5284675285560001,0.511061665740272,0.024241522903033896,0.006513192094817184,10036.224000000031,8654.465501386492,1,2,False
sender,2.25,15.5,0.4,0.0075,infeasible,no_communication_case_meets_requirements,0.5284675285560001,0.0,0.024241522903033896,0.0,10036.224000000031,8654.465501386492,1,2,False
sender,2.5,15.5,0.4,0.0075,infeasible,no_communication_case_meets_requirements,0.5284675285560001,0.0,0.024241522903033896,0.0,10036.224000000031,8654.465501386492,1,2,False
sender,2.75,15.5,0.4,0.0075,infeasible,no_communication_case_meets_requirements,0.5284675285560001,0.0,0.024241522903033896,0.0,10036.224000000031,8654.465501386492,1,2,False
sender,3.0,15.5,0.4,0.0075,infeasible,no_communication_case_meets_requirements,0.5284675285560001,0.0,0.024241522903033896,0.0,10036.224000000031,8654.465501386492,1,2,False
sender,3.25,15.5,0.4,0.0075,infeasible,no_communication_case_meets_requirements,0.5284675285560001,0.0,0.024241522903033896,0.0,10036.224000000031,8654.465501386492,1,2,False
sender,3.5,15.5,0.4,0.0075,infeasible,no_communication_case_meets_requirements,0.5284675285560001,0.0,0.024241522903033896,0.0,10036.224000000031,8654.465501386492,1,2,False
sender,3.75,15.5,0.4,0.0075,infeasible,no_communication_case_meets_requirements,0.5284675285560001,0.0,0.024241522903033896,0.0,10036.224000000031,8654.465501386492,1,2,False
sender,4.0,15.5,0.4,0.0075,infeasible,no_communication_case_meets_requirements,0.5284675285560001,0.0,0.024241522903033896,0.0,10036.224000000031,8654.465501386492,1,2,False
sender,4.25,15.5,0.4,0.0075,infeasible,no_communication_case_meets_requirements,0.0,0.0,0.0,0.0,10036.224000000031,8654.465501386492,1,2,False
sender,4.5,15.5,0.4,0.0075,infeasible,no_communication_case_meets_requirements,0.0,0.0,0.0,0.0,10036.224000000031,8654.465501386492,1,2,False
sender,4.75,15.5,0.4,0.0075,infeasible,no_communication_case_meets_requirements,0.0,0.0,0.0,0.0,10036.224000000031,8654.465501386492,1,2,False
sender,5.0,15.5,0.4,0.0075,infeasible,no_communication_case_meets_requirements,0.0,0.0,0.0,0.0,10036.224000000031,8654.465501386492,1,2,False
sender,5.25,15.5,0.4,0.0075,infeasible,no_communication_case_meets_requirements,0.0,0.0,0.0,0.0,10036.224000000031,8654.465501386492,1,2,False
sender,5.5,15.5,0.4,0.0075,infeasible,no_communication_case_meets_requirements,0.0,0.0,0.0,0.0,10036.224000000031,8654.465501386492,1,2,False
sender,5.75,15.5,0.4,0.0075,infeasible,no_communication_case_meets_requirements,0.0,0.0,0.0,0.0,10036.224000000031,8654.465501386492,1,2,False
sender,6.0,15.5,0.4,0.0075,infeasible,no_communication_case_meets_requirements,0.0,0.0,0.0,0.0,10036.224000000031,8654.465501386492,1,2,False
sender,6.25,15.5,0.4,0.0075,infeasible,no_communication_case_meets_requirements,0.0,0.0,0.0,0.0,10036.224000000031,8654.465501386492,1,2,False
sender,6.5,15.5,0.4,0.0075,infeasible,no_communication_case_meets_requirements,0.0,0.0,0.0,0.0,10036.224000000031,8654.465501386492,1,2,False
sender,6.75,15.5,0.4,0.0075,infeasible,no_communication_case_meets_requirements,0.0,0.0,0.0,0.0,10036.224000000031,8654.465501386492,1,2,False
sender,7.0,15.5,0.4,0.0075,infeasible,no_communication_case_meets_requirements,0.0,0.0,0.0,0.0,10036.224000000031,8654.465501386492,1,2,False
sender,7.25,15.5,0.4,0.0075,infeasible,no_communication_case_meets_requirements,0.0,0.0,0.0,0.0,10036.224000000031,8654.465501386492,1,2,False
sender,7.5,15.5,0.4,0.0075,infeasible,no_communication_case_meets_requirements,0.0,0.0,0.0,0.0,10036.224000000031,8654.465501386492,1,2,False
sender,7.75,15.5,0.4,0.0075,infeasible,no_communication_case_meets_requirements,0.0,0.0,0.0,0.0,10036.224000000031,8654.465501386492,1,2,False
sender,8.0,15.5,0.4,0.0075,infeasible,no_communication_case_meets_requirements,0.0,0.0,0.0,0.0,10036.224000000031,8654.465501386492,1,2,False
sender,0.0,16.0,0.4,0.0075,feedback,minimum_traffic_feasible,0.5284675285560001,0.5115928239419154,0.024241522903033896,0.006621649577619159,10036.224000000031,8654.465501386492,1,2,False
sender,0.25,16.0,0.4,0.0075,feedback,minimum_traffic_feasible,0.5284675285560001,0.5115928239419154,0.024241522903033896,0.006621649577619159,10036.224000000031,8654.465501386492,1,2,False
sender,0.5,16.0,0.4,0.0075,feedback,minimum_traffic_feasible,0.5284675285560001,0.5115928239419154,0.024241522903033896,0.006621649577619159,10036.224000000031,8654.465501386492,1,2,False
sender,0.75,16.0,0.4,0.0075,feedback,minimum_traffic_feasible,0.5284675285560001,0.5115928239419154,0.024241522903033896,0.006621649577619159,10036.224000000031,8654.465501386492,1,2,False
sender,1.0,16.0,0.4,0.0075,feedback,minimum_traffic_feasible,0.5284675285560001,0.5115928239419154,0.024241522903033896,0.006621649577619159,10036.224000000031,8654.465501386492,1,2,False
sender,1.25,16.0,0.4,0.0075,feedback,minimum_traffic_feasible,0.5284675285560001,0.5115928239419154,0.024241522903033896,0.006621649577619159,10036.224000000031,8654.465501386492,1,2,False
sender,1.5,16.0,0.4,0.0075,feedback,minimum_traffic_feasible,0.5284675285560001,0.5115928239419154,0.024241522903033896,0.006621649577619159,10036.224000000031,8654.465501386492,1,2,False
sender,1.75,16.0,0.4,0.0075,feedback,minimum_traffic_feasible,0.5284675285560001,0.511061665740272,0.024241522903033896,0.006513192094817184,10036.224000000031,8654.465501386492,1,2,False
sender,2.0,16.0,0.4,0.0075,feedback,minimum_traffic_feasible,0.5284675285560001,0.511061665740272,0.024241522903033896,0.006513192094817184,10036.224000000031,8654.465501386492,1,2,False
sender,2.25,16.0,0.4,0.0075,infeasible,no_communication_case_meets_requirements,0.5284675285560001,0.0,0.024241522903033896,0.0,10036.224000000031,8654.465501386492,1,2,False
sender,2.5,16.0,0.4,0.0075,infeasible,no_communication_case_meets_requirements,0.5284675285560001,0.0,0.024241522903033896,0.0,10036.224000000031,8654.465501386492,1,2,False
sender,2.75,16.0,0.4,0.0075,infeasible,no_communication_case_meets_requirements,0.5284675285560001,0.0,0.024241522903033896,0.0,10036.224000000031,8654.465501386492,1,2,False
sender,3.0,16.0,0.4,0.0075,infeasible,no_communication_case_meets_requirements,0.5284675285560001,0.0,0.024241522903033896,0.0,10036.224000000031,8654.465501386492,1,2,False
sender,3.25,16.0,0.4,0.0075,infeasible,no_communication_case_meets_requirements,0.5284675285560001,0.0,0.024241522903033896,0.0,10036.224000000031,8654.465501386492,1,2,False
sender,3.5,16.0,0.4,0.0075,infeasible,no_communication_case_meets_requirements,0.5284675285560001,0.0,0.024241522903033896,0.0,10036.224000000031,8654.465501386492,1,2,False
sender,3.75,16.0,0.4,0.0075,infeasible,no_communication_case_meets_requirements,0.5284675285560001,0.0,0.024241522903033896,0.0,10036.224000000031,8654.465501386492,1,2,False
sender,4.0,16.0,0.4,0.0075,infeasible,no_communication_case_meets_requirements,0.5284675285560001,0.0,0.024241522903033896,0.0,10036.224000000031,8654.465501386492,1,2,False
sender,4.25,16.0,0.4,0.0075,infeasible,no_communication_case_meets_requirements,0.0,0.0,0.0,0.0,10036.224000000031,8654.465501386492,1,2,False
sender,4.5,16.0,0.4,0.0075,infeasible,no_communication_case_meets_requirements,0.0,0.0,0.0,0.0,10036.224000000031,8654.465501386492,1,2,False
sender,4.75,16.0,0.4,0.0075,infeasible,no_communication_case_meets_requirements,0.0,0.0,0.0,0.0,10036.224000000031,8654.465501386492,1,2,False
sender,5.0,16.0,0.4,0.0075,infeasible,no_communication_case_meets_requirements,0.0,0.0,0.0,0.0,10036.224000000031,8654.465501386492,1,2,False
sender,5.25,16.0,0.4,0.0075,infeasible,no_communication_case_meets_requirements,0.0,0.0,0.0,0.0,10036.224000000031,8654.465501386492,1,2,False
sender,5.5,16.0,0.4,0.0075,infeasible,no_communication_case_meets_requirements,0.0,0.0,0.0,0.0,10036.224000000031,8654.465501386492,1,2,False
sender,5.75,16.0,0.4,0.0075,infeasible,no_communication_case_meets_requirements,0.0,0.0,0.0,0.0,10036.224000000031,8654.465501386492,1,2,False
sender,6.0,16.0,0.4,0.0075,infeasible,no_communication_case_meets_requirements,0.0,0.0,0.0,0.0,10036.224000000031,8654.465501386492,1,2,False
sender,6.25,16.0,0.4,0.0075,infeasible,no_communication_case_meets_requirements,0.0,0.0,0.0,0.0,10036.224000000031,8654.465501386492,1,2,False
sender,6.5,16.0,0.4,0.0075,infeasible,no_communication_case_meets_requirements,0.0,0.0,0.0,0.0,10036.224000000031,8654.465501386492,1,2,False
sender,6.75,16.0,0.4,0.0075,infeasible,no_communication_case_meets_requirements,0.0,0.0,0.0,0.0,10036.224000000031,8654.465501386492,1,2,False
sender,7.0,16.0,0.4,0.0075,infeasible,no_communication_case_meets_requirements,0.0,0.0,0.0,0.0,10036.224000000031,8654.465501386492,1,2,False
sender,7.25,16.0,0.4,0.0075,infeasible,no_communication_case_meets_requirements,0.0,0.0,0.0,0.0,10036.224000000031,8654.465501386492,1,2,False
sender,7.5,16.0,0.4,0.0075,infeasible,no_communication_case_meets_requirements,0.0,0.0,0.0,0.0,10036.224000000031,8654.465501386492,1,2,False
sender,7.75,16.0,0.4,0.0075,infeasible,no_communication_case_meets_requirements,0.0,0.0,0.0,0.0,10036.224000000031,8654.465501386492,1,2,False
sender,8.0,16.0,0.4,0.0075,infeasible,no_communication_case_meets_requirements,0.0,0.0,0.0,0.0,10036.224000000031,8654.465501386492,1,2,False
sender,0.0,16.5,0.4,0.0075,feedback,minimum_traffic_feasible,0.5284675285560001,0.5115928239419154,0.024241522903033896,0.006621649577619159,10036.224000000031,8654.465501386492,1,2,False
sender,0.25,16.5,0.4,0.0075,feedback,minimum_traffic_feasible,0.5284675285560001,0.5115928239419154,0.024241522903033896,0.006621649577619159,10036.224000000031,8654.465501386492,1,2,False
sender,0.5,16.5,0.4,0.0075,feedback,minimum_traffic_feasible,0.5284675285560001,0.5115928239419154,0.024241522903033896,0.006621649577619159,10036.224000000031,8654.465501386492,1,2,False
sender,0.75,16.5,0.4,0.0075,feedback,minimum_traffic_feasible,0.5284675285560001,0.5115928239419154,0.024241522903033896,0.006621649577619159,10036.224000000031,8654.465501386492,1,2,False
sender,1.0,16.5,0.4,0.0075,feedback,minimum_traffic_feasible,0.5284675285560001,0.5115928239419154,0.024241522903033896,0.006621649577619159,10036.224000000031,8654.465501386492,1,2,False
sender,1.25,16.5,0.4,0.0075,feedback,minimum_traffic_feasible,0.5284675285560001,0.5115928239419154,0.024241522903033896,0.006621649577619159,10036.224000000031,8654.465501386492,1,2,False
sender,1.5,16.5,0.4,0.0075,feedback,minimum_traffic_feasible,0.5284675285560001,0.5115928239419154,0.024241522903033896,0.006621649577619159,10036.224000000031,8654.465501386492,1,2,False
sender,1.75,16.5,0.4,0.0075,feedback,minimum_traffic_feasible,0.5284675285560001,0.511061665740272,0.024241522903033896,0.006513192094817184,10036.224000000031,8654.465501386492,1,2,False
sender,2.0,16.5,0.4,0.0075,feedback,minimum_traffic_feasible,0.5284675285560001,0.511061665740272,0.024241522903033896,0.006513192094817184,10036.224000000031,8654.465501386492,1,2,False
sender,2.25,16.5,0.4,0.0075,infeasible,no_communication_case_meets_requirements,0.5284675285560001,0.0,0.024241522903033896,0.0,10036.224000000031,8654.465501386492,1,2,False
sender,2.5,16.5,0.4,0.0075,infeasible,no_communication_case_meets_requirements,0.5284675285560001,0.0,0.024241522903033896,0.0,10036.224000000031,8654.465501386492,1,2,False
sender,2.75,16.5,0.4,0.0075,infeasible,no_communication_case_meets_requirements,0.5284675285560001,0.0,0.024241522903033896,0.0,10036.224000000031,8654.465501386492,1,2,False
sender,3.0,16.5,0.4,0.0075,infeasible,no_communication_case_meets_requirements,0.5284675285560001,0.0,0.024241522903033896,0.0,10036.224000000031,8654.465501386492,1,2,False
sender,3.25,16.5,0.4,0.0075,infeasible,no_communication_case_meets_requirements,0.5284675285560001,0.0,0.024241522903033896,0.0,10036.224000000031,8654.465501386492,1,2,False
sender,3.5,16.5,0.4,0.0075,infeasible,no_communication_case_meets_requirements,0.5284675285560001,0.0,0.024241522903033896,0.0,10036.224000000031,8654.465501386492,1,2,False
sender,3.75,16.5,0.4,0.0075,infeasible,no_communication_case_meets_requirements,0.5284675285560001,0.0,0.024241522903033896,0.0,10036.224000000031,8654.465501386492,1,2,False
sender,4.0,16.5,0.4,0.0075,infeasible,no_communication_case_meets_requirements,0.5284675285560001,0.0,0.024241522903033896,0.0,10036.224000000031,8654.465501386492,1,2,False
sender,4.25,16.5,0.4,0.0075,infeasible,no_communication_case_meets_requirements,0.0,0.0,0.0,0.0,10036.224000000031,8654.465501386492,1,2,False
sender,4.5,16.5,0.4,0.0075,infeasible,no_communication_case_meets_requirements,0.0,0.0,0.0,0.0,10036.224000000031,8654.465501386492,1,2,False
sender,4.75,16.5,0.4,0.0075,infeasible,no_communication_case_meets_requirements,0.0,0.0,0.0,0.0,10036.224000000031,8654.465501386492,1,2,False
sender,5.0,16.5,0.4,0.0075,infeasible,no_communication_case_meets_requirements,0.0,0.0,0.0,0.0,10036.224000000031,8654.465501386492,1,2,False
sender,5.25,16.5,0.4,0.0075,infeasible,no_communication_case_meets_requirements,0.0,0.0,0.0,0.0,10036.224000000031,8654.465501386492,1,2,False
sender,5.5,16.5,0.4,0.0075,infeasible,no_communication_case_meets_requirements,0.0,0.0,0.0,0.0,10036.224000000031,8654.465501386492,1,2,False
sender,5.75,16.5,0.4,0.0075,infeasible,no_communication_case_meets_requirements,0.0,0.0,0.0,0.0,10036.224000000031,8654.465501386492,1,2,False
sender,6.0,16.5,0.4,0.0075,infeasible,no_communication_case_meets_requirements,0.0,0.0,0.0,0.0,10036.224000000031,8654.465501386492,1,2,False
sender,6.25,16.5,0.4,0.0075,infeasible,no_communication_case_meets_requirements,0.0,0.0,0.0,0.0,10036.224000000031,8654.465501386492,1,2,False
sender,6.5,16.5,0.4,0.0075,infeasible,no_communication_case_meets_requirements,0.0,0.0,0.0,0.0,10036.224000000031,8654.465501386492,1,2,False
sender,6.75,16.5,0.4,0.0075,infeasible,no_communication_case_meets_requirements,0.0,0.0,0.0,0.0,10036.224000000031,8654.465501386492,1,2,False
sender,7.0,16.5,0.4,0.0075,infeasible,no_communication_case_meets_requirements,0.0,0.0,0.0,0.0,10036.224000000031,8654.465501386492,1,2,False
sender,7.25,16.5,0.4,0.0075,infeasible,no_communication_case_meets_requirements,0.0,0.0,0.0,0.0,10036.224000000031,8654.465501386492,1,2,False
sender,7.5,16.5,0.4,0.0075,infeasible,no_communication_case_meets_requirements,0.0,0.0,0.0,0.0,10036.224000000031,8654.465501386492,1,2,False
sender,7.75,16.5,0.4,0.0075,infeasible,no_communication_case_meets_requirements,0.0,0.0,0.0,0.0,10036.224000000031,8654.465501386492,1,2,False
sender,8.0,16.5,0.4,0.0075,infeasible,no_communication_case_meets_requirements,0.0,0.0,0.0,0.0,10036.224000000031,8654.465501386492,1,2,False
sender,0.0,17.0,0.4,0.0075,feedback,minimum_traffic_feasible,0.5284675285560001,0.5115928239419154,0.024241522903033896,0.006621649577619159,10036.224000000031,8654.465501386492,1,2,False
sender,0.25,17.0,0.4,0.0075,feedback,minimum_traffic_feasible,0.5284675285560001,0.5115928239419154,0.024241522903033896,0.006621649577619159,10036.224000000031,8654.465501386492,1,2,False
sender,0.5,17.0,0.4,0.0075,feedback,minimum_traffic_feasible,0.5284675285560001,0.5115928239419154,0.024241522903033896,0.006621649577619159,10036.224000000031,8654.465501386492,1,2,False
sender,0.75,17.0,0.4,0.0075,feedback,minimum_traffic_feasible,0.5284675285560001,0.5115928239419154,0.024241522903033896,0.006621649577619159,10036.224000000031,8654.465501386492,1,2,False
sender,1.0,17.0,0.4,0.0075,feedback,minimum_traffic_feasible,0.5284675285560001,0.5115928239419154,0.024241522903033896,0.006621649577619159,10036.224000000031,8654.465501386492,1,2,False
sender,1.25,17.0,0.4,0.0075,feedback,minimum_traffic_feasible,0.5284675285560001,0.5115928239419154,0.024241522903033896,0.006621649577619159,10036.224000000031,8654.465501386492,1,2,False
sender,1.5,17.0,0.4,0.0075,feedback,minimum_traffic_feasible,0.5284675285560001,0.5115928239419154,0.024241522903033896,0.006621649577619159,10036.224000000031,8654.465501386492,1,2,False
sender,1.75,17.0,0.4,0.0075,feedback,minimum_traffic_feasible,0.5284675285560001,0.511061665740272,0.024241522903033896,0.006513192094817184,10036.224000000031,8654.465501386492,1,2,False
sender,2.0,17.0,0.4,0.0075,feedback,minimum_traffic_feasible,0.5284675285560001,0.511061665740272,0.024241522903033896,0.006513192094817184,10036.224000000031,8654.465501386492,1,2,False
sender,2.25,17.0,0.4,0.0075,infeasible,no_communication_case_meets_requirements,0.5284675285560001,0.0,0.024241522903033896,0.0,10036.224000000031,8654.465501386492,1,2,False
sender,2.5,17.0,0.4,0.0075,infeasible,no_communication_case_meets_requirements,0.5284675285560001,0.0,0.024241522903033896,0.0,10036.224000000031,8654.465501386492,1,2,False
sender,2.75,17.0,0.4,0.0075,infeasible,no_communication_case_meets_requirements,0.5284675285560001,0.0,0.024241522903033896,0.0,10036.224000000031,8654.465501386492,1,2,False
sender,3.0,17.0,0.4,0.0075,infeasible,no_communication_case_meets_requirements,0.5284675285560001,0.0,0.024241522903033896,0.0,10036.224000000031,8654.465501386492,1,2,False
sender,3.25,17.0,0.4,0.0075,infeasible,no_communication_case_meets_requirements,0.5284675285560001,0.0,0.024241522903033896,0.0,10036.224000000031,8654.465501386492,1,2,False
sender,3.5,17.0,0.4,0.0075,infeasible,no_communication_case_meets_requirements,0.5284675285560001,0.0,0.024241522903033896,0.0,10036.224000000031,8654.465501386492,1,2,False
sender,3.75,17.0,0.4,0.0075,infeasible,no_communication_case_meets_requirements,0.5284675285560001,0.0,0.024241522903033896,0.0,10036.224000000031,8654.465501386492,1,2,False
sender,4.0,17.0,0.4,0.0075,infeasible,no_communication_case_meets_requirements,0.5284675285560001,0.0,0.024241522903033896,0.0,10036.224000000031,8654.465501386492,1,2,False
sender,4.25,17.0,0.4,0.0075,infeasible,no_communication_case_meets_requirements,0.0,0.0,0.0,0.0,10036.224000000031,8654.465501386492,1,2,False
sender,4.5,17.0,0.4,0.0075,infeasible,no_communication_case_meets_requirements,0.0,0.0,0.0,0.0,10036.224000000031,8654.465501386492,1,2,False
sender,4.75,17.0,0.4,0.0075,infeasible,no_communication_case_meets_requirements,0.0,0.0,0.0,0.0,10036.224000000031,8654.465501386492,1,2,False
sender,5.0,17.0,0.4,0.0075,infeasible,no_communication_case_meets_requirements,0.0,0.0,0.0,0.0,10036.224000000031,8654.465501386492,1,2,False
sender,5.25,17.0,0.4,0.0075,infeasible,no_communication_case_meets_requirements,0.0,0.0,0.0,0.0,10036.224000000031,8654.465501386492,1,2,False
sender,5.5,17.0,0.4,0.0075,infeasible,no_communication_case_meets_requirements,0.0,0.0,0.0,0.0,10036.224000000031,8654.465501386492,1,2,False
sender,5.75,17.0,0.4,0.0075,infeasible,no_communication_case_meets_requirements,0.0,0.0,0.0,0.0,10036.224000000031,8654.465501386492,1,2,False
sender,6.0,17.0,0.4,0.0075,infeasible,no_communication_case_meets_requirements,0.0,0.0,0.0,0.0,10036.224000000031,8654.465501386492,1,2,False
sender,6.25,17.0,0.4,0.0075,infeasible,no_communication_case_meets_requirements,0.0,0.0,0.0,0.0,10036.224000000031,8654.465501386492,1,2,False
sender,6.5,17.0,0.4,0.0075,infeasible,no_communication_case_meets_requirements,0.0,0.0,0.0,0.0,10036.224000000031,8654.465501386492,1,2,False
sender,6.75,17.0,0.4,0.0075,infeasible,no_communication_case_meets_requirements,0.0,0.0,0.0,0.0,10036.224000000031,8654.465501386492,1,2,False
sender,7.0,17.0,0.4,0.0075,infeasible,no_communication_case_meets_requirements,0.0,0.0,0.0,0.0,10036.224000000031,8654.465501386492,1,2,False
sender,7.25,17.0,0.4,0.0075,infeasible,no_communication_case_meets_requirements,0.0,0.0,0.0,0.0,10036.224000000031,8654.465501386492,1,2,False
sender,7.5,17.0,0.4,0.0075,infeasible,no_communication_case_meets_requirements,0.0,0.0,0.0,0.0,10036.224000000031,8654.465501386492,1,2,False
sender,7.75,17.0,0.4,0.0075,infeasible,no_communication_case_meets_requirements,0.0,0.0,0.0,0.0,10036.224000000031,8654.465501386492,1,2,False
sender,8.0,17.0,0.4,0.0075,infeasible,no_communication_case_meets_requirements,0.0,0.0,0.0,0.0,10036.224000000031,8654.465501386492,1,2,False
sender,0.0,17.5,0.4,0.0075,feedback,minimum_traffic_feasible,0.5284675285560001,0.5115928239419154,0.024241522903033896,0.006621649577619159,10036.224000000031,8654.465501386492,1,2,False
sender,0.25,17.5,0.4,0.0075,feedback,minimum_traffic_feasible,0.5284675285560001,0.5115928239419154,0.024241522903033896,0.006621649577619159,10036.224000000031,8654.465501386492,1,2,False
sender,0.5,17.5,0.4,0.0075,feedback,minimum_traffic_feasible,0.5284675285560001,0.5115928239419154,0.024241522903033896,0.006621649577619159,10036.224000000031,8654.465501386492,1,2,False
sender,0.75,17.5,0.4,0.0075,feedback,minimum_traffic_feasible,0.5284675285560001,0.5115928239419154,0.024241522903033896,0.006621649577619159,10036.224000000031,8654.465501386492,1,2,False
sender,1.0,17.5,0.4,0.0075,feedback,minimum_traffic_feasible,0.5284675285560001,0.5115928239419154,0.024241522903033896,0.006621649577619159,10036.224000000031,8654.465501386492,1,2,False
sender,1.25,17.5,0.4,0.0075,feedback,minimum_traffic_feasible,0.5284675285560001,0.5115928239419154,0.024241522903033896,0.006621649577619159,10036.224000000031,8654.465501386492,1,2,False
sender,1.5,17.5,0.4,0.0075,feedback,minimum_traffic_feasible,0.5284675285560001,0.5115928239419154,0.024241522903033896,0.006621649577619159,10036.224000000031,8654.465501386492,1,2,False
sender,1.75,17.5,0.4,0.0075,feedback,minimum_traffic_feasible,0.5284675285560001,0.511061665740272,0.024241522903033896,0.006513192094817184,10036.224000000031,8654.465501386492,1,2,False
sender,2.0,17.5,0.4,0.0075,feedback,minimum_traffic_feasible,0.5284675285560001,0.511061665740272,0.024241522903033896,0.006513192094817184,10036.224000000031,8654.465501386492,1,2,False
sender,2.25,17.5,0.4,0.0075,infeasible,no_communication_case_meets_requirements,0.5284675285560001,0.0,0.024241522903033896,0.0,10036.224000000031,8654.465501386492,1,2,False
sender,2.5,17.5,0.4,0.0075,infeasible,no_communication_case_meets_requirements,0.5284675285560001,0.0,0.024241522903033896,0.0,10036.224000000031,8654.465501386492,1,2,False
sender,2.75,17.5,0.4,0.0075,infeasible,no_communication_case_meets_requirements,0.5284675285560001,0.0,0.024241522903033896,0.0,10036.224000000031,8654.465501386492,1,2,False
sender,3.0,17.5,0.4,0.0075,infeasible,no_communication_case_meets_requirements,0.5284675285560001,0.0,0.024241522903033896,0.0,10036.224000000031,8654.465501386492,1,2,False
sender,3.25,17.5,0.4,0.0075,infeasible,no_communication_case_meets_requirements,0.5284675285560001,0.0,0.024241522903033896,0.0,10036.224000000031,8654.465501386492,1,2,False
sender,3.5,17.5,0.4,0.0075,infeasible,no_communication_case_meets_requirements,0.5284675285560001,0.0,0.024241522903033896,0.0,10036.224000000031,8654.465501386492,1,2,False
sender,3.75,17.5,0.4,0.0075,infeasible,no_communication_case_meets_requirements,0.5284675285560001,0.0,0.024241522903033896,0.0,10036.224000000031,8654.465501386492,1,2,False
sender,4.0,17.5,0.4,0.0075,infeasible,no_communication_case_meets_requirements,0.5284675285560001,0.0,0.024241522903033896,0.0,10036.224000000031,8654.465501386492,1,2,False
sender,4.25,17.5,0.4,0.0075,infeasible,no_communication_case_meets_requirements,0.0,0.0,0.0,0.0,10036.224000000031,8654.465501386492,1,2,False
sender,4.5,17.5,0.4,0.0075,infeasible,no_communication_case_meets_requirements,0.0,0.0,0.0,0.0,10036.224000000031,8654.465501386492,1,2,False
sender,4.75,17.5,0.4,0.0075,infeasible,no_communication_case_meets_requirements,0.0,0.0,0.0,0.0,10036.224000000031,8654.465501386492,1,2,False
sender,5.0,17.5,0.4,0.0075,infeasible,no_communication_case_meets_requirements,0.0,0.0,0.0,0.0,10036.224000000031,8654.465501386492,1,2,False
sender,5.25,17.5,0.4,0.0075,infeasible,no_communication_case_meets_requirements,0.0,0.0,0.0,0.0,10036.224000000031,8654.465501386492,1,2,False
sender,5.5,17.5,0.4,0.0075,infeasible,no_communication_case_meets_requirements,0.0,0.0,0.0,0.0,10036.224000000031,8654.465501386492,1,2,False
sender,5.75,17.5,0.4,0.0075,infeasible,no_communication_case_meets_requirements,0.0,0.0,0.0,0.0,10036.224000000031,8654.465501386492,1,2,False
sender,6.0,17.5,0.4,0.0075,infeasible,no_communication_case_meets_requirements,0.0,0.0,0.0,0.0,10036.224000000031,8654.465501386492,1,2,False
sender,6.25,17.5,0.4,0.0075,infeasible,no_communication_case_meets_requirements,0.0,0.0,0.0,0.0,10036.224000000031,8654.465501386492,1,2,False
sender,6.5,17.5,0.4,0.0075,infeasible,no_communication_case_meets_requirements,0.0,0.0,0.0,0.0,10036.224000000031,8654.465501386492,1,2,False
sender,6.75,17.5,0.4,0.0075,infeasible,no_communication_case_meets_requirements,0.0,0.0,0.0,0.0,10036.224000000031,8654.465501386492,1,2,False
sender,7.0,17.5,0.4,0.0075,infeasible,no_communication_case_meets_requirements,0.0,0.0,0.0,0.0,10036.224000000031,8654.465501386492,1,2,False
sender,7.25,17.5,0.4,0.0075,infeasible,no_communication_case_meets_requirements,0.0,0.0,0.0,0.0,10036.224000000031,8654.465501386492,1,2,False
sender,7.5,17.5,0.4,0.0075,infeasible,no_communication_case_meets_requirements,0.0,0.0,0.0,0.0,10036.224000000031,8654.465501386492,1,2,False
sender,7.75,17.5,0.4,0.0075,infeasible,no_communication_case_meets_requirements,0.0,0.0,0.0,0.0,10036.224000000031,8654.465501386492,1,2,False
sender,8.0,17.5,0.4,0.0075,infeasible,no_communication_case_meets_requirements,0.0,0.0,0.0,0.0,10036.224000000031,8654.465501386492,1,2,False
sender,0.0,18.0,0.4,0.0075,feedback,minimum_traffic_feasible,0.5284675285560001,0.5115928239419154,0.024241522903033896,0.006621649577619159,10036.224000000031,8654.465501386492,1,2,False
sender,0.25,18.0,0.4,0.0075,feedback,minimum_traffic_feasible,0.5284675285560001,0.5115928239419154,0.024241522903033896,0.006621649577619159,10036.224000000031,8654.465501386492,1,2,False
sender,0.5,18.0,0.4,0.0075,feedback,minimum_traffic_feasible,0.5284675285560001,0.5115928239419154,0.024241522903033896,0.006621649577619159,10036.224000000031,8654.465501386492,1,2,False
sender,0.75,18.0,0.4,0.0075,feedback,minimum_traffic_feasible,0.5284675285560001,0.5115928239419154,0.024241522903033896,0.006621649577619159,10036.224000000031,8654.465501386492,1,2,False
sender,1.0,18.0,0.4,0.0075,feedback,minimum_traffic_feasible,0.5284675285560001,0.5115928239419154,0.024241522903033896,0.006621649577619159,10036.224000000031,8654.465501386492,1,2,False
sender,1.25,18.0,0.4,0.0075,feedback,minimum_traffic_feasible,0.5284675285560001,0.5115928239419154,0.024241522903033896,0.006621649577619159,10036.224000000031,8654.465501386492,1,2,False
sender,1.5,18.0,0.4,0.0075,feedback,minimum_traffic_feasible,0.5284675285560001,0.5115928239419154,0.024241522903033896,0.006621649577619159,10036.224000000031,8654.465501386492,1,2,False
sender,1.75,18.0,0.4,0.0075,feedback,minimum_traffic_feasible,0.5284675285560001,0.511061665740272,0.024241522903033896,0.006513192094817184,10036.224000000031,8654.465501386492,1,2,False
sender,2.0,18.0,0.4,0.0075,feedback,minimum_traffic_feasible,0.5284675285560001,0.511061665740272,0.024241522903033896,0.006513192094817184,10036.224000000031,8654.465501386492,1,2,False
sender,2.25,18.0,0.4,0.0075,infeasible,no_communication_case_meets_requirements,0.5284675285560001,0.0,0.024241522903033896,0.0,10036.224000000031,8654.465501386492,1,2,False
sender,2.5,18.0,0.4,0.0075,infeasible,no_communication_case_meets_requirements,0.5284675285560001,0.0,0.024241522903033896,0.0,10036.224000000031,8654.465501386492,1,2,False
sender,2.75,18.0,0.4,0.0075,infeasible,no_communication_case_meets_requirements,0.5284675285560001,0.0,0.024241522903033896,0.0,10036.224000000031,8654.465501386492,1,2,False
sender,3.0,18.0,0.4,0.0075,infeasible,no_communication_case_meets_requirements,0.5284675285560001,0.0,0.024241522903033896,0.0,10036.224000000031,8654.465501386492,1,2,False
sender,3.25,18.0,0.4,0.0075,infeasible,no_communication_case_meets_requirements,0.5284675285560001,0.0,0.024241522903033896,0.0,10036.224000000031,8654.465501386492,1,2,False
sender,3.5,18.0,0.4,0.0075,infeasible,no_communication_case_meets_requirements,0.5284675285560001,0.0,0.024241522903033896,0.0,10036.224000000031,8654.465501386492,1,2,False
sender,3.75,18.0,0.4,0.0075,infeasible,no_communication_case_meets_requirements,0.5284675285560001,0.0,0.024241522903033896,0.0,10036.224000000031,8654.465501386492,1,2,False
sender,4.0,18.0,0.4,0.0075,infeasible,no_communication_case_meets_requirements,0.5284675285560001,0.0,0.024241522903033896,0.0,10036.224000000031,8654.465501386492,1,2,False
sender,4.25,18.0,0.4,0.0075,infeasible,no_communication_case_meets_requirements,0.0,0.0,0.0,0.0,10036.224000000031,8654.465501386492,1,2,False
sender,4.5,18.0,0.4,0.0075,infeasible,no_communication_case_meets_requirements,0.0,0.0,0.0,0.0,10036.224000000031,8654.465501386492,1,2,False
sender,4.75,18.0,0.4,0.0075,infeasible,no_communication_case_meets_requirements,0.0,0.0,0.0,0.0,10036.224000000031,8654.465501386492,1,2,False
sender,5.0,18.0,0.4,0.0075,infeasible,no_communication_case_meets_requirements,0.0,0.0,0.0,0.0,10036.224000000031,8654.465501386492,1,2,False
sender,5.25,18.0,0.4,0.0075,infeasible,no_communication_case_meets_requirements,0.0,0.0,0.0,0.0,10036.224000000031,8654.465501386492,1,2,False
sender,5.5,18.0,0.4,0.0075,infeasible,no_communication_case_meets_requirements,0.0,0.0,0.0,0.0,10036.224000000031,8654.465501386492,1,2,False
sender,5.75,18.0,0.4,0.0075,infeasible,no_communication_case_meets_requirements,0.0,0.0,0.0,0.0,10036.224000000031,8654.465501386492,1,2,False
sender,6.0,18.0,0.4,0.0075,infeasible,no_communication_case_meets_requirements,0.0,0.0,0.0,0.0,10036.224000000031,8654.465501386492,1,2,False
sender,6.25,18.0,0.4,0.0075,infeasible,no_communication_case_meets_requirements,0.0,0.0,0.0,0.0,10036.224000000031,8654.465501386492,1,2,False
sender,6.5,18.0,0.4,0.0075,infeasible,no_communication_case_meets_requirements,0.0,0.0,0.0,0.0,10036.224000000031,8654.465501386492,1,2,False
sender,6.75,18.0,0.4,0.0075,infeasible,no_communication_case_meets_requirements,0.0,0.0,0.0,0.0,10036.224000000031,8654.465501386492,1,2,False
sender,7.0,18.0,0.4,0.0075,infeasible,no_communication_case_meets_requirements,0.0,0.0,0.0,0.0,10036.224000000031,8654.465501386492,1,2,False
sender,7.25,18.0,0.4,0.0075,infeasible,no_communication_case_meets_requirements,0.0,0.0,0.0,0.0,10036.224000000031,8654.465501386492,1,2,False
sender,7.5,18.0,0.4,0.0075,infeasible,no_communication_case_meets_requirements,0.0,0.0,0.0,0.0,10036.224000000031,8654.465501386492,1,2,False
sender,7.75,18.0,0.4,0.0075,infeasible,no_communication_case_meets_requirements,0.0,0.0,0.0,0.0,10036.224000000031,8654.465501386492,1,2,False
sender,8.0,18.0,0.4,0.0075,infeasible,no_communication_case_meets_requirements,0.0,0.0,0.0,0.0,10036.224000000031,8654.465501386492,1,2,False
sender,0.0,18.5,0.4,0.0075,feedback,minimum_traffic_feasible,0.5284675285560001,0.5115928239419154,0.024241522903033896,0.006621649577619159,10036.224000000031,8654.465501386492,1,2,False
sender,0.25,18.5,0.4,0.0075,feedback,minimum_traffic_feasible,0.5284675285560001,0.5115928239419154,0.024241522903033896,0.006621649577619159,10036.224000000031,8654.465501386492,1,2,False
sender,0.5,18.5,0.4,0.0075,feedback,minimum_traffic_feasible,0.5284675285560001,0.5115928239419154,0.024241522903033896,0.006621649577619159,10036.224000000031,8654.465501386492,1,2,False
sender,0.75,18.5,0.4,0.0075,feedback,minimum_traffic_feasible,0.5284675285560001,0.5115928239419154,0.024241522903033896,0.006621649577619159,10036.224000000031,8654.465501386492,1,2,False
sender,1.0,18.5,0.4,0.0075,feedback,minimum_traffic_feasible,0.5284675285560001,0.5115928239419154,0.024241522903033896,0.006621649577619159,10036.224000000031,8654.465501386492,1,2,False
sender,1.25,18.5,0.4,0.0075,feedback,minimum_traffic_feasible,0.5284675285560001,0.5115928239419154,0.024241522903033896,0.006621649577619159,10036.224000000031,8654.465501386492,1,2,False
sender,1.5,18.5,0.4,0.0075,feedback,minimum_traffic_feasible,0.5284675285560001,0.5115928239419154,0.024241522903033896,0.006621649577619159,10036.224000000031,8654.465501386492,1,2,False
sender,1.75,18.5,0.4,0.0075,feedback,minimum_traffic_feasible,0.5284675285560001,0.511061665740272,0.024241522903033896,0.006513192094817184,10036.224000000031,8654.465501386492,1,2,False
sender,2.0,18.5,0.4,0.0075,feedback,minimum_traffic_feasible,0.5284675285560001,0.511061665740272,0.024241522903033896,0.006513192094817184,10036.224000000031,8654.465501386492,1,2,False
sender,2.25,18.5,0.4,0.0075,infeasible,no_communication_case_meets_requirements,0.5284675285560001,0.0,0.024241522903033896,0.0,10036.224000000031,8654.465501386492,1,2,False
sender,2.5,18.5,0.4,0.0075,infeasible,no_communication_case_meets_requirements,0.5284675285560001,0.0,0.024241522903033896,0.0,10036.224000000031,8654.465501386492,1,2,False
sender,2.75,18.5,0.4,0.0075,infeasible,no_communication_case_meets_requirements,0.5284675285560001,0.0,0.024241522903033896,0.0,10036.224000000031,8654.465501386492,1,2,False
sender,3.0,18.5,0.4,0.0075,infeasible,no_communication_case_meets_requirements,0.5284675285560001,0.0,0.024241522903033896,0.0,10036.224000000031,8654.465501386492,1,2,False
sender,3.25,18.5,0.4,0.0075,infeasible,no_communication_case_meets_requirements,0.5284675285560001,0.0,0.024241522903033896,0.0,10036.224000000031,8654.465501386492,1,2,False
sender,3.5,18.5,0.4,0.0075,infeasible,no_communication_case_meets_requirements,0.5284675285560001,0.0,0.024241522903033896,0.0,10036.224000000031,8654.465501386492,1,2,False
sender,3.75,18.5,0.4,0.0075,infeasible,no_communication_case_meets_requirements,0.5284675285560001,0.0,0.024241522903033896,0.0,10036.224000000031,8654.465501386492,1,2,False
sender,4.0,18.5,0.4,0.0075,infeasible,no_communication_case_meets_requirements,0.5284675285560001,0.0,0.024241522903033896,0.0,10036.224000000031,8654.465501386492,1,2,False
sender,4.25,18.5,0.4,0.0075,infeasible,no_communication_case_meets_requirements,0.0,0.0,0.0,0.0,10036.224000000031,8654.465501386492,1,2,False
sender,4.5,18.5,0.4,0.0075,infeasible,no_communication_case_meets_requirements,0.0,0.0,0.0,0.0,10036.224000000031,8654.465501386492,1,2,False
sender,4.75,18.5,0.4,0.0075,infeasible,no_communication_case_meets_requirements,0.0,0.0,0.0,0.0,10036.224000000031,8654.465501386492,1,2,False
sender,5.0,18.5,0.4,0.0075,infeasible,no_communication_case_meets_requirements,0.0,0.0,0.0,0.0,10036.224000000031,8654.465501386492,1,2,False
sender,5.25,18.5,0.4,0.0075,infeasible,no_communication_case_meets_requirements,0.0,0.0,0.0,0.0,10036.224000000031,8654.465501386492,1,2,False
sender,5.5,18.5,0.4,0.0075,infeasible,no_communication_case_meets_requirements,0.0,0.0,0.0,0.0,10036.224000000031,8654.465501386492,1,2,False
sender,5.75,18.5,0.4,0.0075,infeasible,no_communication_case_meets_requirements,0.0,0.0,0.0,0.0,10036.224000000031,8654.465501386492,1,2,False
sender,6.0,18.5,0.4,0.0075,infeasible,no_communication_case_meets_requirements,0.0,0.0,0.0,0.0,10036.224000000031,8654.465501386492,1,2,False
sender,6.25,18.5,0.4,0.0075,infeasible,no_communication_case_meets_requirements,0.0,0.0,0.0,0.0,10036.224000000031,8654.465501386492,1,2,False
sender,6.5,18.5,0.4,0.0075,infeasible,no_communication_case_meets_requirements,0.0,0.0,0.0,0.0,10036.224000000031,8654.465501386492,1,2,False
sender,6.75,18.5,0.4,0.0075,infeasible,no_communication_case_meets_requirements,0.0,0.0,0.0,0.0,10036.224000000031,8654.465501386492,1,2,False
sender,7.0,18.5,0.4,0.0075,infeasible,no_communication_case_meets_requirements,0.0,0.0,0.0,0.0,10036.224000000031,8654.465501386492,1,2,False
sender,7.25,18.5,0.4,0.0075,infeasible,no_communication_case_meets_requirements,0.0,0.0,0.0,0.0,10036.224000000031,8654.465501386492,1,2,False
sender,7.5,18.5,0.4,0.0075,infeasible,no_communication_case_meets_requirements,0.0,0.0,0.0,0.0,10036.224000000031,8654.465501386492,1,2,False
sender,7.75,18.5,0.4,0.0075,infeasible,no_communication_case_meets_requirements,0.0,0.0,0.0,0.0,10036.224000000031,8654.465501386492,1,2,False
sender,8.0,18.5,0.4,0.0075,infeasible,no_communication_case_meets_requirements,0.0,0.0,0.0,0.0,10036.224000000031,8654.465501386492,1,2,False
sender,0.0,19.0,0.4,0.0075,feedback,minimum_traffic_feasible,0.5284675285560001,0.5115928239419154,0.024241522903033896,0.006621649577619159,10036.224000000031,8654.465501386492,1,2,False
sender,0.25,19.0,0.4,0.0075,feedback,minimum_traffic_feasible,0.5284675285560001,0.5115928239419154,0.024241522903033896,0.006621649577619159,10036.224000000031,8654.465501386492,1,2,False
sender,0.5,19.0,0.4,0.0075,feedback,minimum_traffic_feasible,0.5284675285560001,0.5115928239419154,0.024241522903033896,0.006621649577619159,10036.224000000031,8654.465501386492,1,2,False
sender,0.75,19.0,0.4,0.0075,feedback,minimum_traffic_feasible,0.5284675285560001,0.5115928239419154,0.024241522903033896,0.006621649577619159,10036.224000000031,8654.465501386492,1,2,False
sender,1.0,19.0,0.4,0.0075,feedback,minimum_traffic_feasible,0.5284675285560001,0.5115928239419154,0.024241522903033896,0.006621649577619159,10036.224000000031,8654.465501386492,1,2,False
sender,1.25,19.0,0.4,0.0075,feedback,minimum_traffic_feasible,0.5284675285560001,0.5115928239419154,0.024241522903033896,0.006621649577619159,10036.224000000031,8654.465501386492,1,2,False
sender,1.5,19.0,0.4,0.0075,feedback,minimum_traffic_feasible,0.5284675285560001,0.5115928239419154,0.024241522903033896,0.006621649577619159,10036.224000000031,8654.465501386492,1,2,False
sender,1.75,19.0,0.4,0.0075,feedback,minimum_traffic_feasible,0.5284675285560001,0.511061665740272,0.024241522903033896,0.006513192094817184,10036.224000000031,8654.465501386492,1,2,False
sender,2.0,19.0,0.4,0.0075,feedback,minimum_traffic_feasible,0.5284675285560001,0.511061665740272,0.024241522903033896,0.006513192094817184,10036.224000000031,8654.465501386492,1,2,False
sender,2.25,19.0,0.4,0.0075,infeasible,no_communication_case_meets_requirements,0.5284675285560001,0.0,0.024241522903033896,0.0,10036.224000000031,8654.465501386492,1,2,False
sender,2.5,19.0,0.4,0.0075,infeasible,no_communication_case_meets_requirements,0.5284675285560001,0.0,0.024241522903033896,0.0,10036.224000000031,8654.465501386492,1,2,False
sender,2.75,19.0,0.4,0.0075,infeasible,no_communication_case_meets_requirements,0.5284675285560001,0.0,0.024241522903033896,0.0,10036.224000000031,8654.465501386492,1,2,False
sender,3.0,19.0,0.4,0.0075,infeasible,no_communication_case_meets_requirements,0.5284675285560001,0.0,0.024241522903033896,0.0,10036.224000000031,8654.465501386492,1,2,False
sender,3.25,19.0,0.4,0.0075,infeasible,no_communication_case_meets_requirements,0.5284675285560001,0.0,0.024241522903033896,0.0,10036.224000000031,8654.465501386492,1,2,False
sender,3.5,19.0,0.4,0.0075,infeasible,no_communication_case_meets_requirements,0.5284675285560001,0.0,0.024241522903033896,0.0,10036.224000000031,8654.465501386492,1,2,False
sender,3.75,19.0,0.4,0.0075,infeasible,no_communication_case_meets_requirements,0.5284675285560001,0.0,0.024241522903033896,0.0,10036.224000000031,8654.465501386492,1,2,False
sender,4.0,19.0,0.4,0.0075,infeasible,no_communication_case_meets_requirements,0.5284675285560001,0.0,0.024241522903033896,0.0,10036.224000000031,8654.465501386492,1,2,False
sender,4.25,19.0,0.4,0.0075,infeasible,no_communication_case_meets_requirements,0.0,0.0,0.0,0.0,10036.224000000031,8654.465501386492,1,2,False
sender,4.5,19.0,0.4,0.0075,infeasible,no_communication_case_meets_requirements,0.0,0.0,0.0,0.0,10036.224000000031,8654.465501386492,1,2,False
sender,4.75,19.0,0.4,0.0075,infeasible,no_communication_case_meets_requirements,0.0,0.0,0.0,0.0,10036.224000000031,8654.465501386492,1,2,False
sender,5.0,19.0,0.4,0.0075,infeasible,no_communication_case_meets_requirements,0.0,0.0,0.0,0.0,10036.224000000031,8654.465501386492,1,2,False
sender,5.25,19.0,0.4,0.0075,infeasible,no_communication_case_meets_requirements,0.0,0.0,0.0,0.0,10036.224000000031,8654.465501386492,1,2,False
sender,5.5,19.0,0.4,0.0075,infeasible,no_communication_case_meets_requirements,0.0,0.0,0.0,0.0,10036.224000000031,8654.465501386492,1,2,False
sender,5.75,19.0,0.4,0.0075,infeasible,no_communication_case_meets_requirements,0.0,0.0,0.0,0.0,10036.224000000031,8654.465501386492,1,2,False
sender,6.0,19.0,0.4,0.0075,infeasible,no_communication_case_meets_requirements,0.0,0.0,0.0,0.0,10036.224000000031,8654.465501386492,1,2,False
sender,6.25,19.0,0.4,0.0075,infeasible,no_communication_case_meets_requirements,0.0,0.0,0.0,0.0,10036.224000000031,8654.465501386492,1,2,False
sender,6.5,19.0,0.4,0.0075,infeasible,no_communication_case_meets_requirements,0.0,0.0,0.0,0.0,10036.224000000031,8654.465501386492,1,2,False
sender,6.75,19.0,0.4,0.0075,infeasible,no_communication_case_meets_requirements,0.0,0.0,0.0,0.0,10036.224000000031,8654.465501386492,1,2,False
sender,7.0,19.0,0.4,0.0075,infeasible,no_communication_case_meets_requirements,0.0,0.0,0.0,0.0,10036.224000000031,8654.465501386492,1,2,False
sender,7.25,19.0,0.4,0.0075,infeasible,no_communication_case_meets_requirements,0.0,0.0,0.0,0.0,10036.224000000031,8654.465501386492,1,2,False
sender,7.5,19.0,0.4,0.0075,infeasible,no_communication_case_meets_requirements,0.0,0.0,0.0,0.0,10036.224000000031,8654.465501386492,1,2,False
sender,7.75,19.0,0.4,0.0075,infeasible,no_communication_case_meets_requirements,0.0,0.0,0.0,0.0,10036.224000000031,8654.465501386492,1,2,False
sender,8.0,19.0,0.4,0.0075,infeasible,no_communication_case_meets_requirements,0.0,0.0,0.0,0.0,10036.224000000031,8654.465501386492,1,2,False
sender,0.0,19.5,0.4,0.0075,feedback,minimum_traffic_feasible,0.5284675285560001,0.5115928239419154,0.024241522903033896,0.006621649577619159,10036.224000000031,8654.465501386492,1,2,False
sender,0.25,19.5,0.4,0.0075,feedback,minimum_traffic_feasible,0.5284675285560001,0.5115928239419154,0.024241522903033896,0.006621649577619159,10036.224000000031,8654.465501386492,1,2,False
sender,0.5,19.5,0.4,0.0075,feedback,minimum_traffic_feasible,0.5284675285560001,0.5115928239419154,0.024241522903033896,0.006621649577619159,10036.224000000031,8654.465501386492,1,2,False
sender,0.75,19.5,0.4,0.0075,feedback,minimum_traffic_feasible,0.5284675285560001,0.5115928239419154,0.024241522903033896,0.006621649577619159,10036.224000000031,8654.465501386492,1,2,False
sender,1.0,19.5,0.4,0.0075,feedback,minimum_traffic_feasible,0.5284675285560001,0.5115928239419154,0.024241522903033896,0.006621649577619159,10036.224000000031,8654.465501386492,1,2,False
sender,1.25,19.5,0.4,0.0075,feedback,minimum_traffic_feasible,0.5284675285560001,0.5115928239419154,0.024241522903033896,0.006621649577619159,10036.224000000031,8654.465501386492,1,2,False
sender,1.5,19.5,0.4,0.0075,feedback,minimum_traffic_feasible,0.5284675285560001,0.5115928239419154,0.024241522903033896,0.006621649577619159,10036.224000000031,8654.465501386492,1,2,False
sender,1.75,19.5,0.4,0.0075,feedback,minimum_traffic_feasible,0.5284675285560001,0.511061665740272,0.024241522903033896,0.006513192094817184,10036.224000000031,8654.465501386492,1,2,False
sender,2.0,19.5,0.4,0.0075,feedback,minimum_traffic_feasible,0.5284675285560001,0.511061665740272,0.024241522903033896,0.006513192094817184,10036.224000000031,8654.465501386492,1,2,False
sender,2.25,19.5,0.4,0.0075,infeasible,no_communication_case_meets_requirements,0.5284675285560001,0.0,0.024241522903033896,0.0,10036.224000000031,8654.465501386492,1,2,False
sender,2.5,19.5,0.4,0.0075,infeasible,no_communication_case_meets_requirements,0.5284675285560001,0.0,0.024241522903033896,0.0,10036.224000000031,8654.465501386492,1,2,False
sender,2.75,19.5,0.4,0.0075,infeasible,no_communication_case_meets_requirements,0.5284675285560001,0.0,0.024241522903033896,0.0,10036.224000000031,8654.465501386492,1,2,False
sender,3.0,19.5,0.4,0.0075,infeasible,no_communication_case_meets_requirements,0.5284675285560001,0.0,0.024241522903033896,0.0,10036.224000000031,8654.465501386492,1,2,False
sender,3.25,19.5,0.4,0.0075,infeasible,no_communication_case_meets_requirements,0.5284675285560001,0.0,0.024241522903033896,0.0,10036.224000000031,8654.465501386492,1,2,False
sender,3.5,19.5,0.4,0.0075,infeasible,no_communication_case_meets_requirements,0.5284675285560001,0.0,0.024241522903033896,0.0,10036.224000000031,8654.465501386492,1,2,False
sender,3.75,19.5,0.4,0.0075,infeasible,no_communication_case_meets_requirements,0.5284675285560001,0.0,0.024241522903033896,0.0,10036.224000000031,8654.465501386492,1,2,False
sender,4.0,19.5,0.4,0.0075,infeasible,no_communication_case_meets_requirements,0.5284675285560001,0.0,0.024241522903033896,0.0,10036.224000000031,8654.465501386492,1,2,False
sender,4.25,19.5,0.4,0.0075,infeasible,no_communication_case_meets_requirements,0.0,0.0,0.0,0.0,10036.224000000031,8654.465501386492,1,2,False
sender,4.5,19.5,0.4,0.0075,infeasible,no_communication_case_meets_requirements,0.0,0.0,0.0,0.0,10036.224000000031,8654.465501386492,1,2,False
sender,4.75,19.5,0.4,0.0075,infeasible,no_communication_case_meets_requirements,0.0,0.0,0.0,0.0,10036.224000000031,8654.465501386492,1,2,False
sender,5.0,19.5,0.4,0.0075,infeasible,no_communication_case_meets_requirements,0.0,0.0,0.0,0.0,10036.224000000031,8654.465501386492,1,2,False
sender,5.25,19.5,0.4,0.0075,infeasible,no_communication_case_meets_requirements,0.0,0.0,0.0,0.0,10036.224000000031,8654.465501386492,1,2,False
sender,5.5,19.5,0.4,0.0075,infeasible,no_communication_case_meets_requirements,0.0,0.0,0.0,0.0,10036.224000000031,8654.465501386492,1,2,False
sender,5.75,19.5,0.4,0.0075,infeasible,no_communication_case_meets_requirements,0.0,0.0,0.0,0.0,10036.224000000031,8654.465501386492,1,2,False
sender,6.0,19.5,0.4,0.0075,infeasible,no_communication_case_meets_requirements,0.0,0.0,0.0,0.0,10036.224000000031,8654.465501386492,1,2,False
sender,6.25,19.5,0.4,0.0075,infeasible,no_communication_case_meets_requirements,0.0,0.0,0.0,0.0,10036.224000000031,8654.465501386492,1,2,False
sender,6.5,19.5,0.4,0.0075,infeasible,no_communication_case_meets_requirements,0.0,0.0,0.0,0.0,10036.224000000031,8654.465501386492,1,2,False
sender,6.75,19.5,0.4,0.0075,infeasible,no_communication_case_meets_requirements,0.0,0.0,0.0,0.0,10036.224000000031,8654.465501386492,1,2,False
sender,7.0,19.5,0.4,0.0075,infeasible,no_communication_case_meets_requirements,0.0,0.0,0.0,0.0,10036.224000000031,8654.465501386492,1,2,False
sender,7.25,19.5,0.4,0.0075,infeasible,no_communication_case_meets_requirements,0.0,0.0,0.0,0.0,10036.224000000031,8654.465501386492,1,2,False
sender,7.5,19.5,0.4,0.0075,infeasible,no_communication_case_meets_requirements,0.0,0.0,0.0,0.0,10036.224000000031,8654.465501386492,1,2,False
sender,7.75,19.5,0.4,0.0075,infeasible,no_communication_case_meets_requirements,0.0,0.0,0.0,0.0,10036.224000000031,8654.465501386492,1,2,False
sender,8.0,19.5,0.4,0.0075,infeasible,no_communication_case_meets_requirements,0.0,0.0,0.0,0.0,10036.224000000031,8654.465501386492,1,2,False
sender,0.0,20.0,0.4,0.0075,feedback,minimum_traffic_feasible,0.5284675285560001,0.5115928239419154,0.024241522903033896,0.006621649577619159,10036.224000000031,8654.465501386492,1,2,False
sender,0.25,20.0,0.4,0.0075,feedback,minimum_traffic_feasible,0.5284675285560001,0.5115928239419154,0.024241522903033896,0.006621649577619159,10036.224000000031,8654.465501386492,1,2,False
sender,0.5,20.0,0.4,0.0075,feedback,minimum_traffic_feasible,0.5284675285560001,0.5115928239419154,0.024241522903033896,0.006621649577619159,10036.224000000031,8654.465501386492,1,2,False
sender,0.75,20.0,0.4,0.0075,feedback,minimum_traffic_feasible,0.5284675285560001,0.5115928239419154,0.024241522903033896,0.006621649577619159,10036.224000000031,8654.465501386492,1,2,False
sender,1.0,20.0,0.4,0.0075,feedback,minimum_traffic_feasible,0.5284675285560001,0.5115928239419154,0.024241522903033896,0.006621649577619159,10036.224000000031,8654.465501386492,1,2,False
sender,1.25,20.0,0.4,0.0075,feedback,minimum_traffic_feasible,0.5284675285560001,0.5115928239419154,0.024241522903033896,0.006621649577619159,10036.224000000031,8654.465501386492,1,2,False
sender,1.5,20.0,0.4,0.0075,feedback,minimum_traffic_feasible,0.5284675285560001,0.5115928239419154,0.024241522903033896,0.006621649577619159,10036.224000000031,8654.465501386492,1,2,False
sender,1.75,20.0,0.4,0.0075,feedback,minimum_traffic_feasible,0.5284675285560001,0.511061665740272,0.024241522903033896,0.006513192094817184,10036.224000000031,8654.465501386492,1,2,False
sender,2.0,20.0,0.4,0.0075,feedback,minimum_traffic_feasible,0.5284675285560001,0.511061665740272,0.024241522903033896,0.006513192094817184,10036.224000000031,8654.465501386492,1,2,False
sender,2.25,20.0,0.4,0.0075,infeasible,no_communication_case_meets_requirements,0.5284675285560001,0.0,0.024241522903033896,0.0,10036.224000000031,8654.465501386492,1,2,False
sender,2.5,20.0,0.4,0.0075,infeasible,no_communication_case_meets_requirements,0.5284675285560001,0.0,0.024241522903033896,0.0,10036.224000000031,8654.465501386492,1,2,False
sender,2.75,20.0,0.4,0.0075,infeasible,no_communication_case_meets_requirements,0.5284675285560001,0.0,0.024241522903033896,0.0,10036.224000000031,8654.465501386492,1,2,False
sender,3.0,20.0,0.4,0.0075,infeasible,no_communication_case_meets_requirements,0.5284675285560001,0.0,0.024241522903033896,0.0,10036.224000000031,8654.465501386492,1,2,False
sender,3.25,20.0,0.4,0.0075,infeasible,no_communication_case_meets_requirements,0.5284675285560001,0.0,0.024241522903033896,0.0,10036.224000000031,8654.465501386492,1,2,False
sender,3.5,20.0,0.4,0.0075,infeasible,no_communication_case_meets_requirements,0.5284675285560001,0.0,0.024241522903033896,0.0,10036.224000000031,8654.465501386492,1,2,False
sender,3.75,20.0,0.4,0.0075,infeasible,no_communication_case_meets_requirements,0.5284675285560001,0.0,0.024241522903033896,0.0,10036.224000000031,8654.465501386492,1,2,False
sender,4.0,20.0,0.4,0.0075,infeasible,no_communication_case_meets_requirements,0.5284675285560001,0.0,0.024241522903033896,0.0,10036.224000000031,8654.465501386492,1,2,False
sender,4.25,20.0,0.4,0.0075,infeasible,no_communication_case_meets_requirements,0.0,0.0,0.0,0.0,10036.224000000031,8654.465501386492,1,2,False
sender,4.5,20.0,0.4,0.0075,infeasible,no_communication_case_meets_requirements,0.0,0.0,0.0,0.0,10036.224000000031,8654.465501386492,1,2,False
sender,4.75,20.0,0.4,0.0075,infeasible,no_communication_case_meets_requirements,0.0,0.0,0.0,0.0,10036.224000000031,8654.465501386492,1,2,False
sender,5.0,20.0,0.4,0.0075,infeasible,no_communication_case_meets_requirements,0.0,0.0,0.0,0.0,10036.224000000031,8654.465501386492,1,2,False
sender,5.25,20.0,0.4,0.0075,infeasible,no_communication_case_meets_requirements,0.0,0.0,0.0,0.0,10036.224000000031,8654.465501386492,1,2,False
sender,5.5,20.0,0.4,0.0075,infeasible,no_communication_case_meets_requirements,0.0,0.0,0.0,0.0,10036.224000000031,8654.465501386492,1,2,False
sender,5.75,20.0,0.4,0.0075,infeasible,no_communication_case_meets_requirements,0.0,0.0,0.0,0.0,10036.224000000031,8654.465501386492,1,2,False
sender,6.0,20.0,0.4,0.0075,infeasible,no_communication_case_meets_requirements,0.0,0.0,0.0,0.0,10036.224000000031,8654.465501386492,1,2,False
sender,6.25,20.0,0.4,0.0075,infeasible,no_communication_case_meets_requirements,0.0,0.0,0.0,0.0,10036.224000000031,8654.465501386492,1,2,False
sender,6.5,20.0,0.4,0.0075,infeasible,no_communication_case_meets_requirements,0.0,0.0,0.0,0.0,10036.224000000031,8654.465501386492,1,2,False
sender,6.75,20.0,0.4,0.0075,infeasible,no_communication_case_meets_requirements,0.0,0.0,0.0,0.0,10036.224000000031,8654.465501386492,1,2,False
sender,7.0,20.0,0.4,0.0075,infeasible,no_communication_case_meets_requirements,0.0,0.0,0.0,0.0,10036.224000000031,8654.465501386492,1,2,False
sender,7.25,20.0,0.4,0.0075,infeasible,no_communication_case_meets_requirements,0.0,0.0,0.0,0.0,10036.224000000031,8654.465501386492,1,2,False
sender,7.5,20.0,0.4,0.0075,infeasible,no_communication_case_meets_requirements,0.0,0.0,0.0,0.0,10036.224000000031,8654.465501386492,1,2,False
sender,7.75,20.0,0.4,0.0075,infeasible,no_communication_case_meets_requirements,0.0,0.0,0.0,0.0,10036.224000000031,8654.465501386492,1,2,False
sender,8.0,20.0,0.4,0.0075,infeasible,no_communication_case_meets_requirements,0.0,0.0,0.0,0.0,10036.224000000031,8654.465501386492,1,2,False
sender,0.0,20.5,0.4,0.0075,feedback,minimum_traffic_feasible,0.5284675285560001,0.5115928239419154,0.024241522903033896,0.006621649577619159,10036.224000000031,8654.465501386492,1,2,False
sender,0.25,20.5,0.4,0.0075,feedback,minimum_traffic_feasible,0.5284675285560001,0.5115928239419154,0.024241522903033896,0.006621649577619159,10036.224000000031,8654.465501386492,1,2,False
sender,0.5,20.5,0.4,0.0075,feedback,minimum_traffic_feasible,0.5284675285560001,0.5115928239419154,0.024241522903033896,0.006621649577619159,10036.224000000031,8654.465501386492,1,2,False
sender,0.75,20.5,0.4,0.0075,feedback,minimum_traffic_feasible,0.5284675285560001,0.5115928239419154,0.024241522903033896,0.006621649577619159,10036.224000000031,8654.465501386492,1,2,False
sender,1.0,20.5,0.4,0.0075,feedback,minimum_traffic_feasible,0.5284675285560001,0.5115928239419154,0.024241522903033896,0.006621649577619159,10036.224000000031,8654.465501386492,1,2,False
sender,1.25,20.5,0.4,0.0075,feedback,minimum_traffic_feasible,0.5284675285560001,0.5115928239419154,0.024241522903033896,0.006621649577619159,10036.224000000031,8654.465501386492,1,2,False
sender,1.5,20.5,0.4,0.0075,feedback,minimum_traffic_feasible,0.5284675285560001,0.5115928239419154,0.024241522903033896,0.006621649577619159,10036.224000000031,8654.465501386492,1,2,False
sender,1.75,20.5,0.4,0.0075,feedback,minimum_traffic_feasible,0.5284675285560001,0.511061665740272,0.024241522903033896,0.006513192094817184,10036.224000000031,8654.465501386492,1,2,False
sender,2.0,20.5,0.4,0.0075,feedback,minimum_traffic_feasible,0.5284675285560001,0.511061665740272,0.024241522903033896,0.006513192094817184,10036.224000000031,8654.465501386492,1,2,False
sender,2.25,20.5,0.4,0.0075,infeasible,no_communication_case_meets_requirements,0.5284675285560001,0.0,0.024241522903033896,0.0,10036.224000000031,8654.465501386492,1,2,False
sender,2.5,20.5,0.4,0.0075,infeasible,no_communication_case_meets_requirements,0.5284675285560001,0.0,0.024241522903033896,0.0,10036.224000000031,8654.465501386492,1,2,False
sender,2.75,20.5,0.4,0.0075,infeasible,no_communication_case_meets_requirements,0.5284675285560001,0.0,0.024241522903033896,0.0,10036.224000000031,8654.465501386492,1,2,False
sender,3.0,20.5,0.4,0.0075,infeasible,no_communication_case_meets_requirements,0.5284675285560001,0.0,0.024241522903033896,0.0,10036.224000000031,8654.465501386492,1,2,False
sender,3.25,20.5,0.4,0.0075,infeasible,no_communication_case_meets_requirements,0.5284675285560001,0.0,0.024241522903033896,0.0,10036.224000000031,8654.465501386492,1,2,False
sender,3.5,20.5,0.4,0.0075,infeasible,no_communication_case_meets_requirements,0.5284675285560001,0.0,0.024241522903033896,0.0,10036.224000000031,8654.465501386492,1,2,False
sender,3.75,20.5,0.4,0.0075,infeasible,no_communication_case_meets_requirements,0.5284675285560001,0.0,0.024241522903033896,0.0,10036.224000000031,8654.465501386492,1,2,False
sender,4.0,20.5,0.4,0.0075,infeasible,no_communication_case_meets_requirements,0.5284675285560001,0.0,0.024241522903033896,0.0,10036.224000000031,8654.465501386492,1,2,False
sender,4.25,20.5,0.4,0.0075,infeasible,no_communication_case_meets_requirements,0.0,0.0,0.0,0.0,10036.224000000031,8654.465501386492,1,2,False
sender,4.5,20.5,0.4,0.0075,infeasible,no_communication_case_meets_requirements,0.0,0.0,0.0,0.0,10036.224000000031,8654.465501386492,1,2,False
sender,4.75,20.5,0.4,0.0075,infeasible,no_communication_case_meets_requirements,0.0,0.0,0.0,0.0,10036.224000000031,8654.465501386492,1,2,False
sender,5.0,20.5,0.4,0.0075,infeasible,no_communication_case_meets_requirements,0.0,0.0,0.0,0.0,10036.224000000031,8654.465501386492,1,2,False
sender,5.25,20.5,0.4,0.0075,infeasible,no_communication_case_meets_requirements,0.0,0.0,0.0,0.0,10036.224000000031,8654.465501386492,1,2,False
sender,5.5,20.5,0.4,0.0075,infeasible,no_communication_case_meets_requirements,0.0,0.0,0.0,0.0,10036.224000000031,8654.465501386492,1,2,False
sender,5.75,20.5,0.4,0.0075,infeasible,no_communication_case_meets_requirements,0.0,0.0,0.0,0.0,10036.224000000031,8654.465501386492,1,2,False
sender,6.0,20.5,0.4,0.0075,infeasible,no_communication_case_meets_requirements,0.0,0.0,0.0,0.0,10036.224000000031,8654.465501386492,1,2,False
sender,6.25,20.5,0.4,0.0075,infeasible,no_communication_case_meets_requirements,0.0,0.0,0.0,0.0,10036.224000000031,8654.465501386492,1,2,False
sender,6.5,20.5,0.4,0.0075,infeasible,no_communication_case_meets_requirements,0.0,0.0,0.0,0.0,10036.224000000031,8654.465501386492,1,2,False
sender,6.75,20.5,0.4,0.0075,infeasible,no_communication_case_meets_requirements,0.0,0.0,0.0,0.0,10036.224000000031,8654.465501386492,1,2,False
sender,7.0,20.5,0.4,0.0075,infeasible,no_communication_case_meets_requirements,0.0,0.0,0.0,0.0,10036.224000000031,8654.465501386492,1,2,False
sender,7.25,20.5,0.4,0.0075,infeasible,no_communication_case_meets_requirements,0.0,0.0,0.0,0.0,10036.224000000031,8654.465501386492,1,2,False
sender,7.5,20.5,0.4,0.0075,infeasible,no_communication_case_meets_requirements,0.0,0.0,0.0,0.0,10036.224000000031,8654.465501386492,1,2,False
sender,7.75,20.5,0.4,0.0075,infeasible,no_communication_case_meets_requirements,0.0,0.0,0.0,0.0,10036.224000000031,8654.465501386492,1,2,False
sender,8.0,20.5,0.4,0.0075,infeasible,no_communication_case_meets_requirements,0.0,0.0,0.0,0.0,10036.224000000031,8654.465501386492,1,2,False
sender,0.0,21.0,0.4,0.0075,feedback,minimum_traffic_feasible,0.5284675285560001,0.5115928239419154,0.024241522903033896,0.006621649577619159,10036.224000000031,8654.465501386492,1,2,False
sender,0.25,21.0,0.4,0.0075,feedback,minimum_traffic_feasible,0.5284675285560001,0.5115928239419154,0.024241522903033896,0.006621649577619159,10036.224000000031,8654.465501386492,1,2,False
sender,0.5,21.0,0.4,0.0075,feedback,minimum_traffic_feasible,0.5284675285560001,0.5115928239419154,0.024241522903033896,0.006621649577619159,10036.224000000031,8654.465501386492,1,2,False
sender,0.75,21.0,0.4,0.0075,feedback,minimum_traffic_feasible,0.5284675285560001,0.5115928239419154,0.024241522903033896,0.006621649577619159,10036.224000000031,8654.465501386492,1,2,False
sender,1.0,21.0,0.4,0.0075,feedback,minimum_traffic_feasible,0.5284675285560001,0.5115928239419154,0.024241522903033896,0.006621649577619159,10036.224000000031,8654.465501386492,1,2,False
sender,1.25,21.0,0.4,0.0075,feedback,minimum_traffic_feasible,0.5284675285560001,0.5115928239419154,0.024241522903033896,0.006621649577619159,10036.224000000031,8654.465501386492,1,2,False
sender,1.5,21.0,0.4,0.0075,feedback,minimum_traffic_feasible,0.5284675285560001,0.5115928239419154,0.024241522903033896,0.006621649577619159,10036.224000000031,8654.465501386492,1,2,False
sender,1.75,21.0,0.4,0.0075,feedback,minimum_traffic_feasible,0.5284675285560001,0.511061665740272,0.024241522903033896,0.006513192094817184,10036.224000000031,8654.465501386492,1,2,False
sender,2.0,21.0,0.4,0.0075,feedback,minimum_traffic_feasible,0.5284675285560001,0.511061665740272,0.024241522903033896,0.006513192094817184,10036.224000000031,8654.465501386492,1,2,False
sender,2.25,21.0,0.4,0.0075,infeasible,no_communication_case_meets_requirements,0.5284675285560001,0.0,0.024241522903033896,0.0,10036.224000000031,8654.465501386492,1,2,False
sender,2.5,21.0,0.4,0.0075,infeasible,no_communication_case_meets_requirements,0.5284675285560001,0.0,0.024241522903033896,0.0,10036.224000000031,8654.465501386492,1,2,False
sender,2.75,21.0,0.4,0.0075,infeasible,no_communication_case_meets_requirements,0.5284675285560001,0.0,0.024241522903033896,0.0,10036.224000000031,8654.465501386492,1,2,False
sender,3.0,21.0,0.4,0.0075,infeasible,no_communication_case_meets_requirements,0.5284675285560001,0.0,0.024241522903033896,0.0,10036.224000000031,8654.465501386492,1,2,False
sender,3.25,21.0,0.4,0.0075,infeasible,no_communication_case_meets_requirements,0.5284675285560001,0.0,0.024241522903033896,0.0,10036.224000000031,8654.465501386492,1,2,False
sender,3.5,21.0,0.4,0.0075,infeasible,no_communication_case_meets_requirements,0.5284675285560001,0.0,0.024241522903033896,0.0,10036.224000000031,8654.465501386492,1,2,False
sender,3.75,21.0,0.4,0.0075,infeasible,no_communication_case_meets_requirements,0.5284675285560001,0.0,0.024241522903033896,0.0,10036.224000000031,8654.465501386492,1,2,False
sender,4.0,21.0,0.4,0.0075,infeasible,no_communication_case_meets_requirements,0.5284675285560001,0.0,0.024241522903033896,0.0,10036.224000000031,8654.465501386492,1,2,False
sender,4.25,21.0,0.4,0.0075,infeasible,no_communication_case_meets_requirements,0.0,0.0,0.0,0.0,10036.224000000031,8654.465501386492,1,2,False
sender,4.5,21.0,0.4,0.0075,infeasible,no_communication_case_meets_requirements,0.0,0.0,0.0,0.0,10036.224000000031,8654.465501386492,1,2,False
sender,4.75,21.0,0.4,0.0075,infeasible,no_communication_case_meets_requirements,0.0,0.0,0.0,0.0,10036.224000000031,8654.465501386492,1,2,False
sender,5.0,21.0,0.4,0.0075,infeasible,no_communication_case_meets_requirements,0.0,0.0,0.0,0.0,10036.224000000031,8654.465501386492,1,2,False
sender,5.25,21.0,0.4,0.0075,infeasible,no_communication_case_meets_requirements,0.0,0.0,0.0,0.0,10036.224000000031,8654.465501386492,1,2,False
sender,5.5,21.0,0.4,0.0075,infeasible,no_communication_case_meets_requirements,0.0,0.0,0.0,0.0,10036.224000000031,8654.465501386492,1,2,False
sender,5.75,21.0,0.4,0.0075,infeasible,no_communication_case_meets_requirements,0.0,0.0,0.0,0.0,10036.224000000031,8654.465501386492,1,2,False
sender,6.0,21.0,0.4,0.0075,infeasible,no_communication_case_meets_requirements,0.0,0.0,0.0,0.0,10036.224000000031,8654.465501386492,1,2,False
sender,6.25,21.0,0.4,0.0075,infeasible,no_communication_case_meets_requirements,0.0,0.0,0.0,0.0,10036.224000000031,8654.465501386492,1,2,False
sender,6.5,21.0,0.4,0.0075,infeasible,no_communication_case_meets_requirements,0.0,0.0,0.0,0.0,10036.224000000031,8654.465501386492,1,2,False
sender,6.75,21.0,0.4,0.0075,infeasible,no_communication_case_meets_requirements,0.0,0.0,0.0,0.0,10036.224000000031,8654.465501386492,1,2,False
sender,7.0,21.0,0.4,0.0075,infeasible,no_communication_case_meets_requirements,0.0,0.0,0.0,0.0,10036.224000000031,8654.465501386492,1,2,False
sender,7.25,21.0,0.4,0.0075,infeasible,no_communication_case_meets_requirements,0.0,0.0,0.0,0.0,10036.224000000031,8654.465501386492,1,2,False
sender,7.5,21.0,0.4,0.0075,infeasible,no_communication_case_meets_requirements,0.0,0.0,0.0,0.0,10036.224000000031,8654.465501386492,1,2,False
sender,7.75,21.0,0.4,0.0075,infeasible,no_communication_case_meets_requirements,0.0,0.0,0.0,0.0,10036.224000000031,8654.465501386492,1,2,False
sender,8.0,21.0,0.4,0.0075,infeasible,no_communication_case_meets_requirements,0.0,0.0,0.0,0.0,10036.224000000031,8654.465501386492,1,2,False
sender,0.0,21.5,0.4,0.0075,feedback,minimum_traffic_feasible,0.5284675285560001,0.5115928239419154,0.024241522903033896,0.006621649577619159,10036.224000000031,8654.465501386492,1,2,False
sender,0.25,21.5,0.4,0.0075,feedback,minimum_traffic_feasible,0.5284675285560001,0.5115928239419154,0.024241522903033896,0.006621649577619159,10036.224000000031,8654.465501386492,1,2,False
sender,0.5,21.5,0.4,0.0075,feedback,minimum_traffic_feasible,0.5284675285560001,0.5115928239419154,0.024241522903033896,0.006621649577619159,10036.224000000031,8654.465501386492,1,2,False
sender,0.75,21.5,0.4,0.0075,feedback,minimum_traffic_feasible,0.5284675285560001,0.5115928239419154,0.024241522903033896,0.006621649577619159,10036.224000000031,8654.465501386492,1,2,False
sender,1.0,21.5,0.4,0.0075,feedback,minimum_traffic_feasible,0.5284675285560001,0.5115928239419154,0.024241522903033896,0.006621649577619159,10036.224000000031,8654.465501386492,1,2,False
sender,1.25,21.5,0.4,0.0075,feedback,minimum_traffic_feasible,0.5284675285560001,0.5115928239419154,0.024241522903033896,0.006621649577619159,10036.224000000031,8654.465501386492,1,2,False
sender,1.5,21.5,0.4,0.0075,feedback,minimum_traffic_feasible,0.5284675285560001,0.5115928239419154,0.024241522903033896,0.006621649577619159,10036.224000000031,8654.465501386492,1,2,False
sender,1.75,21.5,0.4,0.0075,feedback,minimum_traffic_feasible,0.5284675285560001,0.511061665740272,0.024241522903033896,0.006513192094817184,10036.224000000031,8654.465501386492,1,2,False
sender,2.0,21.5,0.4,0.0075,feedback,minimum_traffic_feasible,0.5284675285560001,0.511061665740272,0.024241522903033896,0.006513192094817184,10036.224000000031,8654.465501386492,1,2,False
sender,2.25,21.5,0.4,0.0075,infeasible,no_communication_case_meets_requirements,0.5284675285560001,0.0,0.024241522903033896,0.0,10036.224000000031,8654.465501386492,1,2,False
sender,2.5,21.5,0.4,0.0075,infeasible,no_communication_case_meets_requirements,0.5284675285560001,0.0,0.024241522903033896,0.0,10036.224000000031,8654.465501386492,1,2,False
sender,2.75,21.5,0.4,0.0075,infeasible,no_communication_case_meets_requirements,0.5284675285560001,0.0,0.024241522903033896,0.0,10036.224000000031,8654.465501386492,1,2,False
sender,3.0,21.5,0.4,0.0075,infeasible,no_communication_case_meets_requirements,0.5284675285560001,0.0,0.024241522903033896,0.0,10036.224000000031,8654.465501386492,1,2,False
sender,3.25,21.5,0.4,0.0075,infeasible,no_communication_case_meets_requirements,0.5284675285560001,0.0,0.024241522903033896,0.0,10036.224000000031,8654.465501386492,1,2,False
sender,3.5,21.5,0.4,0.0075,infeasible,no_communication_case_meets_requirements,0.5284675285560001,0.0,0.024241522903033896,0.0,10036.224000000031,8654.465501386492,1,2,False
sender,3.75,21.5,0.4,0.0075,infeasible,no_communication_case_meets_requirements,0.5284675285560001,0.0,0.024241522903033896,0.0,10036.224000000031,8654.465501386492,1,2,False
sender,4.0,21.5,0.4,0.0075,infeasible,no_communication_case_meets_requirements,0.5284675285560001,0.0,0.024241522903033896,0.0,10036.224000000031,8654.465501386492,1,2,False
sender,4.25,21.5,0.4,0.0075,infeasible,no_communication_case_meets_requirements,0.0,0.0,0.0,0.0,10036.224000000031,8654.465501386492,1,2,False
sender,4.5,21.5,0.4,0.0075,infeasible,no_communication_case_meets_requirements,0.0,0.0,0.0,0.0,10036.224000000031,8654.465501386492,1,2,False
sender,4.75,21.5,0.4,0.0075,infeasible,no_communication_case_meets_requirements,0.0,0.0,0.0,0.0,10036.224000000031,8654.465501386492,1,2,False
sender,5.0,21.5,0.4,0.0075,infeasible,no_communication_case_meets_requirements,0.0,0.0,0.0,0.0,10036.224000000031,8654.465501386492,1,2,False
sender,5.25,21.5,0.4,0.0075,infeasible,no_communication_case_meets_requirements,0.0,0.0,0.0,0.0,10036.224000000031,8654.465501386492,1,2,False
sender,5.5,21.5,0.4,0.0075,infeasible,no_communication_case_meets_requirements,0.0,0.0,0.0,0.0,10036.224000000031,8654.465501386492,1,2,False
sender,5.75,21.5,0.4,0.0075,infeasible,no_communication_case_meets_requirements,0.0,0.0,0.0,0.0,10036.224000000031,8654.465501386492,1,2,False
sender,6.0,21.5,0.4,0.0075,infeasible,no_communication_case_meets_requirements,0.0,0.0,0.0,0.0,10036.224000000031,8654.465501386492,1,2,False
sender,6.25,21.5,0.4,0.0075,infeasible,no_communication_case_meets_requirements,0.0,0.0,0.0,0.0,10036.224000000031,8654.465501386492,1,2,False
sender,6.5,21.5,0.4,0.0075,infeasible,no_communication_case_meets_requirements,0.0,0.0,0.0,0.0,10036.224000000031,8654.465501386492,1,2,False
sender,6.75,21.5,0.4,0.0075,infeasible,no_communication_case_meets_requirements,0.0,0.0,0.0,0.0,10036.224000000031,8654.465501386492,1,2,False
sender,7.0,21.5,0.4,0.0075,infeasible,no_communication_case_meets_requirements,0.0,0.0,0.0,0.0,10036.224000000031,8654.465501386492,1,2,False
sender,7.25,21.5,0.4,0.0075,infeasible,no_communication_case_meets_requirements,0.0,0.0,0.0,0.0,10036.224000000031,8654.465501386492,1,2,False
sender,7.5,21.5,0.4,0.0075,infeasible,no_communication_case_meets_requirements,0.0,0.0,0.0,0.0,10036.224000000031,8654.465501386492,1,2,False
sender,7.75,21.5,0.4,0.0075,infeasible,no_communication_case_meets_requirements,0.0,0.0,0.0,0.0,10036.224000000031,8654.465501386492,1,2,False
sender,8.0,21.5,0.4,0.0075,infeasible,no_communication_case_meets_requirements,0.0,0.0,0.0,0.0,10036.224000000031,8654.465501386492,1,2,False
sender,0.0,22.0,0.4,0.0075,feedback,minimum_traffic_feasible,0.5284675285560001,0.5115928239419154,0.024241522903033896,0.006621649577619159,10036.224000000031,8654.465501386492,1,2,False
sender,0.25,22.0,0.4,0.0075,feedback,minimum_traffic_feasible,0.5284675285560001,0.5115928239419154,0.024241522903033896,0.006621649577619159,10036.224000000031,8654.465501386492,1,2,False
sender,0.5,22.0,0.4,0.0075,feedback,minimum_traffic_feasible,0.5284675285560001,0.5115928239419154,0.024241522903033896,0.006621649577619159,10036.224000000031,8654.465501386492,1,2,False
sender,0.75,22.0,0.4,0.0075,feedback,minimum_traffic_feasible,0.5284675285560001,0.5115928239419154,0.024241522903033896,0.006621649577619159,10036.224000000031,8654.465501386492,1,2,False
sender,1.0,22.0,0.4,0.0075,feedback,minimum_traffic_feasible,0.5284675285560001,0.5115928239419154,0.024241522903033896,0.006621649577619159,10036.224000000031,8654.465501386492,1,2,False
sender,1.25,22.0,0.4,0.0075,feedback,minimum_traffic_feasible,0.5284675285560001,0.5115928239419154,0.024241522903033896,0.006621649577619159,10036.224000000031,8654.465501386492,1,2,False
sender,1.5,22.0,0.4,0.0075,feedback,minimum_traffic_feasible,0.5284675285560001,0.5115928239419154,0.024241522903033896,0.006621649577619159,10036.224000000031,8654.465501386492,1,2,False
sender,1.75,22.0,0.4,0.0075,feedback,minimum_traffic_feasible,0.5284675285560001,0.511061665740272,0.024241522903033896,0.006513192094817184,10036.224000000031,8654.465501386492,1,2,False
sender,2.0,22.0,0.4,0.0075,feedback,minimum_traffic_feasible,0.5284675285560001,0.511061665740272,0.024241522903033896,0.006513192094817184,10036.224000000031,8654.465501386492,1,2,False
sender,2.25,22.0,0.4,0.0075,infeasible,no_communication_case_meets_requirements,0.5284675285560001,0.0,0.024241522903033896,0.0,10036.224000000031,8654.465501386492,1,2,False
sender,2.5,22.0,0.4,0.0075,infeasible,no_communication_case_meets_requirements,0.5284675285560001,0.0,0.024241522903033896,0.0,10036.224000000031,8654.465501386492,1,2,False
sender,2.75,22.0,0.4,0.0075,infeasible,no_communication_case_meets_requirements,0.5284675285560001,0.0,0.024241522903033896,0.0,10036.224000000031,8654.465501386492,1,2,False
sender,3.0,22.0,0.4,0.0075,infeasible,no_communication_case_meets_requirements,0.5284675285560001,0.0,0.024241522903033896,0.0,10036.224000000031,8654.465501386492,1,2,False
sender,3.25,22.0,0.4,0.0075,infeasible,no_communication_case_meets_requirements,0.5284675285560001,0.0,0.024241522903033896,0.0,10036.224000000031,8654.465501386492,1,2,False
sender,3.5,22.0,0.4,0.0075,infeasible,no_communication_case_meets_requirements,0.5284675285560001,0.0,0.024241522903033896,0.0,10036.224000000031,8654.465501386492,1,2,False
sender,3.75,22.0,0.4,0.0075,infeasible,no_communication_case_meets_requirements,0.5284675285560001,0.0,0.024241522903033896,0.0,10036.224000000031,8654.465501386492,1,2,False
sender,4.0,22.0,0.4,0.0075,infeasible,no_communication_case_meets_requirements,0.5284675285560001,0.0,0.024241522903033896,0.0,10036.224000000031,8654.465501386492,1,2,False
sender,4.25,22.0,0.4,0.0075,infeasible,no_communication_case_meets_requirements,0.0,0.0,0.0,0.0,10036.224000000031,8654.465501386492,1,2,False
sender,4.5,22.0,0.4,0.0075,infeasible,no_communication_case_meets_requirements,0.0,0.0,0.0,0.0,10036.224000000031,8654.465501386492,1,2,False
sender,4.75,22.0,0.4,0.0075,infeasible,no_communication_case_meets_requirements,0.0,0.0,0.0,0.0,10036.224000000031,8654.465501386492,1,2,False
sender,5.0,22.0,0.4,0.0075,infeasible,no_communication_case_meets_requirements,0.0,0.0,0.0,0.0,10036.224000000031,8654.465501386492,1,2,False
sender,5.25,22.0,0.4,0.0075,infeasible,no_communication_case_meets_requirements,0.0,0.0,0.0,0.0,10036.224000000031,8654.465501386492,1,2,False
sender,5.5,22.0,0.4,0.0075,infeasible,no_communication_case_meets_requirements,0.0,0.0,0.0,0.0,10036.224000000031,8654.465501386492,1,2,False
sender,5.75,22.0,0.4,0.0075,infeasible,no_communication_case_meets_requirements,0.0,0.0,0.0,0.0,10036.224000000031,8654.465501386492,1,2,False
sender,6.0,22.0,0.4,0.0075,infeasible,no_communication_case_meets_requirements,0.0,0.0,0.0,0.0,10036.224000000031,8654.465501386492,1,2,False
sender,6.25,22.0,0.4,0.0075,infeasible,no_communication_case_meets_requirements,0.0,0.0,0.0,0.0,10036.224000000031,8654.465501386492,1,2,False
sender,6.5,22.0,0.4,0.0075,infeasible,no_communication_case_meets_requirements,0.0,0.0,0.0,0.0,10036.224000000031,8654.465501386492,1,2,False
sender,6.75,22.0,0.4,0.0075,infeasible,no_communication_case_meets_requirements,0.0,0.0,0.0,0.0,10036.224000000031,8654.465501386492,1,2,False
sender,7.0,22.0,0.4,0.0075,infeasible,no_communication_case_meets_requirements,0.0,0.0,0.0,0.0,10036.224000000031,8654.465501386492,1,2,False
sender,7.25,22.0,0.4,0.0075,infeasible,no_communication_case_meets_requirements,0.0,0.0,0.0,0.0,10036.224000000031,8654.465501386492,1,2,False
sender,7.5,22.0,0.4,0.0075,infeasible,no_communication_case_meets_requirements,0.0,0.0,0.0,0.0,10036.224000000031,8654.465501386492,1,2,False
sender,7.75,22.0,0.4,0.0075,infeasible,no_communication_case_meets_requirements,0.0,0.0,0.0,0.0,10036.224000000031,8654.465501386492,1,2,False
sender,8.0,22.0,0.4,0.0075,infeasible,no_communication_case_meets_requirements,0.0,0.0,0.0,0.0,10036.224000000031,8654.465501386492,1,2,False
sender,0.0,22.5,0.4,0.0075,feedback,minimum_traffic_feasible,0.5284675285560001,0.5115928239419154,0.024241522903033896,0.006621649577619159,10036.224000000031,8654.465501386492,1,2,False
sender,0.25,22.5,0.4,0.0075,feedback,minimum_traffic_feasible,0.5284675285560001,0.5115928239419154,0.024241522903033896,0.006621649577619159,10036.224000000031,8654.465501386492,1,2,False
sender,0.5,22.5,0.4,0.0075,feedback,minimum_traffic_feasible,0.5284675285560001,0.5115928239419154,0.024241522903033896,0.006621649577619159,10036.224000000031,8654.465501386492,1,2,False
sender,0.75,22.5,0.4,0.0075,feedback,minimum_traffic_feasible,0.5284675285560001,0.5115928239419154,0.024241522903033896,0.006621649577619159,10036.224000000031,8654.465501386492,1,2,False
sender,1.0,22.5,0.4,0.0075,feedback,minimum_traffic_feasible,0.5284675285560001,0.5115928239419154,0.024241522903033896,0.006621649577619159,10036.224000000031,8654.465501386492,1,2,False
sender,1.25,22.5,0.4,0.0075,feedback,minimum_traffic_feasible,0.5284675285560001,0.5115928239419154,0.024241522903033896,0.006621649577619159,10036.224000000031,8654.465501386492,1,2,False
sender,1.5,22.5,0.4,0.0075,feedback,minimum_traffic_feasible,0.5284675285560001,0.5115928239419154,0.024241522903033896,0.006621649577619159,10036.224000000031,8654.465501386492,1,2,False
sender,1.75,22.5,0.4,0.0075,feedback,minimum_traffic_feasible,0.5284675285560001,0.511061665740272,0.024241522903033896,0.006513192094817184,10036.224000000031,8654.465501386492,1,2,False
sender,2.0,22.5,0.4,0.0075,feedback,minimum_traffic_feasible,0.5284675285560001,0.511061665740272,0.024241522903033896,0.006513192094817184,10036.224000000031,8654.465501386492,1,2,False
sender,2.25,22.5,0.4,0.0075,infeasible,no_communication_case_meets_requirements,0.5284675285560001,0.0,0.024241522903033896,0.0,10036.224000000031,8654.465501386492,1,2,False
sender,2.5,22.5,0.4,0.0075,infeasible,no_communication_case_meets_requirements,0.5284675285560001,0.0,0.024241522903033896,0.0,10036.224000000031,8654.465501386492,1,2,False
sender,2.75,22.5,0.4,0.0075,infeasible,no_communication_case_meets_requirements,0.5284675285560001,0.0,0.024241522903033896,0.0,10036.224000000031,8654.465501386492,1,2,False
sender,3.0,22.5,0.4,0.0075,infeasible,no_communication_case_meets_requirements,0.5284675285560001,0.0,0.024241522903033896,0.0,10036.224000000031,8654.465501386492,1,2,False
sender,3.25,22.5,0.4,0.0075,infeasible,no_communication_case_meets_requirements,0.5284675285560001,0.0,0.024241522903033896,0.0,10036.224000000031,8654.465501386492,1,2,False
sender,3.5,22.5,0.4,0.0075,infeasible,no_communication_case_meets_requirements,0.5284675285560001,0.0,0.024241522903033896,0.0,10036.224000000031,8654.465501386492,1,2,False
sender,3.75,22.5,0.4,0.0075,infeasible,no_communication_case_meets_requirements,0.5284675285560001,0.0,0.024241522903033896,0.0,10036.224000000031,8654.465501386492,1,2,False
sender,4.0,22.5,0.4,0.0075,infeasible,no_communication_case_meets_requirements,0.5284675285560001,0.0,0.024241522903033896,0.0,10036.224000000031,8654.465501386492,1,2,False
sender,4.25,22.5,0.4,0.0075,infeasible,no_communication_case_meets_requirements,0.0,0.0,0.0,0.0,10036.224000000031,8654.465501386492,1,2,False
sender,4.5,22.5,0.4,0.0075,infeasible,no_communication_case_meets_requirements,0.0,0.0,0.0,0.0,10036.224000000031,8654.465501386492,1,2,False
sender,4.75,22.5,0.4,0.0075,infeasible,no_communication_case_meets_requirements,0.0,0.0,0.0,0.0,10036.224000000031,8654.465501386492,1,2,False
sender,5.0,22.5,0.4,0.0075,infeasible,no_communication_case_meets_requirements,0.0,0.0,0.0,0.0,10036.224000000031,8654.465501386492,1,2,False
sender,5.25,22.5,0.4,0.0075,infeasible,no_communication_case_meets_requirements,0.0,0.0,0.0,0.0,10036.224000000031,8654.465501386492,1,2,False
sender,5.5,22.5,0.4,0.0075,infeasible,no_communication_case_meets_requirements,0.0,0.0,0.0,0.0,10036.224000000031,8654.465501386492,1,2,False
sender,5.75,22.5,0.4,0.0075,infeasible,no_communication_case_meets_requirements,0.0,0.0,0.0,0.0,10036.224000000031,8654.465501386492,1,2,False
sender,6.0,22.5,0.4,0.0075,infeasible,no_communication_case_meets_requirements,0.0,0.0,0.0,0.0,10036.224000000031,8654.465501386492,1,2,False
sender,6.25,22.5,0.4,0.0075,infeasible,no_communication_case_meets_requirements,0.0,0.0,0.0,0.0,10036.224000000031,8654.465501386492,1,2,False
sender,6.5,22.5,0.4,0.0075,infeasible,no_communication_case_meets_requirements,0.0,0.0,0.0,0.0,10036.224000000031,8654.465501386492,1,2,False
sender,6.75,22.5,0.4,0.0075,infeasible,no_communication_case_meets_requirements,0.0,0.0,0.0,0.0,10036.224000000031,8654.465501386492,1,2,False
sender,7.0,22.5,0.4,0.0075,infeasible,no_communication_case_meets_requirements,0.0,0.0,0.0,0.0,10036.224000000031,8654.465501386492,1,2,False
sender,7.25,22.5,0.4,0.0075,infeasible,no_communication_case_meets_requirements,0.0,0.0,0.0,0.0,10036.224000000031,8654.465501386492,1,2,False
sender,7.5,22.5,0.4,0.0075,infeasible,no_communication_case_meets_requirements,0.0,0.0,0.0,0.0,10036.224000000031,8654.465501386492,1,2,False
sender,7.75,22.5,0.4,0.0075,infeasible,no_communication_case_meets_requirements,0.0,0.0,0.0,0.0,10036.224000000031,8654.465501386492,1,2,False
sender,8.0,22.5,0.4,0.0075,infeasible,no_communication_case_meets_requirements,0.0,0.0,0.0,0.0,10036.224000000031,8654.465501386492,1,2,False
sender,0.0,23.0,0.4,0.0075,feedback,minimum_traffic_feasible,0.5284675285560001,0.5115928239419154,0.024241522903033896,0.006621649577619159,10036.224000000031,8654.465501386492,1,2,False
sender,0.25,23.0,0.4,0.0075,feedback,minimum_traffic_feasible,0.5284675285560001,0.5115928239419154,0.024241522903033896,0.006621649577619159,10036.224000000031,8654.465501386492,1,2,False
sender,0.5,23.0,0.4,0.0075,feedback,minimum_traffic_feasible,0.5284675285560001,0.5115928239419154,0.024241522903033896,0.006621649577619159,10036.224000000031,8654.465501386492,1,2,False
sender,0.75,23.0,0.4,0.0075,feedback,minimum_traffic_feasible,0.5284675285560001,0.5115928239419154,0.024241522903033896,0.006621649577619159,10036.224000000031,8654.465501386492,1,2,False
sender,1.0,23.0,0.4,0.0075,feedback,minimum_traffic_feasible,0.5284675285560001,0.5115928239419154,0.024241522903033896,0.006621649577619159,10036.224000000031,8654.465501386492,1,2,False
sender,1.25,23.0,0.4,0.0075,feedback,minimum_traffic_feasible,0.5284675285560001,0.5115928239419154,0.024241522903033896,0.006621649577619159,10036.224000000031,8654.465501386492,1,2,False
sender,1.5,23.0,0.4,0.0075,feedback,minimum_traffic_feasible,0.5284675285560001,0.5115928239419154,0.024241522903033896,0.006621649577619159,10036.224000000031,8654.465501386492,1,2,False
sender,1.75,23.0,0.4,0.0075,feedback,minimum_traffic_feasible,0.5284675285560001,0.511061665740272,0.024241522903033896,0.006513192094817184,10036.224000000031,8654.465501386492,1,2,False
sender,2.0,23.0,0.4,0.0075,feedback,minimum_traffic_feasible,0.5284675285560001,0.511061665740272,0.024241522903033896,0.006513192094817184,10036.224000000031,8654.465501386492,1,2,False
sender,2.25,23.0,0.4,0.0075,infeasible,no_communication_case_meets_requirements,0.5284675285560001,0.0,0.024241522903033896,0.0,10036.224000000031,8654.465501386492,1,2,False
sender,2.5,23.0,0.4,0.0075,infeasible,no_communication_case_meets_requirements,0.5284675285560001,0.0,0.024241522903033896,0.0,10036.224000000031,8654.465501386492,1,2,False
sender,2.75,23.0,0.4,0.0075,infeasible,no_communication_case_meets_requirements,0.5284675285560001,0.0,0.024241522903033896,0.0,10036.224000000031,8654.465501386492,1,2,False
sender,3.0,23.0,0.4,0.0075,infeasible,no_communication_case_meets_requirements,0.5284675285560001,0.0,0.024241522903033896,0.0,10036.224000000031,8654.465501386492,1,2,False
sender,3.25,23.0,0.4,0.0075,infeasible,no_communication_case_meets_requirements,0.5284675285560001,0.0,0.024241522903033896,0.0,10036.224000000031,8654.465501386492,1,2,False
sender,3.5,23.0,0.4,0.0075,infeasible,no_communication_case_meets_requirements,0.5284675285560001,0.0,0.024241522903033896,0.0,10036.224000000031,8654.465501386492,1,2,False
sender,3.75,23.0,0.4,0.0075,infeasible,no_communication_case_meets_requirements,0.5284675285560001,0.0,0.024241522903033896,0.0,10036.224000000031,8654.465501386492,1,2,False
sender,4.0,23.0,0.4,0.0075,infeasible,no_communication_case_meets_requirements,0.5284675285560001,0.0,0.024241522903033896,0.0,10036.224000000031,8654.465501386492,1,2,False
sender,4.25,23.0,0.4,0.0075,infeasible,no_communication_case_meets_requirements,0.0,0.0,0.0,0.0,10036.224000000031,8654.465501386492,1,2,False
sender,4.5,23.0,0.4,0.0075,infeasible,no_communication_case_meets_requirements,0.0,0.0,0.0,0.0,10036.224000000031,8654.465501386492,1,2,False
sender,4.75,23.0,0.4,0.0075,infeasible,no_communication_case_meets_requirements,0.0,0.0,0.0,0.0,10036.224000000031,8654.465501386492,1,2,False
sender,5.0,23.0,0.4,0.0075,infeasible,no_communication_case_meets_requirements,0.0,0.0,0.0,0.0,10036.224000000031,8654.465501386492,1,2,False
sender,5.25,23.0,0.4,0.0075,infeasible,no_communication_case_meets_requirements,0.0,0.0,0.0,0.0,10036.224000000031,8654.465501386492,1,2,False
sender,5.5,23.0,0.4,0.0075,infeasible,no_communication_case_meets_requirements,0.0,0.0,0.0,0.0,10036.224000000031,8654.465501386492,1,2,False
sender,5.75,23.0,0.4,0.0075,infeasible,no_communication_case_meets_requirements,0.0,0.0,0.0,0.0,10036.224000000031,8654.465501386492,1,2,False
sender,6.0,23.0,0.4,0.0075,infeasible,no_communication_case_meets_requirements,0.0,0.0,0.0,0.0,10036.224000000031,8654.465501386492,1,2,False
sender,6.25,23.0,0.4,0.0075,infeasible,no_communication_case_meets_requirements,0.0,0.0,0.0,0.0,10036.224000000031,8654.465501386492,1,2,False
sender,6.5,23.0,0.4,0.0075,infeasible,no_communication_case_meets_requirements,0.0,0.0,0.0,0.0,10036.224000000031,8654.465501386492,1,2,False
sender,6.75,23.0,0.4,0.0075,infeasible,no_communication_case_meets_requirements,0.0,0.0,0.0,0.0,10036.224000000031,8654.465501386492,1,2,False
sender,7.0,23.0,0.4,0.0075,infeasible,no_communication_case_meets_requirements,0.0,0.0,0.0,0.0,10036.224000000031,8654.465501386492,1,2,False
sender,7.25,23.0,0.4,0.0075,infeasible,no_communication_case_meets_requirements,0.0,0.0,0.0,0.0,10036.224000000031,8654.465501386492,1,2,False
sender,7.5,23.0,0.4,0.0075,infeasible,no_communication_case_meets_requirements,0.0,0.0,0.0,0.0,10036.224000000031,8654.465501386492,1,2,False
sender,7.75,23.0,0.4,0.0075,infeasible,no_communication_case_meets_requirements,0.0,0.0,0.0,0.0,10036.224000000031,8654.465501386492,1,2,False
sender,8.0,23.0,0.4,0.0075,infeasible,no_communication_case_meets_requirements,0.0,0.0,0.0,0.0,10036.224000000031,8654.465501386492,1,2,False
sender,0.0,23.5,0.4,0.0075,feedback,minimum_traffic_feasible,0.5284675285560001,0.5115928239419154,0.024241522903033896,0.006621649577619159,10036.224000000031,8654.465501386492,1,2,False
sender,0.25,23.5,0.4,0.0075,feedback,minimum_traffic_feasible,0.5284675285560001,0.5115928239419154,0.024241522903033896,0.006621649577619159,10036.224000000031,8654.465501386492,1,2,False
sender,0.5,23.5,0.4,0.0075,feedback,minimum_traffic_feasible,0.5284675285560001,0.5115928239419154,0.024241522903033896,0.006621649577619159,10036.224000000031,8654.465501386492,1,2,False
sender,0.75,23.5,0.4,0.0075,feedback,minimum_traffic_feasible,0.5284675285560001,0.5115928239419154,0.024241522903033896,0.006621649577619159,10036.224000000031,8654.465501386492,1,2,False
sender,1.0,23.5,0.4,0.0075,feedback,minimum_traffic_feasible,0.5284675285560001,0.5115928239419154,0.024241522903033896,0.006621649577619159,10036.224000000031,8654.465501386492,1,2,False
sender,1.25,23.5,0.4,0.0075,feedback,minimum_traffic_feasible,0.5284675285560001,0.5115928239419154,0.024241522903033896,0.006621649577619159,10036.224000000031,8654.465501386492,1,2,False
sender,1.5,23.5,0.4,0.0075,feedback,minimum_traffic_feasible,0.5284675285560001,0.5115928239419154,0.024241522903033896,0.006621649577619159,10036.224000000031,8654.465501386492,1,2,False
sender,1.75,23.5,0.4,0.0075,feedback,minimum_traffic_feasible,0.5284675285560001,0.511061665740272,0.024241522903033896,0.006513192094817184,10036.224000000031,8654.465501386492,1,2,False
sender,2.0,23.5,0.4,0.0075,feedback,minimum_traffic_feasible,0.5284675285560001,0.511061665740272,0.024241522903033896,0.006513192094817184,10036.224000000031,8654.465501386492,1,2,False
sender,2.25,23.5,0.4,0.0075,infeasible,no_communication_case_meets_requirements,0.5284675285560001,0.0,0.024241522903033896,0.0,10036.224000000031,8654.465501386492,1,2,False
sender,2.5,23.5,0.4,0.0075,infeasible,no_communication_case_meets_requirements,0.5284675285560001,0.0,0.024241522903033896,0.0,10036.224000000031,8654.465501386492,1,2,False
sender,2.75,23.5,0.4,0.0075,infeasible,no_communication_case_meets_requirements,0.5284675285560001,0.0,0.024241522903033896,0.0,10036.224000000031,8654.465501386492,1,2,False
sender,3.0,23.5,0.4,0.0075,infeasible,no_communication_case_meets_requirements,0.5284675285560001,0.0,0.024241522903033896,0.0,10036.224000000031,8654.465501386492,1,2,False
sender,3.25,23.5,0.4,0.0075,infeasible,no_communication_case_meets_requirements,0.5284675285560001,0.0,0.024241522903033896,0.0,10036.224000000031,8654.465501386492,1,2,False
sender,3.5,23.5,0.4,0.0075,infeasible,no_communication_case_meets_requirements,0.5284675285560001,0.0,0.024241522903033896,0.0,10036.224000000031,8654.465501386492,1,2,False
sender,3.75,23.5,0.4,0.0075,infeasible,no_communication_case_meets_requirements,0.5284675285560001,0.0,0.024241522903033896,0.0,10036.224000000031,8654.465501386492,1,2,False
sender,4.0,23.5,0.4,0.0075,infeasible,no_communication_case_meets_requirements,0.5284675285560001,0.0,0.024241522903033896,0.0,10036.224000000031,8654.465501386492,1,2,False
sender,4.25,23.5,0.4,0.0075,infeasible,no_communication_case_meets_requirements,0.0,0.0,0.0,0.0,10036.224000000031,8654.465501386492,1,2,False
sender,4.5,23.5,0.4,0.0075,infeasible,no_communication_case_meets_requirements,0.0,0.0,0.0,0.0,10036.224000000031,8654.465501386492,1,2,False
sender,4.75,23.5,0.4,0.0075,infeasible,no_communication_case_meets_requirements,0.0,0.0,0.0,0.0,10036.224000000031,8654.465501386492,1,2,False
sender,5.0,23.5,0.4,0.0075,infeasible,no_communication_case_meets_requirements,0.0,0.0,0.0,0.0,10036.224000000031,8654.465501386492,1,2,False
sender,5.25,23.5,0.4,0.0075,infeasible,no_communication_case_meets_requirements,0.0,0.0,0.0,0.0,10036.224000000031,8654.465501386492,1,2,False
sender,5.5,23.5,0.4,0.0075,infeasible,no_communication_case_meets_requirements,0.0,0.0,0.0,0.0,10036.224000000031,8654.465501386492,1,2,False
sender,5.75,23.5,0.4,0.0075,infeasible,no_communication_case_meets_requirements,0.0,0.0,0.0,0.0,10036.224000000031,8654.465501386492,1,2,False
sender,6.0,23.5,0.4,0.0075,infeasible,no_communication_case_meets_requirements,0.0,0.0,0.0,0.0,10036.224000000031,8654.465501386492,1,2,False
sender,6.25,23.5,0.4,0.0075,infeasible,no_communication_case_meets_requirements,0.0,0.0,0.0,0.0,10036.224000000031,8654.465501386492,1,2,False
sender,6.5,23.5,0.4,0.0075,infeasible,no_communication_case_meets_requirements,0.0,0.0,0.0,0.0,10036.224000000031,8654.465501386492,1,2,False
sender,6.75,23.5,0.4,0.0075,infeasible,no_communication_case_meets_requirements,0.0,0.0,0.0,0.0,10036.224000000031,8654.465501386492,1,2,False
sender,7.0,23.5,0.4,0.0075,infeasible,no_communication_case_meets_requirements,0.0,0.0,0.0,0.0,10036.224000000031,8654.465501386492,1,2,False
sender,7.25,23.5,0.4,0.0075,infeasible,no_communication_case_meets_requirements,0.0,0.0,0.0,0.0,10036.224000000031,8654.465501386492,1,2,False
sender,7.5,23.5,0.4,0.0075,infeasible,no_communication_case_meets_requirements,0.0,0.0,0.0,0.0,10036.224000000031,8654.465501386492,1,2,False
sender,7.75,23.5,0.4,0.0075,infeasible,no_communication_case_meets_requirements,0.0,0.0,0.0,0.0,10036.224000000031,8654.465501386492,1,2,False
sender,8.0,23.5,0.4,0.0075,infeasible,no_communication_case_meets_requirements,0.0,0.0,0.0,0.0,10036.224000000031,8654.465501386492,1,2,False
sender,0.0,24.0,0.4,0.0075,feedback,minimum_traffic_feasible,0.5284675285560001,0.5115928239419154,0.024241522903033896,0.006621649577619159,10036.224000000031,8654.465501386492,1,2,False
sender,0.25,24.0,0.4,0.0075,feedback,minimum_traffic_feasible,0.5284675285560001,0.5115928239419154,0.024241522903033896,0.006621649577619159,10036.224000000031,8654.465501386492,1,2,False
sender,0.5,24.0,0.4,0.0075,feedback,minimum_traffic_feasible,0.5284675285560001,0.5115928239419154,0.024241522903033896,0.006621649577619159,10036.224000000031,8654.465501386492,1,2,False
sender,0.75,24.0,0.4,0.0075,feedback,minimum_traffic_feasible,0.5284675285560001,0.5115928239419154,0.024241522903033896,0.006621649577619159,10036.224000000031,8654.465501386492,1,2,False
sender,1.0,24.0,0.4,0.0075,feedback,minimum_traffic_feasible,0.5284675285560001,0.5115928239419154,0.024241522903033896,0.006621649577619159,10036.224000000031,8654.465501386492,1,2,False
sender,1.25,24.0,0.4,0.0075,feedback,minimum_traffic_feasible,0.5284675285560001,0.5115928239419154,0.024241522903033896,0.006621649577619159,10036.224000000031,8654.465501386492,1,2,False
sender,1.5,24.0,0.4,0.0075,feedback,minimum_traffic_feasible,0.5284675285560001,0.5115928239419154,0.024241522903033896,0.006621649577619159,10036.224000000031,8654.465501386492,1,2,False
sender,1.75,24.0,0.4,0.0075,feedback,minimum_traffic_feasible,0.5284675285560001,0.511061665740272,0.024241522903033896,0.006513192094817184,10036.224000000031,8654.465501386492,1,2,False
sender,2.0,24.0,0.4,0.0075,feedback,minimum_traffic_feasible,0.5284675285560001,0.511061665740272,0.024241522903033896,0.006513192094817184,10036.224000000031,8654.465501386492,1,2,False
sender,2.25,24.0,0.4,0.0075,infeasible,no_communication_case_meets_requirements,0.5284675285560001,0.0,0.024241522903033896,0.0,10036.224000000031,8654.465501386492,1,2,False
sender,2.5,24.0,0.4,0.0075,infeasible,no_communication_case_meets_requirements,0.5284675285560001,0.0,0.024241522903033896,0.0,10036.224000000031,8654.465501386492,1,2,False
sender,2.75,24.0,0.4,0.0075,infeasible,no_communication_case_meets_requirements,0.5284675285560001,0.0,0.024241522903033896,0.0,10036.224000000031,8654.465501386492,1,2,False
sender,3.0,24.0,0.4,0.0075,infeasible,no_communication_case_meets_requirements,0.5284675285560001,0.0,0.024241522903033896,0.0,10036.224000000031,8654.465501386492,1,2,False
sender,3.25,24.0,0.4,0.0075,infeasible,no_communication_case_meets_requirements,0.5284675285560001,0.0,0.024241522903033896,0.0,10036.224000000031,8654.465501386492,1,2,False
sender,3.5,24.0,0.4,0.0075,infeasible,no_communication_case_meets_requirements,0.5284675285560001,0.0,0.024241522903033896,0.0,10036.224000000031,8654.465501386492,1,2,False
sender,3.75,24.0,0.4,0.0075,infeasible,no_communication_case_meets_requirements,0.5284675285560001,0.0,0.024241522903033896,0.0,10036.224000000031,8654.465501386492,1,2,False
sender,4.0,24.0,0.4,0.0075,infeasible,no_communication_case_meets_requirements,0.5284675285560001,0.0,0.024241522903033896,0.0,10036.224000000031,8654.465501386492,1,2,False
sender,4.25,24.0,0.4,0.0075,infeasible,no_communication_case_meets_requirements,0.0,0.0,0.0,0.0,10036.224000000031,8654.465501386492,1,2,False
sender,4.5,24.0,0.4,0.0075,infeasible,no_communication_case_meets_requirements,0.0,0.0,0.0,0.0,10036.224000000031,8654.465501386492,1,2,False
sender,4.75,24.0,0.4,0.0075,infeasible,no_communication_case_meets_requirements,0.0,0.0,0.0,0.0,10036.224000000031,8654.465501386492,1,2,False
sender,5.0,24.0,0.4,0.0075,infeasible,no_communication_case_meets_requirements,0.0,0.0,0.0,0.0,10036.224000000031,8654.465501386492,1,2,False
sender,5.25,24.0,0.4,0.0075,infeasible,no_communication_case_meets_requirements,0.0,0.0,0.0,0.0,10036.224000000031,8654.465501386492,1,2,False
sender,5.5,24.0,0.4,0.0075,infeasible,no_communication_case_meets_requirements,0.0,0.0,0.0,0.0,10036.224000000031,8654.465501386492,1,2,False
sender,5.75,24.0,0.4,0.0075,infeasible,no_communication_case_meets_requirements,0.0,0.0,0.0,0.0,10036.224000000031,8654.465501386492,1,2,False
sender,6.0,24.0,0.4,0.0075,infeasible,no_communication_case_meets_requirements,0.0,0.0,0.0,0.0,10036.224000000031,8654.465501386492,1,2,False
sender,6.25,24.0,0.4,0.0075,infeasible,no_communication_case_meets_requirements,0.0,0.0,0.0,0.0,10036.224000000031,8654.465501386492,1,2,False
sender,6.5,24.0,0.4,0.0075,infeasible,no_communication_case_meets_requirements,0.0,0.0,0.0,0.0,10036.224000000031,8654.465501386492,1,2,False
sender,6.75,24.0,0.4,0.0075,infeasible,no_communication_case_meets_requirements,0.0,0.0,0.0,0.0,10036.224000000031,8654.465501386492,1,2,False
sender,7.0,24.0,0.4,0.0075,infeasible,no_communication_case_meets_requirements,0.0,0.0,0.0,0.0,10036.224000000031,8654.465501386492,1,2,False
sender,7.25,24.0,0.4,0.0075,infeasible,no_communication_case_meets_requirements,0.0,0.0,0.0,0.0,10036.224000000031,8654.465501386492,1,2,False
sender,7.5,24.0,0.4,0.0075,infeasible,no_communication_case_meets_requirements,0.0,0.0,0.0,0.0,10036.224000000031,8654.465501386492,1,2,False
sender,7.75,24.0,0.4,0.0075,infeasible,no_communication_case_meets_requirements,0.0,0.0,0.0,0.0,10036.224000000031,8654.465501386492,1,2,False
sender,8.0,24.0,0.4,0.0075,infeasible,no_communication_case_meets_requirements,0.0,0.0,0.0,0.0,10036.224000000031,8654.465501386492,1,2,False
sender,0.0,24.5,0.4,0.0075,feedback,minimum_traffic_feasible,0.5284675285560001,0.5115928239419154,0.024241522903033896,0.006621649577619159,10036.224000000031,8654.465501386492,1,2,False
sender,0.25,24.5,0.4,0.0075,feedback,minimum_traffic_feasible,0.5284675285560001,0.5115928239419154,0.024241522903033896,0.006621649577619159,10036.224000000031,8654.465501386492,1,2,False
sender,0.5,24.5,0.4,0.0075,feedback,minimum_traffic_feasible,0.5284675285560001,0.5115928239419154,0.024241522903033896,0.006621649577619159,10036.224000000031,8654.465501386492,1,2,False
sender,0.75,24.5,0.4,0.0075,feedback,minimum_traffic_feasible,0.5284675285560001,0.5115928239419154,0.024241522903033896,0.006621649577619159,10036.224000000031,8654.465501386492,1,2,False
sender,1.0,24.5,0.4,0.0075,feedback,minimum_traffic_feasible,0.5284675285560001,0.5115928239419154,0.024241522903033896,0.006621649577619159,10036.224000000031,8654.465501386492,1,2,False
sender,1.25,24.5,0.4,0.0075,feedback,minimum_traffic_feasible,0.5284675285560001,0.5115928239419154,0.024241522903033896,0.006621649577619159,10036.224000000031,8654.465501386492,1,2,False
sender,1.5,24.5,0.4,0.0075,feedback,minimum_traffic_feasible,0.5284675285560001,0.5115928239419154,0.024241522903033896,0.006621649577619159,10036.224000000031,8654.465501386492,1,2,False
sender,1.75,24.5,0.4,0.0075,feedback,minimum_traffic_feasible,0.5284675285560001,0.511061665740272,0.024241522903033896,0.006513192094817184,10036.224000000031,8654.465501386492,1,2,False
sender,2.0,24.5,0.4,0.0075,feedback,minimum_traffic_feasible,0.5284675285560001,0.511061665740272,0.024241522903033896,0.006513192094817184,10036.224000000031,8654.465501386492,1,2,False
sender,2.25,24.5,0.4,0.0075,infeasible,no_communication_case_meets_requirements,0.5284675285560001,0.0,0.024241522903033896,0.0,10036.224000000031,8654.465501386492,1,2,False
sender,2.5,24.5,0.4,0.0075,infeasible,no_communication_case_meets_requirements,0.5284675285560001,0.0,0.024241522903033896,0.0,10036.224000000031,8654.465501386492,1,2,False
sender,2.75,24.5,0.4,0.0075,infeasible,no_communication_case_meets_requirements,0.5284675285560001,0.0,0.024241522903033896,0.0,10036.224000000031,8654.465501386492,1,2,False
sender,3.0,24.5,0.4,0.0075,infeasible,no_communication_case_meets_requirements,0.5284675285560001,0.0,0.024241522903033896,0.0,10036.224000000031,8654.465501386492,1,2,False
sender,3.25,24.5,0.4,0.0075,infeasible,no_communication_case_meets_requirements,0.5284675285560001,0.0,0.024241522903033896,0.0,10036.224000000031,8654.465501386492,1,2,False
sender,3.5,24.5,0.4,0.0075,infeasible,no_communication_case_meets_requirements,0.5284675285560001,0.0,0.024241522903033896,0.0,10036.224000000031,8654.465501386492,1,2,False
sender,3.75,24.5,0.4,0.0075,infeasible,no_communication_case_meets_requirements,0.5284675285560001,0.0,0.024241522903033896,0.0,10036.224000000031,8654.465501386492,1,2,False
sender,4.0,24.5,0.4,0.0075,infeasible,no_communication_case_meets_requirements,0.5284675285560001,0.0,0.024241522903033896,0.0,10036.224000000031,8654.465501386492,1,2,False
sender,4.25,24.5,0.4,0.0075,infeasible,no_communication_case_meets_requirements,0.0,0.0,0.0,0.0,10036.224000000031,8654.465501386492,1,2,False
sender,4.5,24.5,0.4,0.0075,infeasible,no_communication_case_meets_requirements,0.0,0.0,0.0,0.0,10036.224000000031,8654.465501386492,1,2,False
sender,4.75,24.5,0.4,0.0075,infeasible,no_communication_case_meets_requirements,0.0,0.0,0.0,0.0,10036.224000000031,8654.465501386492,1,2,False
sender,5.0,24.5,0.4,0.0075,infeasible,no_communication_case_meets_requirements,0.0,0.0,0.0,0.0,10036.224000000031,8654.465501386492,1,2,False
sender,5.25,24.5,0.4,0.0075,infeasible,no_communication_case_meets_requirements,0.0,0.0,0.0,0.0,10036.224000000031,8654.465501386492,1,2,False
sender,5.5,24.5,0.4,0.0075,infeasible,no_communication_case_meets_requirements,0.0,0.0,0.0,0.0,10036.224000000031,8654.465501386492,1,2,False
sender,5.75,24.5,0.4,0.0075,infeasible,no_communication_case_meets_requirements,0.0,0.0,0.0,0.0,10036.224000000031,8654.465501386492,1,2,False
sender,6.0,24.5,0.4,0.0075,infeasible,no_communication_case_meets_requirements,0.0,0.0,0.0,0.0,10036.224000000031,8654.465501386492,1,2,False
sender,6.25,24.5,0.4,0.0075,infeasible,no_communication_case_meets_requirements,0.0,0.0,0.0,0.0,10036.224000000031,8654.465501386492,1,2,False
sender,6.5,24.5,0.4,0.0075,infeasible,no_communication_case_meets_requirements,0.0,0.0,0.0,0.0,10036.224000000031,8654.465501386492,1,2,False
sender,6.75,24.5,0.4,0.0075,infeasible,no_communication_case_meets_requirements,0.0,0.0,0.0,0.0,10036.224000000031,8654.465501386492,1,2,False
sender,7.0,24.5,0.4,0.0075,infeasible,no_communication_case_meets_requirements,0.0,0.0,0.0,0.0,10036.224000000031,8654.465501386492,1,2,False
sender,7.25,24.5,0.4,0.0075,infeasible,no_communication_case_meets_requirements,0.0,0.0,0.0,0.0,10036.224000000031,8654.465501386492,1,2,False
sender,7.5,24.5,0.4,0.0075,infeasible,no_communication_case_meets_requirements,0.0,0.0,0.0,0.0,10036.224000000031,8654.465501386492,1,2,False
sender,7.75,24.5,0.4,0.0075,infeasible,no_communication_case_meets_requirements,0.0,0.0,0.0,0.0,10036.224000000031,8654.465501386492,1,2,False
sender,8.0,24.5,0.4,0.0075,infeasible,no_communication_case_meets_requirements,0.0,0.0,0.0,0.0,10036.224000000031,8654.465501386492,1,2,False
sender,0.0,25.0,0.4,0.0075,feedback,minimum_traffic_feasible,0.5284675285560001,0.5115928239419154,0.024241522903033896,0.006621649577619159,10036.224000000031,8654.465501386492,1,2,False
sender,0.25,25.0,0.4,0.0075,feedback,minimum_traffic_feasible,0.5284675285560001,0.5115928239419154,0.024241522903033896,0.006621649577619159,10036.224000000031,8654.465501386492,1,2,False
sender,0.5,25.0,0.4,0.0075,feedback,minimum_traffic_feasible,0.5284675285560001,0.5115928239419154,0.024241522903033896,0.006621649577619159,10036.224000000031,8654.465501386492,1,2,False
sender,0.75,25.0,0.4,0.0075,feedback,minimum_traffic_feasible,0.5284675285560001,0.5115928239419154,0.024241522903033896,0.006621649577619159,10036.224000000031,8654.465501386492,1,2,False
sender,1.0,25.0,0.4,0.0075,feedback,minimum_traffic_feasible,0.5284675285560001,0.5115928239419154,0.024241522903033896,0.006621649577619159,10036.224000000031,8654.465501386492,1,2,False
sender,1.25,25.0,0.4,0.0075,feedback,minimum_traffic_feasible,0.5284675285560001,0.5115928239419154,0.024241522903033896,0.006621649577619159,10036.224000000031,8654.465501386492,1,2,False
sender,1.5,25.0,0.4,0.0075,feedback,minimum_traffic_feasible,0.5284675285560001,0.5115928239419154,0.024241522903033896,0.006621649577619159,10036.224000000031,8654.465501386492,1,2,False
sender,1.75,25.0,0.4,0.0075,feedback,minimum_traffic_feasible,0.5284675285560001,0.511061665740272,0.024241522903033896,0.006513192094817184,10036.224000000031,8654.465501386492,1,2,False
sender,2.0,25.0,0.4,0.0075,feedback,minimum_traffic_feasible,0.5284675285560001,0.511061665740272,0.024241522903033896,0.006513192094817184,10036.224000000031,8654.465501386492,1,2,False
sender,2.25,25.0,0.4,0.0075,infeasible,no_communication_case_meets_requirements,0.5284675285560001,0.0,0.024241522903033896,0.0,10036.224000000031,8654.465501386492,1,2,False
sender,2.5,25.0,0.4,0.0075,infeasible,no_communication_case_meets_requirements,0.5284675285560001,0.0,0.024241522903033896,0.0,10036.224000000031,8654.465501386492,1,2,False
sender,2.75,25.0,0.4,0.0075,infeasible,no_communication_case_meets_requirements,0.5284675285560001,0.0,0.024241522903033896,0.0,10036.224000000031,8654.465501386492,1,2,False
sender,3.0,25.0,0.4,0.0075,infeasible,no_communication_case_meets_requirements,0.5284675285560001,0.0,0.024241522903033896,0.0,10036.224000000031,8654.465501386492,1,2,False
sender,3.25,25.0,0.4,0.0075,infeasible,no_communication_case_meets_requirements,0.5284675285560001,0.0,0.024241522903033896,0.0,10036.224000000031,8654.465501386492,1,2,False
sender,3.5,25.0,0.4,0.0075,infeasible,no_communication_case_meets_requirements,0.5284675285560001,0.0,0.024241522903033896,0.0,10036.224000000031,8654.465501386492,1,2,False
sender,3.75,25.0,0.4,0.0075,infeasible,no_communication_case_meets_requirements,0.5284675285560001,0.0,0.024241522903033896,0.0,10036.224000000031,8654.465501386492,1,2,False
sender,4.0,25.0,0.4,0.0075,infeasible,no_communication_case_meets_requirements,0.5284675285560001,0.0,0.024241522903033896,0.0,10036.224000000031,8654.465501386492,1,2,False
sender,4.25,25.0,0.4,0.0075,infeasible,no_communication_case_meets_requirements,0.0,0.0,0.0,0.0,10036.224000000031,8654.465501386492,1,2,False
sender,4.5,25.0,0.4,0.0075,infeasible,no_communication_case_meets_requirements,0.0,0.0,0.0,0.0,10036.224000000031,8654.465501386492,1,2,False
sender,4.75,25.0,0.4,0.0075,infeasible,no_communication_case_meets_requirements,0.0,0.0,0.0,0.0,10036.224000000031,8654.465501386492,1,2,False
sender,5.0,25.0,0.4,0.0075,infeasible,no_communication_case_meets_requirements,0.0,0.0,0.0,0.0,10036.224000000031,8654.465501386492,1,2,False
sender,5.25,25.0,0.4,0.0075,infeasible,no_communication_case_meets_requirements,0.0,0.0,0.0,0.0,10036.224000000031,8654.465501386492,1,2,False
sender,5.5,25.0,0.4,0.0075,infeasible,no_communication_case_meets_requirements,0.0,0.0,0.0,0.0,10036.224000000031,8654.465501386492,1,2,False
sender,5.75,25.0,0.4,0.0075,infeasible,no_communication_case_meets_requirements,0.0,0.0,0.0,0.0,10036.224000000031,8654.465501386492,1,2,False
sender,6.0,25.0,0.4,0.0075,infeasible,no_communication_case_meets_requirements,0.0,0.0,0.0,0.0,10036.224000000031,8654.465501386492,1,2,False
sender,6.25,25.0,0.4,0.0075,infeasible,no_communication_case_meets_requirements,0.0,0.0,0.0,0.0,10036.224000000031,8654.465501386492,1,2,False
sender,6.5,25.0,0.4,0.0075,infeasible,no_communication_case_meets_requirements,0.0,0.0,0.0,0.0,10036.224000000031,8654.465501386492,1,2,False
sender,6.75,25.0,0.4,0.0075,infeasible,no_communication_case_meets_requirements,0.0,0.0,0.0,0.0,10036.224000000031,8654.465501386492,1,2,False
sender,7.0,25.0,0.4,0.0075,infeasible,no_communication_case_meets_requirements,0.0,0.0,0.0,0.0,10036.224000000031,8654.465501386492,1,2,False
sender,7.25,25.0,0.4,0.0075,infeasible,no_communication_case_meets_requirements,0.0,0.0,0.0,0.0,10036.224000000031,8654.465501386492,1,2,False
sender,7.5,25.0,0.4,0.0075,infeasible,no_communication_case_meets_requirements,0.0,0.0,0.0,0.0,10036.224000000031,8654.465501386492,1,2,False
sender,7.75,25.0,0.4,0.0075,infeasible,no_communication_case_meets_requirements,0.0,0.0,0.0,0.0,10036.224000000031,8654.465501386492,1,2,False
sender,8.0,25.0,0.4,0.0075,infeasible,no_communication_case_meets_requirements,0.0,0.0,0.0,0.0,10036.224000000031,8654.465501386492,1,2,False
sender,0.0,25.5,0.4,0.0075,feedback,minimum_traffic_feasible,0.5284675285560001,0.5115928239419154,0.024241522903033896,0.006621649577619159,10036.224000000031,8654.465501386492,1,2,False
sender,0.25,25.5,0.4,0.0075,feedback,minimum_traffic_feasible,0.5284675285560001,0.5115928239419154,0.024241522903033896,0.006621649577619159,10036.224000000031,8654.465501386492,1,2,False
sender,0.5,25.5,0.4,0.0075,feedback,minimum_traffic_feasible,0.5284675285560001,0.5115928239419154,0.024241522903033896,0.006621649577619159,10036.224000000031,8654.465501386492,1,2,False
sender,0.75,25.5,0.4,0.0075,feedback,minimum_traffic_feasible,0.5284675285560001,0.5115928239419154,0.024241522903033896,0.006621649577619159,10036.224000000031,8654.465501386492,1,2,False
sender,1.0,25.5,0.4,0.0075,feedback,minimum_traffic_feasible,0.5284675285560001,0.5115928239419154,0.024241522903033896,0.006621649577619159,10036.224000000031,8654.465501386492,1,2,False
sender,1.25,25.5,0.4,0.0075,feedback,minimum_traffic_feasible,0.5284675285560001,0.5115928239419154,0.024241522903033896,0.006621649577619159,10036.224000000031,8654.465501386492,1,2,False
sender,1.5,25.5,0.4,0.0075,feedback,minimum_traffic_feasible,0.5284675285560001,0.5115928239419154,0.024241522903033896,0.006621649577619159,10036.224000000031,8654.465501386492,1,2,False
sender,1.75,25.5,0.4,0.0075,feedback,minimum_traffic_feasible,0.5284675285560001,0.511061665740272,0.024241522903033896,0.006513192094817184,10036.224000000031,8654.465501386492,1,2,False
sender,2.0,25.5,0.4,0.0075,feedback,minimum_traffic_feasible,0.5284675285560001,0.511061665740272,0.024241522903033896,0.006513192094817184,10036.224000000031,8654.465501386492,1,2,False
sender,2.25,25.5,0.4,0.0075,infeasible,no_communication_case_meets_requirements,0.5284675285560001,0.0,0.024241522903033896,0.0,10036.224000000031,8654.465501386492,1,2,False
sender,2.5,25.5,0.4,0.0075,infeasible,no_communication_case_meets_requirements,0.5284675285560001,0.0,0.024241522903033896,0.0,10036.224000000031,8654.465501386492,1,2,False
sender,2.75,25.5,0.4,0.0075,infeasible,no_communication_case_meets_requirements,0.5284675285560001,0.0,0.024241522903033896,0.0,10036.224000000031,8654.465501386492,1,2,False
sender,3.0,25.5,0.4,0.0075,infeasible,no_communication_case_meets_requirements,0.5284675285560001,0.0,0.024241522903033896,0.0,10036.224000000031,8654.465501386492,1,2,False
sender,3.25,25.5,0.4,0.0075,infeasible,no_communication_case_meets_requirements,0.5284675285560001,0.0,0.024241522903033896,0.0,10036.224000000031,8654.465501386492,1,2,False
sender,3.5,25.5,0.4,0.0075,infeasible,no_communication_case_meets_requirements,0.5284675285560001,0.0,0.024241522903033896,0.0,10036.224000000031,8654.465501386492,1,2,False
sender,3.75,25.5,0.4,0.0075,infeasible,no_communication_case_meets_requirements,0.5284675285560001,0.0,0.024241522903033896,0.0,10036.224000000031,8654.465501386492,1,2,False
sender,4.0,25.5,0.4,0.0075,infeasible,no_communication_case_meets_requirements,0.5284675285560001,0.0,0.024241522903033896,0.0,10036.224000000031,8654.465501386492,1,2,False
sender,4.25,25.5,0.4,0.0075,infeasible,no_communication_case_meets_requirements,0.0,0.0,0.0,0.0,10036.224000000031,8654.465501386492,1,2,False
sender,4.5,25.5,0.4,0.0075,infeasible,no_communication_case_meets_requirements,0.0,0.0,0.0,0.0,10036.224000000031,8654.465501386492,1,2,False
sender,4.75,25.5,0.4,0.0075,infeasible,no_communication_case_meets_requirements,0.0,0.0,0.0,0.0,10036.224000000031,8654.465501386492,1,2,False
sender,5.0,25.5,0.4,0.0075,infeasible,no_communication_case_meets_requirements,0.0,0.0,0.0,0.0,10036.224000000031,8654.465501386492,1,2,False
sender,5.25,25.5,0.4,0.0075,infeasible,no_communication_case_meets_requirements,0.0,0.0,0.0,0.0,10036.224000000031,8654.465501386492,1,2,False
sender,5.5,25.5,0.4,0.0075,infeasible,no_communication_case_meets_requirements,0.0,0.0,0.0,0.0,10036.224000000031,8654.465501386492,1,2,False
sender,5.75,25.5,0.4,0.0075,infeasible,no_communication_case_meets_requirements,0.0,0.0,0.0,0.0,10036.224000000031,8654.465501386492,1,2,False
sender,6.0,25.5,0.4,0.0075,infeasible,no_communication_case_meets_requirements,0.0,0.0,0.0,0.0,10036.224000000031,8654.465501386492,1,2,False
sender,6.25,25.5,0.4,0.0075,infeasible,no_communication_case_meets_requirements,0.0,0.0,0.0,0.0,10036.224000000031,8654.465501386492,1,2,False
sender,6.5,25.5,0.4,0.0075,infeasible,no_communication_case_meets_requirements,0.0,0.0,0.0,0.0,10036.224000000031,8654.465501386492,1,2,False
sender,6.75,25.5,0.4,0.0075,infeasible,no_communication_case_meets_requirements,0.0,0.0,0.0,0.0,10036.224000000031,8654.465501386492,1,2,False
sender,7.0,25.5,0.4,0.0075,infeasible,no_communication_case_meets_requirements,0.0,0.0,0.0,0.0,10036.224000000031,8654.465501386492,1,2,False
sender,7.25,25.5,0.4,0.0075,infeasible,no_communication_case_meets_requirements,0.0,0.0,0.0,0.0,10036.224000000031,8654.465501386492,1,2,False
sender,7.5,25.5,0.4,0.0075,infeasible,no_communication_case_meets_requirements,0.0,0.0,0.0,0.0,10036.224000000031,8654.465501386492,1,2,False
sender,7.75,25.5,0.4,0.0075,infeasible,no_communication_case_meets_requirements,0.0,0.0,0.0,0.0,10036.224000000031,8654.465501386492,1,2,False
sender,8.0,25.5,0.4,0.0075,infeasible,no_communication_case_meets_requirements,0.0,0.0,0.0,0.0,10036.224000000031,8654.465501386492,1,2,False
sender,0.0,26.0,0.4,0.0075,feedback,minimum_traffic_feasible,0.5284675285560001,0.5115928239419154,0.024241522903033896,0.006621649577619159,10036.224000000031,8654.465501386492,1,2,False
sender,0.25,26.0,0.4,0.0075,feedback,minimum_traffic_feasible,0.5284675285560001,0.5115928239419154,0.024241522903033896,0.006621649577619159,10036.224000000031,8654.465501386492,1,2,False
sender,0.5,26.0,0.4,0.0075,feedback,minimum_traffic_feasible,0.5284675285560001,0.5115928239419154,0.024241522903033896,0.006621649577619159,10036.224000000031,8654.465501386492,1,2,False
sender,0.75,26.0,0.4,0.0075,feedback,minimum_traffic_feasible,0.5284675285560001,0.5115928239419154,0.024241522903033896,0.006621649577619159,10036.224000000031,8654.465501386492,1,2,False
sender,1.0,26.0,0.4,0.0075,feedback,minimum_traffic_feasible,0.5284675285560001,0.5115928239419154,0.024241522903033896,0.006621649577619159,10036.224000000031,8654.465501386492,1,2,False
sender,1.25,26.0,0.4,0.0075,feedback,minimum_traffic_feasible,0.5284675285560001,0.5115928239419154,0.024241522903033896,0.006621649577619159,10036.224000000031,8654.465501386492,1,2,False
sender,1.5,26.0,0.4,0.0075,feedback,minimum_traffic_feasible,0.5284675285560001,0.5115928239419154,0.024241522903033896,0.006621649577619159,10036.224000000031,8654.465501386492,1,2,False
sender,1.75,26.0,0.4,0.0075,feedback,minimum_traffic_feasible,0.5284675285560001,0.511061665740272,0.024241522903033896,0.006513192094817184,10036.224000000031,8654.465501386492,1,2,False
sender,2.0,26.0,0.4,0.0075,feedback,minimum_traffic_feasible,0.5284675285560001,0.511061665740272,0.024241522903033896,0.006513192094817184,10036.224000000031,8654.465501386492,1,2,False
sender,2.25,26.0,0.4,0.0075,infeasible,no_communication_case_meets_requirements,0.5284675285560001,0.0,0.024241522903033896,0.0,10036.224000000031,8654.465501386492,1,2,False
sender,2.5,26.0,0.4,0.0075,infeasible,no_communication_case_meets_requirements,0.5284675285560001,0.0,0.024241522903033896,0.0,10036.224000000031,8654.465501386492,1,2,False
sender,2.75,26.0,0.4,0.0075,infeasible,no_communication_case_meets_requirements,0.5284675285560001,0.0,0.024241522903033896,0.0,10036.224000000031,8654.465501386492,1,2,False
sender,3.0,26.0,0.4,0.0075,infeasible,no_communication_case_meets_requirements,0.5284675285560001,0.0,0.024241522903033896,0.0,10036.224000000031,8654.465501386492,1,2,False
sender,3.25,26.0,0.4,0.0075,infeasible,no_communication_case_meets_requirements,0.5284675285560001,0.0,0.024241522903033896,0.0,10036.224000000031,8654.465501386492,1,2,False
sender,3.5,26.0,0.4,0.0075,infeasible,no_communication_case_meets_requirements,0.5284675285560001,0.0,0.024241522903033896,0.0,10036.224000000031,8654.465501386492,1,2,False
sender,3.75,26.0,0.4,0.0075,infeasible,no_communication_case_meets_requirements,0.5284675285560001,0.0,0.024241522903033896,0.0,10036.224000000031,8654.465501386492,1,2,False
sender,4.0,26.0,0.4,0.0075,infeasible,no_communication_case_meets_requirements,0.5284675285560001,0.0,0.024241522903033896,0.0,10036.224000000031,8654.465501386492,1,2,False
sender,4.25,26.0,0.4,0.0075,infeasible,no_communication_case_meets_requirements,0.0,0.0,0.0,0.0,10036.224000000031,8654.465501386492,1,2,False
sender,4.5,26.0,0.4,0.0075,infeasible,no_communication_case_meets_requirements,0.0,0.0,0.0,0.0,10036.224000000031,8654.465501386492,1,2,False
sender,4.75,26.0,0.4,0.0075,infeasible,no_communication_case_meets_requirements,0.0,0.0,0.0,0.0,10036.224000000031,8654.465501386492,1,2,False
sender,5.0,26.0,0.4,0.0075,infeasible,no_communication_case_meets_requirements,0.0,0.0,0.0,0.0,10036.224000000031,8654.465501386492,1,2,False
sender,5.25,26.0,0.4,0.0075,infeasible,no_communication_case_meets_requirements,0.0,0.0,0.0,0.0,10036.224000000031,8654.465501386492,1,2,False
sender,5.5,26.0,0.4,0.0075,infeasible,no_communication_case_meets_requirements,0.0,0.0,0.0,0.0,10036.224000000031,8654.465501386492,1,2,False
sender,5.75,26.0,0.4,0.0075,infeasible,no_communication_case_meets_requirements,0.0,0.0,0.0,0.0,10036.224000000031,8654.465501386492,1,2,False
sender,6.0,26.0,0.4,0.0075,infeasible,no_communication_case_meets_requirements,0.0,0.0,0.0,0.0,10036.224000000031,8654.465501386492,1,2,False
sender,6.25,26.0,0.4,0.0075,infeasible,no_communication_case_meets_requirements,0.0,0.0,0.0,0.0,10036.224000000031,8654.465501386492,1,2,False
sender,6.5,26.0,0.4,0.0075,infeasible,no_communication_case_meets_requirements,0.0,0.0,0.0,0.0,10036.224000000031,8654.465501386492,1,2,False
sender,6.75,26.0,0.4,0.0075,infeasible,no_communication_case_meets_requirements,0.0,0.0,0.0,0.0,10036.224000000031,8654.465501386492,1,2,False
sender,7.0,26.0,0.4,0.0075,infeasible,no_communication_case_meets_requirements,0.0,0.0,0.0,0.0,10036.224000000031,8654.465501386492,1,2,False
sender,7.25,26.0,0.4,0.0075,infeasible,no_communication_case_meets_requirements,0.0,0.0,0.0,0.0,10036.224000000031,8654.465501386492,1,2,False
sender,7.5,26.0,0.4,0.0075,infeasible,no_communication_case_meets_requirements,0.0,0.0,0.0,0.0,10036.224000000031,8654.465501386492,1,2,False
sender,7.75,26.0,0.4,0.0075,infeasible,no_communication_case_meets_requirements,0.0,0.0,0.0,0.0,10036.224000000031,8654.465501386492,1,2,False
sender,8.0,26.0,0.4,0.0075,infeasible,no_communication_case_meets_requirements,0.0,0.0,0.0,0.0,10036.224000000031,8654.465501386492,1,2,False
sender,0.0,26.5,0.4,0.0075,feedback,minimum_traffic_feasible,0.5284675285560001,0.5115928239419154,0.024241522903033896,0.006621649577619159,10036.224000000031,8654.465501386492,1,2,False
sender,0.25,26.5,0.4,0.0075,feedback,minimum_traffic_feasible,0.5284675285560001,0.5115928239419154,0.024241522903033896,0.006621649577619159,10036.224000000031,8654.465501386492,1,2,False
sender,0.5,26.5,0.4,0.0075,feedback,minimum_traffic_feasible,0.5284675285560001,0.5115928239419154,0.024241522903033896,0.006621649577619159,10036.224000000031,8654.465501386492,1,2,False
sender,0.75,26.5,0.4,0.0075,feedback,minimum_traffic_feasible,0.5284675285560001,0.5115928239419154,0.024241522903033896,0.006621649577619159,10036.224000000031,8654.465501386492,1,2,False
sender,1.0,26.5,0.4,0.0075,feedback,minimum_traffic_feasible,0.5284675285560001,0.5115928239419154,0.024241522903033896,0.006621649577619159,10036.224000000031,8654.465501386492,1,2,False
sender,1.25,26.5,0.4,0.0075,feedback,minimum_traffic_feasible,0.5284675285560001,0.5115928239419154,0.024241522903033896,0.006621649577619159,10036.224000000031,8654.465501386492,1,2,False
sender,1.5,26.5,0.4,0.0075,feedback,minimum_traffic_feasible,0.5284675285560001,0.5115928239419154,0.024241522903033896,0.006621649577619159,10036.224000000031,8654.465501386492,1,2,False
sender,1.75,26.5,0.4,0.0075,feedback,minimum_traffic_feasible,0.5284675285560001,0.511061665740272,0.024241522903033896,0.006513192094817184,10036.224000000031,8654.465501386492,1,2,False
sender,2.0,26.5,0.4,0.0075,feedback,minimum_traffic_feasible,0.5284675285560001,0.511061665740272,0.024241522903033896,0.006513192094817184,10036.224000000031,8654.465501386492,1,2,False
sender,2.25,26.5,0.4,0.0075,infeasible,no_communication_case_meets_requirements,0.5284675285560001,0.0,0.024241522903033896,0.0,10036.224000000031,8654.465501386492,1,2,False
sender,2.5,26.5,0.4,0.0075,infeasible,no_communication_case_meets_requirements,0.5284675285560001,0.0,0.024241522903033896,0.0,10036.224000000031,8654.465501386492,1,2,False
sender,2.75,26.5,0.4,0.0075,infeasible,no_communication_case_meets_requirements,0.5284675285560001,0.0,0.024241522903033896,0.0,10036.224000000031,8654.465501386492,1,2,False
sender,3.0,26.5,0.4,0.0075,infeasible,no_communication_case_meets_requirements,0.5284675285560001,0.0,0.024241522903033896,0.0,10036.224000000031,8654.465501386492,1,2,False
sender,3.25,26.5,0.4,0.0075,infeasible,no_communication_case_meets_requirements,0.5284675285560001,0.0,0.024241522903033896,0.0,10036.224000000031,8654.465501386492,1,2,False
sender,3.5,26.5,0.4,0.0075,infeasible,no_communication_case_meets_requirements,0.5284675285560001,0.0,0.024241522903033896,0.0,10036.224000000031,8654.465501386492,1,2,False
sender,3.75,26.5,0.4,0.0075,infeasible,no_communication_case_meets_requirements,0.5284675285560001,0.0,0.024241522903033896,0.0,10036.224000000031,8654.465501386492,1,2,False
sender,4.0,26.5,0.4,0.0075,infeasible,no_communication_case_meets_requirements,0.5284675285560001,0.0,0.024241522903033896,0.0,10036.224000000031,8654.465501386492,1,2,False
sender,4.25,26.5,0.4,0.0075,infeasible,no_communication_case_meets_requirements,0.0,0.0,0.0,0.0,10036.224000000031,8654.465501386492,1,2,False
sender,4.5,26.5,0.4,0.0075,infeasible,no_communication_case_meets_requirements,0.0,0.0,0.0,0.0,10036.224000000031,8654.465501386492,1,2,False
sender,4.75,26.5,0.4,0.0075,infeasible,no_communication_case_meets_requirements,0.0,0.0,0.0,0.0,10036.224000000031,8654.465501386492,1,2,False
sender,5.0,26.5,0.4,0.0075,infeasible,no_communication_case_meets_requirements,0.0,0.0,0.0,0.0,10036.224000000031,8654.465501386492,1,2,False
sender,5.25,26.5,0.4,0.0075,infeasible,no_communication_case_meets_requirements,0.0,0.0,0.0,0.0,10036.224000000031,8654.465501386492,1,2,False
sender,5.5,26.5,0.4,0.0075,infeasible,no_communication_case_meets_requirements,0.0,0.0,0.0,0.0,10036.224000000031,8654.465501386492,1,2,False
sender,5.75,26.5,0.4,0.0075,infeasible,no_communication_case_meets_requirements,0.0,0.0,0.0,0.0,10036.224000000031,8654.465501386492,1,2,False
sender,6.0,26.5,0.4,0.0075,infeasible,no_communication_case_meets_requirements,0.0,0.0,0.0,0.0,10036.224000000031,8654.465501386492,1,2,False
sender,6.25,26.5,0.4,0.0075,infeasible,no_communication_case_meets_requirements,0.0,0.0,0.0,0.0,10036.224000000031,8654.465501386492,1,2,False
sender,6.5,26.5,0.4,0.0075,infeasible,no_communication_case_meets_requirements,0.0,0.0,0.0,0.0,10036.224000000031,8654.465501386492,1,2,False
sender,6.75,26.5,0.4,0.0075,infeasible,no_communication_case_meets_requirements,0.0,0.0,0.0,0.0,10036.224000000031,8654.465501386492,1,2,False
sender,7.0,26.5,0.4,0.0075,infeasible,no_communication_case_meets_requirements,0.0,0.0,0.0,0.0,10036.224000000031,8654.465501386492,1,2,False
sender,7.25,26.5,0.4,0.0075,infeasible,no_communication_case_meets_requirements,0.0,0.0,0.0,0.0,10036.224000000031,8654.465501386492,1,2,False
sender,7.5,26.5,0.4,0.0075,infeasible,no_communication_case_meets_requirements,0.0,0.0,0.0,0.0,10036.224000000031,8654.465501386492,1,2,False
sender,7.75,26.5,0.4,0.0075,infeasible,no_communication_case_meets_requirements,0.0,0.0,0.0,0.0,10036.224000000031,8654.465501386492,1,2,False
sender,8.0,26.5,0.4,0.0075,infeasible,no_communication_case_meets_requirements,0.0,0.0,0.0,0.0,10036.224000000031,8654.465501386492,1,2,False
sender,0.0,27.0,0.4,0.0075,feedback,minimum_traffic_feasible,0.5284675285560001,0.5115928239419154,0.024241522903033896,0.006621649577619159,10036.224000000031,8654.465501386492,1,2,False
sender,0.25,27.0,0.4,0.0075,feedback,minimum_traffic_feasible,0.5284675285560001,0.5115928239419154,0.024241522903033896,0.006621649577619159,10036.224000000031,8654.465501386492,1,2,False
sender,0.5,27.0,0.4,0.0075,feedback,minimum_traffic_feasible,0.5284675285560001,0.5115928239419154,0.024241522903033896,0.006621649577619159,10036.224000000031,8654.465501386492,1,2,False
sender,0.75,27.0,0.4,0.0075,feedback,minimum_traffic_feasible,0.5284675285560001,0.5115928239419154,0.024241522903033896,0.006621649577619159,10036.224000000031,8654.465501386492,1,2,False
sender,1.0,27.0,0.4,0.0075,feedback,minimum_traffic_feasible,0.5284675285560001,0.5115928239419154,0.024241522903033896,0.006621649577619159,10036.224000000031,8654.465501386492,1,2,False
sender,1.25,27.0,0.4,0.0075,feedback,minimum_traffic_feasible,0.5284675285560001,0.5115928239419154,0.024241522903033896,0.006621649577619159,10036.224000000031,8654.465501386492,1,2,False
sender,1.5,27.0,0.4,0.0075,feedback,minimum_traffic_feasible,0.5284675285560001,0.5115928239419154,0.024241522903033896,0.006621649577619159,10036.224000000031,8654.465501386492,1,2,False
sender,1.75,27.0,0.4,0.0075,feedback,minimum_traffic_feasible,0.5284675285560001,0.511061665740272,0.024241522903033896,0.006513192094817184,10036.224000000031,8654.465501386492,1,2,False
sender,2.0,27.0,0.4,0.0075,feedback,minimum_traffic_feasible,0.5284675285560001,0.511061665740272,0.024241522903033896,0.006513192094817184,10036.224000000031,8654.465501386492,1,2,False
sender,2.25,27.0,0.4,0.0075,infeasible,no_communication_case_meets_requirements,0.5284675285560001,0.0,0.024241522903033896,0.0,10036.224000000031,8654.465501386492,1,2,False
sender,2.5,27.0,0.4,0.0075,infeasible,no_communication_case_meets_requirements,0.5284675285560001,0.0,0.024241522903033896,0.0,10036.224000000031,8654.465501386492,1,2,False
sender,2.75,27.0,0.4,0.0075,infeasible,no_communication_case_meets_requirements,0.5284675285560001,0.0,0.024241522903033896,0.0,10036.224000000031,8654.465501386492,1,2,False
sender,3.0,27.0,0.4,0.0075,infeasible,no_communication_case_meets_requirements,0.5284675285560001,0.0,0.024241522903033896,0.0,10036.224000000031,8654.465501386492,1,2,False
sender,3.25,27.0,0.4,0.0075,infeasible,no_communication_case_meets_requirements,0.5284675285560001,0.0,0.024241522903033896,0.0,10036.224000000031,8654.465501386492,1,2,False
sender,3.5,27.0,0.4,0.0075,infeasible,no_communication_case_meets_requirements,0.5284675285560001,0.0,0.024241522903033896,0.0,10036.224000000031,8654.465501386492,1,2,False
sender,3.75,27.0,0.4,0.0075,infeasible,no_communication_case_meets_requirements,0.5284675285560001,0.0,0.024241522903033896,0.0,10036.224000000031,8654.465501386492,1,2,False
sender,4.0,27.0,0.4,0.0075,infeasible,no_communication_case_meets_requirements,0.5284675285560001,0.0,0.024241522903033896,0.0,10036.224000000031,8654.465501386492,1,2,False
sender,4.25,27.0,0.4,0.0075,infeasible,no_communication_case_meets_requirements,0.0,0.0,0.0,0.0,10036.224000000031,8654.465501386492,1,2,False
sender,4.5,27.0,0.4,0.0075,infeasible,no_communication_case_meets_requirements,0.0,0.0,0.0,0.0,10036.224000000031,8654.465501386492,1,2,False
sender,4.75,27.0,0.4,0.0075,infeasible,no_communication_case_meets_requirements,0.0,0.0,0.0,0.0,10036.224000000031,8654.465501386492,1,2,False
sender,5.0,27.0,0.4,0.0075,infeasible,no_communication_case_meets_requirements,0.0,0.0,0.0,0.0,10036.224000000031,8654.465501386492,1,2,False
sender,5.25,27.0,0.4,0.0075,infeasible,no_communication_case_meets_requirements,0.0,0.0,0.0,0.0,10036.224000000031,8654.465501386492,1,2,False
sender,5.5,27.0,0.4,0.0075,infeasible,no_communication_case_meets_requirements,0.0,0.0,0.0,0.0,10036.224000000031,8654.465501386492,1,2,False
sender,5.75,27.0,0.4,0.0075,infeasible,no_communication_case_meets_requirements,0.0,0.0,0.0,0.0,10036.224000000031,8654.465501386492,1,2,False
sender,6.0,27.0,0.4,0.0075,infeasible,no_communication_case_meets_requirements,0.0,0.0,0.0,0.0,10036.224000000031,8654.465501386492,1,2,False
sender,6.25,27.0,0.4,0.0075,infeasible,no_communication_case_meets_requirements,0.0,0.0,0.0,0.0,10036.224000000031,8654.465501386492,1,2,False
sender,6.5,27.0,0.4,0.0075,infeasible,no_communication_case_meets_requirements,0.0,0.0,0.0,0.0,10036.224000000031,8654.465501386492,1,2,False
sender,6.75,27.0,0.4,0.0075,infeasible,no_communication_case_meets_requirements,0.0,0.0,0.0,0.0,10036.224000000031,8654.465501386492,1,2,False
sender,7.0,27.0,0.4,0.0075,infeasible,no_communication_case_meets_requirements,0.0,0.0,0.0,0.0,10036.224000000031,8654.465501386492,1,2,False
sender,7.25,27.0,0.4,0.0075,infeasible,no_communication_case_meets_requirements,0.0,0.0,0.0,0.0,10036.224000000031,8654.465501386492,1,2,False
sender,7.5,27.0,0.4,0.0075,infeasible,no_communication_case_meets_requirements,0.0,0.0,0.0,0.0,10036.224000000031,8654.465501386492,1,2,False
sender,7.75,27.0,0.4,0.0075,infeasible,no_communication_case_meets_requirements,0.0,0.0,0.0,0.0,10036.224000000031,8654.465501386492,1,2,False
sender,8.0,27.0,0.4,0.0075,infeasible,no_communication_case_meets_requirements,0.0,0.0,0.0,0.0,10036.224000000031,8654.465501386492,1,2,False
sender,0.0,27.5,0.4,0.0075,feedback,minimum_traffic_feasible,0.5284675285560001,0.5115928239419154,0.024241522903033896,0.006621649577619159,10036.224000000031,8654.465501386492,1,2,False
sender,0.25,27.5,0.4,0.0075,feedback,minimum_traffic_feasible,0.5284675285560001,0.5115928239419154,0.024241522903033896,0.006621649577619159,10036.224000000031,8654.465501386492,1,2,False
sender,0.5,27.5,0.4,0.0075,feedback,minimum_traffic_feasible,0.5284675285560001,0.5115928239419154,0.024241522903033896,0.006621649577619159,10036.224000000031,8654.465501386492,1,2,False
sender,0.75,27.5,0.4,0.0075,feedback,minimum_traffic_feasible,0.5284675285560001,0.5115928239419154,0.024241522903033896,0.006621649577619159,10036.224000000031,8654.465501386492,1,2,False
sender,1.0,27.5,0.4,0.0075,feedback,minimum_traffic_feasible,0.5284675285560001,0.5115928239419154,0.024241522903033896,0.006621649577619159,10036.224000000031,8654.465501386492,1,2,False
sender,1.25,27.5,0.4,0.0075,feedback,minimum_traffic_feasible,0.5284675285560001,0.5115928239419154,0.024241522903033896,0.006621649577619159,10036.224000000031,8654.465501386492,1,2,False
sender,1.5,27.5,0.4,0.0075,feedback,minimum_traffic_feasible,0.5284675285560001,0.5115928239419154,0.024241522903033896,0.006621649577619159,10036.224000000031,8654.465501386492,1,2,False
sender,1.75,27.5,0.4,0.0075,feedback,minimum_traffic_feasible,0.5284675285560001,0.511061665740272,0.024241522903033896,0.006513192094817184,10036.224000000031,8654.465501386492,1,2,False
sender,2.0,27.5,0.4,0.0075,feedback,minimum_traffic_feasible,0.5284675285560001,0.511061665740272,0.024241522903033896,0.006513192094817184,10036.224000000031,8654.465501386492,1,2,False
sender,2.25,27.5,0.4,0.0075,infeasible,no_communication_case_meets_requirements,0.5284675285560001,0.0,0.024241522903033896,0.0,10036.224000000031,8654.465501386492,1,2,False
sender,2.5,27.5,0.4,0.0075,infeasible,no_communication_case_meets_requirements,0.5284675285560001,0.0,0.024241522903033896,0.0,10036.224000000031,8654.465501386492,1,2,False
sender,2.75,27.5,0.4,0.0075,infeasible,no_communication_case_meets_requirements,0.5284675285560001,0.0,0.024241522903033896,0.0,10036.224000000031,8654.465501386492,1,2,False
sender,3.0,27.5,0.4,0.0075,infeasible,no_communication_case_meets_requirements,0.5284675285560001,0.0,0.024241522903033896,0.0,10036.224000000031,8654.465501386492,1,2,False
sender,3.25,27.5,0.4,0.0075,infeasible,no_communication_case_meets_requirements,0.5284675285560001,0.0,0.024241522903033896,0.0,10036.224000000031,8654.465501386492,1,2,False
sender,3.5,27.5,0.4,0.0075,infeasible,no_communication_case_meets_requirements,0.5284675285560001,0.0,0.024241522903033896,0.0,10036.224000000031,8654.465501386492,1,2,False
sender,3.75,27.5,0.4,0.0075,infeasible,no_communication_case_meets_requirements,0.5284675285560001,0.0,0.024241522903033896,0.0,10036.224000000031,8654.465501386492,1,2,False
sender,4.0,27.5,0.4,0.0075,infeasible,no_communication_case_meets_requirements,0.5284675285560001,0.0,0.024241522903033896,0.0,10036.224000000031,8654.465501386492,1,2,False
sender,4.25,27.5,0.4,0.0075,infeasible,no_communication_case_meets_requirements,0.0,0.0,0.0,0.0,10036.224000000031,8654.465501386492,1,2,False
sender,4.5,27.5,0.4,0.0075,infeasible,no_communication_case_meets_requirements,0.0,0.0,0.0,0.0,10036.224000000031,8654.465501386492,1,2,False
sender,4.75,27.5,0.4,0.0075,infeasible,no_communication_case_meets_requirements,0.0,0.0,0.0,0.0,10036.224000000031,8654.465501386492,1,2,False
sender,5.0,27.5,0.4,0.0075,infeasible,no_communication_case_meets_requirements,0.0,0.0,0.0,0.0,10036.224000000031,8654.465501386492,1,2,False
sender,5.25,27.5,0.4,0.0075,infeasible,no_communication_case_meets_requirements,0.0,0.0,0.0,0.0,10036.224000000031,8654.465501386492,1,2,False
sender,5.5,27.5,0.4,0.0075,infeasible,no_communication_case_meets_requirements,0.0,0.0,0.0,0.0,10036.224000000031,8654.465501386492,1,2,False
sender,5.75,27.5,0.4,0.0075,infeasible,no_communication_case_meets_requirements,0.0,0.0,0.0,0.0,10036.224000000031,8654.465501386492,1,2,False
sender,6.0,27.5,0.4,0.0075,infeasible,no_communication_case_meets_requirements,0.0,0.0,0.0,0.0,10036.224000000031,8654.465501386492,1,2,False
sender,6.25,27.5,0.4,0.0075,infeasible,no_communication_case_meets_requirements,0.0,0.0,0.0,0.0,10036.224000000031,8654.465501386492,1,2,False
sender,6.5,27.5,0.4,0.0075,infeasible,no_communication_case_meets_requirements,0.0,0.0,0.0,0.0,10036.224000000031,8654.465501386492,1,2,False
sender,6.75,27.5,0.4,0.0075,infeasible,no_communication_case_meets_requirements,0.0,0.0,0.0,0.0,10036.224000000031,8654.465501386492,1,2,False
sender,7.0,27.5,0.4,0.0075,infeasible,no_communication_case_meets_requirements,0.0,0.0,0.0,0.0,10036.224000000031,8654.465501386492,1,2,False
sender,7.25,27.5,0.4,0.0075,infeasible,no_communication_case_meets_requirements,0.0,0.0,0.0,0.0,10036.224000000031,8654.465501386492,1,2,False
sender,7.5,27.5,0.4,0.0075,infeasible,no_communication_case_meets_requirements,0.0,0.0,0.0,0.0,10036.224000000031,8654.465501386492,1,2,False
sender,7.75,27.5,0.4,0.0075,infeasible,no_communication_case_meets_requirements,0.0,0.0,0.0,0.0,10036.224000000031,8654.465501386492,1,2,False
sender,8.0,27.5,0.4,0.0075,infeasible,no_communication_case_meets_requirements,0.0,0.0,0.0,0.0,10036.224000000031,8654.465501386492,1,2,False
sender,0.0,28.0,0.4,0.0075,feedback,minimum_traffic_feasible,0.5284675285560001,0.5115928239419154,0.024241522903033896,0.006621649577619159,10036.224000000031,8654.465501386492,1,2,False
sender,0.25,28.0,0.4,0.0075,feedback,minimum_traffic_feasible,0.5284675285560001,0.5115928239419154,0.024241522903033896,0.006621649577619159,10036.224000000031,8654.465501386492,1,2,False
sender,0.5,28.0,0.4,0.0075,feedback,minimum_traffic_feasible,0.5284675285560001,0.5115928239419154,0.024241522903033896,0.006621649577619159,10036.224000000031,8654.465501386492,1,2,False
sender,0.75,28.0,0.4,0.0075,feedback,minimum_traffic_feasible,0.5284675285560001,0.5115928239419154,0.024241522903033896,0.006621649577619159,10036.224000000031,8654.465501386492,1,2,False
sender,1.0,28.0,0.4,0.0075,feedback,minimum_traffic_feasible,0.5284675285560001,0.5115928239419154,0.024241522903033896,0.006621649577619159,10036.224000000031,8654.465501386492,1,2,False
sender,1.25,28.0,0.4,0.0075,feedback,minimum_traffic_feasible,0.5284675285560001,0.5115928239419154,0.024241522903033896,0.006621649577619159,10036.224000000031,8654.465501386492,1,2,False
sender,1.5,28.0,0.4,0.0075,feedback,minimum_traffic_feasible,0.5284675285560001,0.5115928239419154,0.024241522903033896,0.006621649577619159,10036.224000000031,8654.465501386492,1,2,False
sender,1.75,28.0,0.4,0.0075,feedback,minimum_traffic_feasible,0.5284675285560001,0.511061665740272,0.024241522903033896,0.006513192094817184,10036.224000000031,8654.465501386492,1,2,False
sender,2.0,28.0,0.4,0.0075,feedback,minimum_traffic_feasible,0.5284675285560001,0.511061665740272,0.024241522903033896,0.006513192094817184,10036.224000000031,8654.465501386492,1,2,False
sender,2.25,28.0,0.4,0.0075,infeasible,no_communication_case_meets_requirements,0.5284675285560001,0.0,0.024241522903033896,0.0,10036.224000000031,8654.465501386492,1,2,False
sender,2.5,28.0,0.4,0.0075,infeasible,no_communication_case_meets_requirements,0.5284675285560001,0.0,0.024241522903033896,0.0,10036.224000000031,8654.465501386492,1,2,False
sender,2.75,28.0,0.4,0.0075,infeasible,no_communication_case_meets_requirements,0.5284675285560001,0.0,0.024241522903033896,0.0,10036.224000000031,8654.465501386492,1,2,False
sender,3.0,28.0,0.4,0.0075,infeasible,no_communication_case_meets_requirements,0.5284675285560001,0.0,0.024241522903033896,0.0,10036.224000000031,8654.465501386492,1,2,False
sender,3.25,28.0,0.4,0.0075,infeasible,no_communication_case_meets_requirements,0.5284675285560001,0.0,0.024241522903033896,0.0,10036.224000000031,8654.465501386492,1,2,False
sender,3.5,28.0,0.4,0.0075,infeasible,no_communication_case_meets_requirements,0.5284675285560001,0.0,0.024241522903033896,0.0,10036.224000000031,8654.465501386492,1,2,False
sender,3.75,28.0,0.4,0.0075,infeasible,no_communication_case_meets_requirements,0.5284675285560001,0.0,0.024241522903033896,0.0,10036.224000000031,8654.465501386492,1,2,False
sender,4.0,28.0,0.4,0.0075,infeasible,no_communication_case_meets_requirements,0.5284675285560001,0.0,0.024241522903033896,0.0,10036.224000000031,8654.465501386492,1,2,False
sender,4.25,28.0,0.4,0.0075,infeasible,no_communication_case_meets_requirements,0.0,0.0,0.0,0.0,10036.224000000031,8654.465501386492,1,2,False
sender,4.5,28.0,0.4,0.0075,infeasible,no_communication_case_meets_requirements,0.0,0.0,0.0,0.0,10036.224000000031,8654.465501386492,1,2,False
sender,4.75,28.0,0.4,0.0075,infeasible,no_communication_case_meets_requirements,0.0,0.0,0.0,0.0,10036.224000000031,8654.465501386492,1,2,False
sender,5.0,28.0,0.4,0.0075,infeasible,no_communication_case_meets_requirements,0.0,0.0,0.0,0.0,10036.224000000031,8654.465501386492,1,2,False
sender,5.25,28.0,0.4,0.0075,infeasible,no_communication_case_meets_requirements,0.0,0.0,0.0,0.0,10036.224000000031,8654.465501386492,1,2,False
sender,5.5,28.0,0.4,0.0075,infeasible,no_communication_case_meets_requirements,0.0,0.0,0.0,0.0,10036.224000000031,8654.465501386492,1,2,False
sender,5.75,28.0,0.4,0.0075,infeasible,no_communication_case_meets_requirements,0.0,0.0,0.0,0.0,10036.224000000031,8654.465501386492,1,2,False
sender,6.0,28.0,0.4,0.0075,infeasible,no_communication_case_meets_requirements,0.0,0.0,0.0,0.0,10036.224000000031,8654.465501386492,1,2,False
sender,6.25,28.0,0.4,0.0075,infeasible,no_communication_case_meets_requirements,0.0,0.0,0.0,0.0,10036.224000000031,8654.465501386492,1,2,False
sender,6.5,28.0,0.4,0.0075,infeasible,no_communication_case_meets_requirements,0.0,0.0,0.0,0.0,10036.224000000031,8654.465501386492,1,2,False
sender,6.75,28.0,0.4,0.0075,infeasible,no_communication_case_meets_requirements,0.0,0.0,0.0,0.0,10036.224000000031,8654.465501386492,1,2,False
sender,7.0,28.0,0.4,0.0075,infeasible,no_communication_case_meets_requirements,0.0,0.0,0.0,0.0,10036.224000000031,8654.465501386492,1,2,False
sender,7.25,28.0,0.4,0.0075,infeasible,no_communication_case_meets_requirements,0.0,0.0,0.0,0.0,10036.224000000031,8654.465501386492,1,2,False
sender,7.5,28.0,0.4,0.0075,infeasible,no_communication_case_meets_requirements,0.0,0.0,0.0,0.0,10036.224000000031,8654.465501386492,1,2,False
sender,7.75,28.0,0.4,0.0075,infeasible,no_communication_case_meets_requirements,0.0,0.0,0.0,0.0,10036.224000000031,8654.465501386492,1,2,False
sender,8.0,28.0,0.4,0.0075,infeasible,no_communication_case_meets_requirements,0.0,0.0,0.0,0.0,10036.224000000031,8654.465501386492,1,2,False
sender,0.0,28.5,0.4,0.0075,feedback,minimum_traffic_feasible,0.5284675285560001,0.5115928239419154,0.024241522903033896,0.006621649577619159,10036.224000000031,8654.465501386492,1,2,False
sender,0.25,28.5,0.4,0.0075,feedback,minimum_traffic_feasible,0.5284675285560001,0.5115928239419154,0.024241522903033896,0.006621649577619159,10036.224000000031,8654.465501386492,1,2,False
sender,0.5,28.5,0.4,0.0075,feedback,minimum_traffic_feasible,0.5284675285560001,0.5115928239419154,0.024241522903033896,0.006621649577619159,10036.224000000031,8654.465501386492,1,2,False
sender,0.75,28.5,0.4,0.0075,feedback,minimum_traffic_feasible,0.5284675285560001,0.5115928239419154,0.024241522903033896,0.006621649577619159,10036.224000000031,8654.465501386492,1,2,False
sender,1.0,28.5,0.4,0.0075,feedback,minimum_traffic_feasible,0.5284675285560001,0.5115928239419154,0.024241522903033896,0.006621649577619159,10036.224000000031,8654.465501386492,1,2,False
sender,1.25,28.5,0.4,0.0075,feedback,minimum_traffic_feasible,0.5284675285560001,0.5115928239419154,0.024241522903033896,0.006621649577619159,10036.224000000031,8654.465501386492,1,2,False
sender,1.5,28.5,0.4,0.0075,feedback,minimum_traffic_feasible,0.5284675285560001,0.5115928239419154,0.024241522903033896,0.006621649577619159,10036.224000000031,8654.465501386492,1,2,False
sender,1.75,28.5,0.4,0.0075,feedback,minimum_traffic_feasible,0.5284675285560001,0.511061665740272,0.024241522903033896,0.006513192094817184,10036.224000000031,8654.465501386492,1,2,False
sender,2.0,28.5,0.4,0.0075,feedback,minimum_traffic_feasible,0.5284675285560001,0.511061665740272,0.024241522903033896,0.006513192094817184,10036.224000000031,8654.465501386492,1,2,False
sender,2.25,28.5,0.4,0.0075,infeasible,no_communication_case_meets_requirements,0.5284675285560001,0.0,0.024241522903033896,0.0,10036.224000000031,8654.465501386492,1,2,False
sender,2.5,28.5,0.4,0.0075,infeasible,no_communication_case_meets_requirements,0.5284675285560001,0.0,0.024241522903033896,0.0,10036.224000000031,8654.465501386492,1,2,False
sender,2.75,28.5,0.4,0.0075,infeasible,no_communication_case_meets_requirements,0.5284675285560001,0.0,0.024241522903033896,0.0,10036.224000000031,8654.465501386492,1,2,False
sender,3.0,28.5,0.4,0.0075,infeasible,no_communication_case_meets_requirements,0.5284675285560001,0.0,0.024241522903033896,0.0,10036.224000000031,8654.465501386492,1,2,False
sender,3.25,28.5,0.4,0.0075,infeasible,no_communication_case_meets_requirements,0.5284675285560001,0.0,0.024241522903033896,0.0,10036.224000000031,8654.465501386492,1,2,False
sender,3.5,28.5,0.4,0.0075,infeasible,no_communication_case_meets_requirements,0.5284675285560001,0.0,0.024241522903033896,0.0,10036.224000000031,8654.465501386492,1,2,False
sender,3.75,28.5,0.4,0.0075,infeasible,no_communication_case_meets_requirements,0.5284675285560001,0.0,0.024241522903033896,0.0,10036.224000000031,8654.465501386492,1,2,False
sender,4.0,28.5,0.4,0.0075,infeasible,no_communication_case_meets_requirements,0.5284675285560001,0.0,0.024241522903033896,0.0,10036.224000000031,8654.465501386492,1,2,False
sender,4.25,28.5,0.4,0.0075,infeasible,no_communication_case_meets_requirements,0.0,0.0,0.0,0.0,10036.224000000031,8654.465501386492,1,2,False
sender,4.5,28.5,0.4,0.0075,infeasible,no_communication_case_meets_requirements,0.0,0.0,0.0,0.0,10036.224000000031,8654.465501386492,1,2,False
sender,4.75,28.5,0.4,0.0075,infeasible,no_communication_case_meets_requirements,0.0,0.0,0.0,0.0,10036.224000000031,8654.465501386492,1,2,False
sender,5.0,28.5,0.4,0.0075,infeasible,no_communication_case_meets_requirements,0.0,0.0,0.0,0.0,10036.224000000031,8654.465501386492,1,2,False
sender,5.25,28.5,0.4,0.0075,infeasible,no_communication_case_meets_requirements,0.0,0.0,0.0,0.0,10036.224000000031,8654.465501386492,1,2,False
sender,5.5,28.5,0.4,0.0075,infeasible,no_communication_case_meets_requirements,0.0,0.0,0.0,0.0,10036.224000000031,8654.465501386492,1,2,False
sender,5.75,28.5,0.4,0.0075,infeasible,no_communication_case_meets_requirements,0.0,0.0,0.0,0.0,10036.224000000031,8654.465501386492,1,2,False
sender,6.0,28.5,0.4,0.0075,infeasible,no_communication_case_meets_requirements,0.0,0.0,0.0,0.0,10036.224000000031,8654.465501386492,1,2,False
sender,6.25,28.5,0.4,0.0075,infeasible,no_communication_case_meets_requirements,0.0,0.0,0.0,0.0,10036.224000000031,8654.465501386492,1,2,False
sender,6.5,28.5,0.4,0.0075,infeasible,no_communication_case_meets_requirements,0.0,0.0,0.0,0.0,10036.224000000031,8654.465501386492,1,2,False
sender,6.75,28.5,0.4,0.0075,infeasible,no_communication_case_meets_requirements,0.0,0.0,0.0,0.0,10036.224000000031,8654.465501386492,1,2,False
sender,7.0,28.5,0.4,0.0075,infeasible,no_communication_case_meets_requirements,0.0,0.0,0.0,0.0,10036.224000000031,8654.465501386492,1,2,False
sender,7.25,28.5,0.4,0.0075,infeasible,no_communication_case_meets_requirements,0.0,0.0,0.0,0.0,10036.224000000031,8654.465501386492,1,2,False
sender,7.5,28.5,0.4,0.0075,infeasible,no_communication_case_meets_requirements,0.0,0.0,0.0,0.0,10036.224000000031,8654.465501386492,1,2,False
sender,7.75,28.5,0.4,0.0075,infeasible,no_communication_case_meets_requirements,0.0,0.0,0.0,0.0,10036.224000000031,8654.465501386492,1,2,False
sender,8.0,28.5,0.4,0.0075,infeasible,no_communication_case_meets_requirements,0.0,0.0,0.0,0.0,10036.224000000031,8654.465501386492,1,2,False
sender,0.0,29.0,0.4,0.0075,feedback,minimum_traffic_feasible,0.5284675285560001,0.5115928239419154,0.024241522903033896,0.006621649577619159,10036.224000000031,8654.465501386492,1,2,False
sender,0.25,29.0,0.4,0.0075,feedback,minimum_traffic_feasible,0.5284675285560001,0.5115928239419154,0.024241522903033896,0.006621649577619159,10036.224000000031,8654.465501386492,1,2,False
sender,0.5,29.0,0.4,0.0075,feedback,minimum_traffic_feasible,0.5284675285560001,0.5115928239419154,0.024241522903033896,0.006621649577619159,10036.224000000031,8654.465501386492,1,2,False
sender,0.75,29.0,0.4,0.0075,feedback,minimum_traffic_feasible,0.5284675285560001,0.5115928239419154,0.024241522903033896,0.006621649577619159,10036.224000000031,8654.465501386492,1,2,False
sender,1.0,29.0,0.4,0.0075,feedback,minimum_traffic_feasible,0.5284675285560001,0.5115928239419154,0.024241522903033896,0.006621649577619159,10036.224000000031,8654.465501386492,1,2,False
sender,1.25,29.0,0.4,0.0075,feedback,minimum_traffic_feasible,0.5284675285560001,0.5115928239419154,0.024241522903033896,0.006621649577619159,10036.224000000031,8654.465501386492,1,2,False
sender,1.5,29.0,0.4,0.0075,feedback,minimum_traffic_feasible,0.5284675285560001,0.5115928239419154,0.024241522903033896,0.006621649577619159,10036.224000000031,8654.465501386492,1,2,False
sender,1.75,29.0,0.4,0.0075,feedback,minimum_traffic_feasible,0.5284675285560001,0.511061665740272,0.024241522903033896,0.006513192094817184,10036.224000000031,8654.465501386492,1,2,False
sender,2.0,29.0,0.4,0.0075,feedback,minimum_traffic_feasible,0.5284675285560001,0.511061665740272,0.024241522903033896,0.006513192094817184,10036.224000000031,8654.465501386492,1,2,False
sender,2.25,29.0,0.4,0.0075,infeasible,no_communication_case_meets_requirements,0.5284675285560001,0.0,0.024241522903033896,0.0,10036.224000000031,8654.465501386492,1,2,False
sender,2.5,29.0,0.4,0.0075,infeasible,no_communication_case_meets_requirements,0.5284675285560001,0.0,0.024241522903033896,0.0,10036.224000000031,8654.465501386492,1,2,False
sender,2.75,29.0,0.4,0.0075,infeasible,no_communication_case_meets_requirements,0.5284675285560001,0.0,0.024241522903033896,0.0,10036.224000000031,8654.465501386492,1,2,False
sender,3.0,29.0,0.4,0.0075,infeasible,no_communication_case_meets_requirements,0.5284675285560001,0.0,0.024241522903033896,0.0,10036.224000000031,8654.465501386492,1,2,False
sender,3.25,29.0,0.4,0.0075,infeasible,no_communication_case_meets_requirements,0.5284675285560001,0.0,0.024241522903033896,0.0,10036.224000000031,8654.465501386492,1,2,False
sender,3.5,29.0,0.4,0.0075,infeasible,no_communication_case_meets_requirements,0.5284675285560001,0.0,0.024241522903033896,0.0,10036.224000000031,8654.465501386492,1,2,False
sender,3.75,29.0,0.4,0.0075,infeasible,no_communication_case_meets_requirements,0.5284675285560001,0.0,0.024241522903033896,0.0,10036.224000000031,8654.465501386492,1,2,False
sender,4.0,29.0,0.4,0.0075,infeasible,no_communication_case_meets_requirements,0.5284675285560001,0.0,0.024241522903033896,0.0,10036.224000000031,8654.465501386492,1,2,False
sender,4.25,29.0,0.4,0.0075,infeasible,no_communication_case_meets_requirements,0.0,0.0,0.0,0.0,10036.224000000031,8654.465501386492,1,2,False
sender,4.5,29.0,0.4,0.0075,infeasible,no_communication_case_meets_requirements,0.0,0.0,0.0,0.0,10036.224000000031,8654.465501386492,1,2,False
sender,4.75,29.0,0.4,0.0075,infeasible,no_communication_case_meets_requirements,0.0,0.0,0.0,0.0,10036.224000000031,8654.465501386492,1,2,False
sender,5.0,29.0,0.4,0.0075,infeasible,no_communication_case_meets_requirements,0.0,0.0,0.0,0.0,10036.224000000031,8654.465501386492,1,2,False
sender,5.25,29.0,0.4,0.0075,infeasible,no_communication_case_meets_requirements,0.0,0.0,0.0,0.0,10036.224000000031,8654.465501386492,1,2,False
sender,5.5,29.0,0.4,0.0075,infeasible,no_communication_case_meets_requirements,0.0,0.0,0.0,0.0,10036.224000000031,8654.465501386492,1,2,False
sender,5.75,29.0,0.4,0.0075,infeasible,no_communication_case_meets_requirements,0.0,0.0,0.0,0.0,10036.224000000031,8654.465501386492,1,2,False
sender,6.0,29.0,0.4,0.0075,infeasible,no_communication_case_meets_requirements,0.0,0.0,0.0,0.0,10036.224000000031,8654.465501386492,1,2,False
sender,6.25,29.0,0.4,0.0075,infeasible,no_communication_case_meets_requirements,0.0,0.0,0.0,0.0,10036.224000000031,8654.465501386492,1,2,False
sender,6.5,29.0,0.4,0.0075,infeasible,no_communication_case_meets_requirements,0.0,0.0,0.0,0.0,10036.224000000031,8654.465501386492,1,2,False
sender,6.75,29.0,0.4,0.0075,infeasible,no_communication_case_meets_requirements,0.0,0.0,0.0,0.0,10036.224000000031,8654.465501386492,1,2,False
sender,7.0,29.0,0.4,0.0075,infeasible,no_communication_case_meets_requirements,0.0,0.0,0.0,0.0,10036.224000000031,8654.465501386492,1,2,False
sender,7.25,29.0,0.4,0.0075,infeasible,no_communication_case_meets_requirements,0.0,0.0,0.0,0.0,10036.224000000031,8654.465501386492,1,2,False
sender,7.5,29.0,0.4,0.0075,infeasible,no_communication_case_meets_requirements,0.0,0.0,0.0,0.0,10036.224000000031,8654.465501386492,1,2,False
sender,7.75,29.0,0.4,0.0075,infeasible,no_communication_case_meets_requirements,0.0,0.0,0.0,0.0,10036.224000000031,8654.465501386492,1,2,False
sender,8.0,29.0,0.4,0.0075,infeasible,no_communication_case_meets_requirements,0.0,0.0,0.0,0.0,10036.224000000031,8654.465501386492,1,2,False
sender,0.0,29.5,0.4,0.0075,feedback,minimum_traffic_feasible,0.5284675285560001,0.5115928239419154,0.024241522903033896,0.006621649577619159,10036.224000000031,8654.465501386492,1,2,False
sender,0.25,29.5,0.4,0.0075,feedback,minimum_traffic_feasible,0.5284675285560001,0.5115928239419154,0.024241522903033896,0.006621649577619159,10036.224000000031,8654.465501386492,1,2,False
sender,0.5,29.5,0.4,0.0075,feedback,minimum_traffic_feasible,0.5284675285560001,0.5115928239419154,0.024241522903033896,0.006621649577619159,10036.224000000031,8654.465501386492,1,2,False
sender,0.75,29.5,0.4,0.0075,feedback,minimum_traffic_feasible,0.5284675285560001,0.5115928239419154,0.024241522903033896,0.006621649577619159,10036.224000000031,8654.465501386492,1,2,False
sender,1.0,29.5,0.4,0.0075,feedback,minimum_traffic_feasible,0.5284675285560001,0.5115928239419154,0.024241522903033896,0.006621649577619159,10036.224000000031,8654.465501386492,1,2,False
sender,1.25,29.5,0.4,0.0075,feedback,minimum_traffic_feasible,0.5284675285560001,0.5115928239419154,0.024241522903033896,0.006621649577619159,10036.224000000031,8654.465501386492,1,2,False
sender,1.5,29.5,0.4,0.0075,feedback,minimum_traffic_feasible,0.5284675285560001,0.5115928239419154,0.024241522903033896,0.006621649577619159,10036.224000000031,8654.465501386492,1,2,False
sender,1.75,29.5,0.4,0.0075,feedback,minimum_traffic_feasible,0.5284675285560001,0.511061665740272,0.024241522903033896,0.006513192094817184,10036.224000000031,8654.465501386492,1,2,False
sender,2.0,29.5,0.4,0.0075,feedback,minimum_traffic_feasible,0.5284675285560001,0.511061665740272,0.024241522903033896,0.006513192094817184,10036.224000000031,8654.465501386492,1,2,False
sender,2.25,29.5,0.4,0.0075,infeasible,no_communication_case_meets_requirements,0.5284675285560001,0.0,0.024241522903033896,0.0,10036.224000000031,8654.465501386492,1,2,False
sender,2.5,29.5,0.4,0.0075,infeasible,no_communication_case_meets_requirements,0.5284675285560001,0.0,0.024241522903033896,0.0,10036.224000000031,8654.465501386492,1,2,False
sender,2.75,29.5,0.4,0.0075,infeasible,no_communication_case_meets_requirements,0.5284675285560001,0.0,0.024241522903033896,0.0,10036.224000000031,8654.465501386492,1,2,False
sender,3.0,29.5,0.4,0.0075,infeasible,no_communication_case_meets_requirements,0.5284675285560001,0.0,0.024241522903033896,0.0,10036.224000000031,8654.465501386492,1,2,False
sender,3.25,29.5,0.4,0.0075,infeasible,no_communication_case_meets_requirements,0.5284675285560001,0.0,0.024241522903033896,0.0,10036.224000000031,8654.465501386492,1,2,False
sender,3.5,29.5,0.4,0.0075,infeasible,no_communication_case_meets_requirements,0.5284675285560001,0.0,0.024241522903033896,0.0,10036.224000000031,8654.465501386492,1,2,False
sender,3.75,29.5,0.4,0.0075,infeasible,no_communication_case_meets_requirements,0.5284675285560001,0.0,0.024241522903033896,0.0,10036.224000000031,8654.465501386492,1,2,False
sender,4.0,29.5,0.4,0.0075,infeasible,no_communication_case_meets_requirements,0.5284675285560001,0.0,0.024241522903033896,0.0,10036.224000000031,8654.465501386492,1,2,False
sender,4.25,29.5,0.4,0.0075,infeasible,no_communication_case_meets_requirements,0.0,0.0,0.0,0.0,10036.224000000031,8654.465501386492,1,2,False
sender,4.5,29.5,0.4,0.0075,infeasible,no_communication_case_meets_requirements,0.0,0.0,0.0,0.0,10036.224000000031,8654.465501386492,1,2,False
sender,4.75,29.5,0.4,0.0075,infeasible,no_communication_case_meets_requirements,0.0,0.0,0.0,0.0,10036.224000000031,8654.465501386492,1,2,False
sender,5.0,29.5,0.4,0.0075,infeasible,no_communication_case_meets_requirements,0.0,0.0,0.0,0.0,10036.224000000031,8654.465501386492,1,2,False
sender,5.25,29.5,0.4,0.0075,infeasible,no_communication_case_meets_requirements,0.0,0.0,0.0,0.0,10036.224000000031,8654.465501386492,1,2,False
sender,5.5,29.5,0.4,0.0075,infeasible,no_communication_case_meets_requirements,0.0,0.0,0.0,0.0,10036.224000000031,8654.465501386492,1,2,False
sender,5.75,29.5,0.4,0.0075,infeasible,no_communication_case_meets_requirements,0.0,0.0,0.0,0.0,10036.224000000031,8654.465501386492,1,2,False
sender,6.0,29.5,0.4,0.0075,infeasible,no_communication_case_meets_requirements,0.0,0.0,0.0,0.0,10036.224000000031,8654.465501386492,1,2,False
sender,6.25,29.5,0.4,0.0075,infeasible,no_communication_case_meets_requirements,0.0,0.0,0.0,0.0,10036.224000000031,8654.465501386492,1,2,False
sender,6.5,29.5,0.4,0.0075,infeasible,no_communication_case_meets_requirements,0.0,0.0,0.0,0.0,10036.224000000031,8654.465501386492,1,2,False
sender,6.75,29.5,0.4,0.0075,infeasible,no_communication_case_meets_requirements,0.0,0.0,0.0,0.0,10036.224000000031,8654.465501386492,1,2,False
sender,7.0,29.5,0.4,0.0075,infeasible,no_communication_case_meets_requirements,0.0,0.0,0.0,0.0,10036.224000000031,8654.465501386492,1,2,False
sender,7.25,29.5,0.4,0.0075,infeasible,no_communication_case_meets_requirements,0.0,0.0,0.0,0.0,10036.224000000031,8654.465501386492,1,2,False
sender,7.5,29.5,0.4,0.0075,infeasible,no_communication_case_meets_requirements,0.0,0.0,0.0,0.0,10036.224000000031,8654.465501386492,1,2,False
sender,7.75,29.5,0.4,0.0075,infeasible,no_communication_case_meets_requirements,0.0,0.0,0.0,0.0,10036.224000000031,8654.465501386492,1,2,False
sender,8.0,29.5,0.4,0.0075,infeasible,no_communication_case_meets_requirements,0.0,0.0,0.0,0.0,10036.224000000031,8654.465501386492,1,2,False
sender,0.0,30.0,0.4,0.0075,feedback,minimum_traffic_feasible,0.5284675285560001,0.5115928239419154,0.024241522903033896,0.006621649577619159,10036.224000000031,8654.465501386492,1,2,False
sender,0.25,30.0,0.4,0.0075,feedback,minimum_traffic_feasible,0.5284675285560001,0.5115928239419154,0.024241522903033896,0.006621649577619159,10036.224000000031,8654.465501386492,1,2,False
sender,0.5,30.0,0.4,0.0075,feedback,minimum_traffic_feasible,0.5284675285560001,0.5115928239419154,0.024241522903033896,0.006621649577619159,10036.224000000031,8654.465501386492,1,2,False
sender,0.75,30.0,0.4,0.0075,feedback,minimum_traffic_feasible,0.5284675285560001,0.5115928239419154,0.024241522903033896,0.006621649577619159,10036.224000000031,8654.465501386492,1,2,False
sender,1.0,30.0,0.4,0.0075,feedback,minimum_traffic_feasible,0.5284675285560001,0.5115928239419154,0.024241522903033896,0.006621649577619159,10036.224000000031,8654.465501386492,1,2,False
sender,1.25,30.0,0.4,0.0075,feedback,minimum_traffic_feasible,0.5284675285560001,0.5115928239419154,0.024241522903033896,0.006621649577619159,10036.224000000031,8654.465501386492,1,2,False
sender,1.5,30.0,0.4,0.0075,feedback,minimum_traffic_feasible,0.5284675285560001,0.5115928239419154,0.024241522903033896,0.006621649577619159,10036.224000000031,8654.465501386492,1,2,False
sender,1.75,30.0,0.4,0.0075,feedback,minimum_traffic_feasible,0.5284675285560001,0.511061665740272,0.024241522903033896,0.006513192094817184,10036.224000000031,8654.465501386492,1,2,False
sender,2.0,30.0,0.4,0.0075,feedback,minimum_traffic_feasible,0.5284675285560001,0.511061665740272,0.024241522903033896,0.006513192094817184,10036.224000000031,8654.465501386492,1,2,False
sender,2.25,30.0,0.4,0.0075,infeasible,no_communication_case_meets_requirements,0.5284675285560001,0.0,0.024241522903033896,0.0,10036.224000000031,8654.465501386492,1,2,False
sender,2.5,30.0,0.4,0.0075,infeasible,no_communication_case_meets_requirements,0.5284675285560001,0.0,0.024241522903033896,0.0,10036.224000000031,8654.465501386492,1,2,False
sender,2.75,30.0,0.4,0.0075,infeasible,no_communication_case_meets_requirements,0.5284675285560001,0.0,0.024241522903033896,0.0,10036.224000000031,8654.465501386492,1,2,False
sender,3.0,30.0,0.4,0.0075,infeasible,no_communication_case_meets_requirements,0.5284675285560001,0.0,0.024241522903033896,0.0,10036.224000000031,8654.465501386492,1,2,False
sender,3.25,30.0,0.4,0.0075,infeasible,no_communication_case_meets_requirements,0.5284675285560001,0.0,0.024241522903033896,0.0,10036.224000000031,8654.465501386492,1,2,False
sender,3.5,30.0,0.4,0.0075,infeasible,no_communication_case_meets_requirements,0.5284675285560001,0.0,0.024241522903033896,0.0,10036.224000000031,8654.465501386492,1,2,False
sender,3.75,30.0,0.4,0.0075,infeasible,no_communication_case_meets_requirements,0.5284675285560001,0.0,0.024241522903033896,0.0,10036.224000000031,8654.465501386492,1,2,False
sender,4.0,30.0,0.4,0.0075,infeasible,no_communication_case_meets_requirements,0.5284675285560001,0.0,0.024241522903033896,0.0,10036.224000000031,8654.465501386492,1,2,False
sender,4.25,30.0,0.4,0.0075,infeasible,no_communication_case_meets_requirements,0.0,0.0,0.0,0.0,10036.224000000031,8654.465501386492,1,2,False
sender,4.5,30.0,0.4,0.0075,infeasible,no_communication_case_meets_requirements,0.0,0.0,0.0,0.0,10036.224000000031,8654.465501386492,1,2,False
sender,4.75,30.0,0.4,0.0075,infeasible,no_communication_case_meets_requirements,0.0,0.0,0.0,0.0,10036.224000000031,8654.465501386492,1,2,False
sender,5.0,30.0,0.4,0.0075,infeasible,no_communication_case_meets_requirements,0.0,0.0,0.0,0.0,10036.224000000031,8654.465501386492,1,2,False
sender,5.25,30.0,0.4,0.0075,infeasible,no_communication_case_meets_requirements,0.0,0.0,0.0,0.0,10036.224000000031,8654.465501386492,1,2,False
sender,5.5,30.0,0.4,0.0075,infeasible,no_communication_case_meets_requirements,0.0,0.0,0.0,0.0,10036.224000000031,8654.465501386492,1,2,False
sender,5.75,30.0,0.4,0.0075,infeasible,no_communication_case_meets_requirements,0.0,0.0,0.0,0.0,10036.224000000031,8654.465501386492,1,2,False
sender,6.0,30.0,0.4,0.0075,infeasible,no_communication_case_meets_requirements,0.0,0.0,0.0,0.0,10036.224000000031,8654.465501386492,1,2,False
sender,6.25,30.0,0.4,0.0075,infeasible,no_communication_case_meets_requirements,0.0,0.0,0.0,0.0,10036.224000000031,8654.465501386492,1,2,False
sender,6.5,30.0,0.4,0.0075,infeasible,no_communication_case_meets_requirements,0.0,0.0,0.0,0.0,10036.224000000031,8654.465501386492,1,2,False
sender,6.75,30.0,0.4,0.0075,infeasible,no_communication_case_meets_requirements,0.0,0.0,0.0,0.0,10036.224000000031,8654.465501386492,1,2,False
sender,7.0,30.0,0.4,0.0075,infeasible,no_communication_case_meets_requirements,0.0,0.0,0.0,0.0,10036.224000000031,8654.465501386492,1,2,False
sender,7.25,30.0,0.4,0.0075,infeasible,no_communication_case_meets_requirements,0.0,0.0,0.0,0.0,10036.224000000031,8654.465501386492,1,2,False
sender,7.5,30.0,0.4,0.0075,infeasible,no_communication_case_meets_requirements,0.0,0.0,0.0,0.0,10036.224000000031,8654.465501386492,1,2,False
sender,7.75,30.0,0.4,0.0075,infeasible,no_communication_case_meets_requirements,0.0,0.0,0.0,0.0,10036.224000000031,8654.465501386492,1,2,False
sender,8.0,30.0,0.4,0.0075,infeasible,no_communication_case_meets_requirements,0.0,0.0,0.0,0.0,10036.224000000031,8654.465501386492,1,2,False
sender,0.0,30.5,0.4,0.0075,feedback,minimum_traffic_feasible,0.5284675285560001,0.5115928239419154,0.024241522903033896,0.006621649577619159,10036.224000000031,8654.465501386492,1,2,False
sender,0.25,30.5,0.4,0.0075,feedback,minimum_traffic_feasible,0.5284675285560001,0.5115928239419154,0.024241522903033896,0.006621649577619159,10036.224000000031,8654.465501386492,1,2,False
sender,0.5,30.5,0.4,0.0075,feedback,minimum_traffic_feasible,0.5284675285560001,0.5115928239419154,0.024241522903033896,0.006621649577619159,10036.224000000031,8654.465501386492,1,2,False
sender,0.75,30.5,0.4,0.0075,feedback,minimum_traffic_feasible,0.5284675285560001,0.5115928239419154,0.024241522903033896,0.006621649577619159,10036.224000000031,8654.465501386492,1,2,False
sender,1.0,30.5,0.4,0.0075,feedback,minimum_traffic_feasible,0.5284675285560001,0.5115928239419154,0.024241522903033896,0.006621649577619159,10036.224000000031,8654.465501386492,1,2,False
sender,1.25,30.5,0.4,0.0075,feedback,minimum_traffic_feasible,0.5284675285560001,0.5115928239419154,0.024241522903033896,0.006621649577619159,10036.224000000031,8654.465501386492,1,2,False
sender,1.5,30.5,0.4,0.0075,feedback,minimum_traffic_feasible,0.5284675285560001,0.5115928239419154,0.024241522903033896,0.006621649577619159,10036.224000000031,8654.465501386492,1,2,False
sender,1.75,30.5,0.4,0.0075,feedback,minimum_traffic_feasible,0.5284675285560001,0.511061665740272,0.024241522903033896,0.006513192094817184,10036.224000000031,8654.465501386492,1,2,False
sender,2.0,30.5,0.4,0.0075,feedback,minimum_traffic_feasible,0.5284675285560001,0.511061665740272,0.024241522903033896,0.006513192094817184,10036.224000000031,8654.465501386492,1,2,False
sender,2.25,30.5,0.4,0.0075,infeasible,no_communication_case_meets_requirements,0.5284675285560001,0.0,0.024241522903033896,0.0,10036.224000000031,8654.465501386492,1,2,False
sender,2.5,30.5,0.4,0.0075,infeasible,no_communication_case_meets_requirements,0.5284675285560001,0.0,0.024241522903033896,0.0,10036.224000000031,8654.465501386492,1,2,False
sender,2.75,30.5,0.4,0.0075,infeasible,no_communication_case_meets_requirements,0.5284675285560001,0.0,0.024241522903033896,0.0,10036.224000000031,8654.465501386492,1,2,False
sender,3.0,30.5,0.4,0.0075,infeasible,no_communication_case_meets_requirements,0.5284675285560001,0.0,0.024241522903033896,0.0,10036.224000000031,8654.465501386492,1,2,False
sender,3.25,30.5,0.4,0.0075,infeasible,no_communication_case_meets_requirements,0.5284675285560001,0.0,0.024241522903033896,0.0,10036.224000000031,8654.465501386492,1,2,False
sender,3.5,30.5,0.4,0.0075,infeasible,no_communication_case_meets_requirements,0.5284675285560001,0.0,0.024241522903033896,0.0,10036.224000000031,8654.465501386492,1,2,False
sender,3.75,30.5,0.4,0.0075,infeasible,no_communication_case_meets_requirements,0.5284675285560001,0.0,0.024241522903033896,0.0,10036.224000000031,8654.465501386492,1,2,False
sender,4.0,30.5,0.4,0.0075,infeasible,no_communication_case_meets_requirements,0.5284675285560001,0.0,0.024241522903033896,0.0,10036.224000000031,8654.465501386492,1,2,False
sender,4.25,30.5,0.4,0.0075,infeasible,no_communication_case_meets_requirements,0.0,0.0,0.0,0.0,10036.224000000031,8654.465501386492,1,2,False
sender,4.5,30.5,0.4,0.0075,infeasible,no_communication_case_meets_requirements,0.0,0.0,0.0,0.0,10036.224000000031,8654.465501386492,1,2,False
sender,4.75,30.5,0.4,0.0075,infeasible,no_communication_case_meets_requirements,0.0,0.0,0.0,0.0,10036.224000000031,8654.465501386492,1,2,False
sender,5.0,30.5,0.4,0.0075,infeasible,no_communication_case_meets_requirements,0.0,0.0,0.0,0.0,10036.224000000031,8654.465501386492,1,2,False
sender,5.25,30.5,0.4,0.0075,infeasible,no_communication_case_meets_requirements,0.0,0.0,0.0,0.0,10036.224000000031,8654.465501386492,1,2,False
sender,5.5,30.5,0.4,0.0075,infeasible,no_communication_case_meets_requirements,0.0,0.0,0.0,0.0,10036.224000000031,8654.465501386492,1,2,False
sender,5.75,30.5,0.4,0.0075,infeasible,no_communication_case_meets_requirements,0.0,0.0,0.0,0.0,10036.224000000031,8654.465501386492,1,2,False
sender,6.0,30.5,0.4,0.0075,infeasible,no_communication_case_meets_requirements,0.0,0.0,0.0,0.0,10036.224000000031,8654.465501386492,1,2,False
sender,6.25,30.5,0.4,0.0075,infeasible,no_communication_case_meets_requirements,0.0,0.0,0.0,0.0,10036.224000000031,8654.465501386492,1,2,False
sender,6.5,30.5,0.4,0.0075,infeasible,no_communication_case_meets_requirements,0.0,0.0,0.0,0.0,10036.224000000031,8654.465501386492,1,2,False
sender,6.75,30.5,0.4,0.0075,infeasible,no_communication_case_meets_requirements,0.0,0.0,0.0,0.0,10036.224000000031,8654.465501386492,1,2,False
sender,7.0,30.5,0.4,0.0075,infeasible,no_communication_case_meets_requirements,0.0,0.0,0.0,0.0,10036.224000000031,8654.465501386492,1,2,False
sender,7.25,30.5,0.4,0.0075,infeasible,no_communication_case_meets_requirements,0.0,0.0,0.0,0.0,10036.224000000031,8654.465501386492,1,2,False
sender,7.5,30.5,0.4,0.0075,infeasible,no_communication_case_meets_requirements,0.0,0.0,0.0,0.0,10036.224000000031,8654.465501386492,1,2,False
sender,7.75,30.5,0.4,0.0075,infeasible,no_communication_case_meets_requirements,0.0,0.0,0.0,0.0,10036.224000000031,8654.465501386492,1,2,False
sender,8.0,30.5,0.4,0.0075,infeasible,no_communication_case_meets_requirements,0.0,0.0,0.0,0.0,10036.224000000031,8654.465501386492,1,2,False
sender,0.0,31.0,0.4,0.0075,feedback,minimum_traffic_feasible,0.5284675285560001,0.5115928239419154,0.024241522903033896,0.006621649577619159,10036.224000000031,8654.465501386492,1,2,False
sender,0.25,31.0,0.4,0.0075,feedback,minimum_traffic_feasible,0.5284675285560001,0.5115928239419154,0.024241522903033896,0.006621649577619159,10036.224000000031,8654.465501386492,1,2,False
sender,0.5,31.0,0.4,0.0075,feedback,minimum_traffic_feasible,0.5284675285560001,0.5115928239419154,0.024241522903033896,0.006621649577619159,10036.224000000031,8654.465501386492,1,2,False
sender,0.75,31.0,0.4,0.0075,feedback,minimum_traffic_feasible,0.5284675285560001,0.5115928239419154,0.024241522903033896,0.006621649577619159,10036.224000000031,8654.465501386492,1,2,False
sender,1.0,31.0,0.4,0.0075,feedback,minimum_traffic_feasible,0.5284675285560001,0.5115928239419154,0.024241522903033896,0.006621649577619159,10036.224000000031,8654.465501386492,1,2,False
sender,1.25,31.0,0.4,0.0075,feedback,minimum_traffic_feasible,0.5284675285560001,0.5115928239419154,0.024241522903033896,0.006621649577619159,10036.224000000031,8654.465501386492,1,2,False
sender,1.5,31.0,0.4,0.0075,feedback,minimum_traffic_feasible,0.5284675285560001,0.5115928239419154,0.024241522903033896,0.006621649577619159,10036.224000000031,8654.465501386492,1,2,False
sender,1.75,31.0,0.4,0.0075,feedback,minimum_traffic_feasible,0.5284675285560001,0.511061665740272,0.024241522903033896,0.006513192094817184,10036.224000000031,8654.465501386492,1,2,False
sender,2.0,31.0,0.4,0.0075,feedback,minimum_traffic_feasible,0.5284675285560001,0.511061665740272,0.024241522903033896,0.006513192094817184,10036.224000000031,8654.465501386492,1,2,False
sender,2.25,31.0,0.4,0.0075,infeasible,no_communication_case_meets_requirements,0.5284675285560001,0.0,0.024241522903033896,0.0,10036.224000000031,8654.465501386492,1,2,False
sender,2.5,31.0,0.4,0.0075,infeasible,no_communication_case_meets_requirements,0.5284675285560001,0.0,0.024241522903033896,0.0,10036.224000000031,8654.465501386492,1,2,False
sender,2.75,31.0,0.4,0.0075,infeasible,no_communication_case_meets_requirements,0.5284675285560001,0.0,0.024241522903033896,0.0,10036.224000000031,8654.465501386492,1,2,False
sender,3.0,31.0,0.4,0.0075,infeasible,no_communication_case_meets_requirements,0.5284675285560001,0.0,0.024241522903033896,0.0,10036.224000000031,8654.465501386492,1,2,False
sender,3.25,31.0,0.4,0.0075,infeasible,no_communication_case_meets_requirements,0.5284675285560001,0.0,0.024241522903033896,0.0,10036.224000000031,8654.465501386492,1,2,False
sender,3.5,31.0,0.4,0.0075,infeasible,no_communication_case_meets_requirements,0.5284675285560001,0.0,0.024241522903033896,0.0,10036.224000000031,8654.465501386492,1,2,False
sender,3.75,31.0,0.4,0.0075,infeasible,no_communication_case_meets_requirements,0.5284675285560001,0.0,0.024241522903033896,0.0,10036.224000000031,8654.465501386492,1,2,False
sender,4.0,31.0,0.4,0.0075,infeasible,no_communication_case_meets_requirements,0.5284675285560001,0.0,0.024241522903033896,0.0,10036.224000000031,8654.465501386492,1,2,False
sender,4.25,31.0,0.4,0.0075,infeasible,no_communication_case_meets_requirements,0.0,0.0,0.0,0.0,10036.224000000031,8654.465501386492,1,2,False
sender,4.5,31.0,0.4,0.0075,infeasible,no_communication_case_meets_requirements,0.0,0.0,0.0,0.0,10036.224000000031,8654.465501386492,1,2,False
sender,4.75,31.0,0.4,0.0075,infeasible,no_communication_case_meets_requirements,0.0,0.0,0.0,0.0,10036.224000000031,8654.465501386492,1,2,False
sender,5.0,31.0,0.4,0.0075,infeasible,no_communication_case_meets_requirements,0.0,0.0,0.0,0.0,10036.224000000031,8654.465501386492,1,2,False
sender,5.25,31.0,0.4,0.0075,infeasible,no_communication_case_meets_requirements,0.0,0.0,0.0,0.0,10036.224000000031,8654.465501386492,1,2,False
sender,5.5,31.0,0.4,0.0075,infeasible,no_communication_case_meets_requirements,0.0,0.0,0.0,0.0,10036.224000000031,8654.465501386492,1,2,False
sender,5.75,31.0,0.4,0.0075,infeasible,no_communication_case_meets_requirements,0.0,0.0,0.0,0.0,10036.224000000031,8654.465501386492,1,2,False
sender,6.0,31.0,0.4,0.0075,infeasible,no_communication_case_meets_requirements,0.0,0.0,0.0,0.0,10036.224000000031,8654.465501386492,1,2,False
sender,6.25,31.0,0.4,0.0075,infeasible,no_communication_case_meets_requirements,0.0,0.0,0.0,0.0,10036.224000000031,8654.465501386492,1,2,False
sender,6.5,31.0,0.4,0.0075,infeasible,no_communication_case_meets_requirements,0.0,0.0,0.0,0.0,10036.224000000031,8654.465501386492,1,2,False
sender,6.75,31.0,0.4,0.0075,infeasible,no_communication_case_meets_requirements,0.0,0.0,0.0,0.0,10036.224000000031,8654.465501386492,1,2,False
sender,7.0,31.0,0.4,0.0075,infeasible,no_communication_case_meets_requirements,0.0,0.0,0.0,0.0,10036.224000000031,8654.465501386492,1,2,False
sender,7.25,31.0,0.4,0.0075,infeasible,no_communication_case_meets_requirements,0.0,0.0,0.0,0.0,10036.224000000031,8654.465501386492,1,2,False
sender,7.5,31.0,0.4,0.0075,infeasible,no_communication_case_meets_requirements,0.0,0.0,0.0,0.0,10036.224000000031,8654.465501386492,1,2,False
sender,7.75,31.0,0.4,0.0075,infeasible,no_communication_case_meets_requirements,0.0,0.0,0.0,0.0,10036.224000000031,8654.465501386492,1,2,False
sender,8.0,31.0,0.4,0.0075,infeasible,no_communication_case_meets_requirements,0.0,0.0,0.0,0.0,10036.224000000031,8654.465501386492,1,2,False
sender,0.0,31.5,0.4,0.0075,feedback,minimum_traffic_feasible,0.5284675285560001,0.5115928239419154,0.024241522903033896,0.006621649577619159,10036.224000000031,8654.465501386492,1,2,False
sender,0.25,31.5,0.4,0.0075,feedback,minimum_traffic_feasible,0.5284675285560001,0.5115928239419154,0.024241522903033896,0.006621649577619159,10036.224000000031,8654.465501386492,1,2,False
sender,0.5,31.5,0.4,0.0075,feedback,minimum_traffic_feasible,0.5284675285560001,0.5115928239419154,0.024241522903033896,0.006621649577619159,10036.224000000031,8654.465501386492,1,2,False
sender,0.75,31.5,0.4,0.0075,feedback,minimum_traffic_feasible,0.5284675285560001,0.5115928239419154,0.024241522903033896,0.006621649577619159,10036.224000000031,8654.465501386492,1,2,False
sender,1.0,31.5,0.4,0.0075,feedback,minimum_traffic_feasible,0.5284675285560001,0.5115928239419154,0.024241522903033896,0.006621649577619159,10036.224000000031,8654.465501386492,1,2,False
sender,1.25,31.5,0.4,0.0075,feedback,minimum_traffic_feasible,0.5284675285560001,0.5115928239419154,0.024241522903033896,0.006621649577619159,10036.224000000031,8654.465501386492,1,2,False
sender,1.5,31.5,0.4,0.0075,feedback,minimum_traffic_feasible,0.5284675285560001,0.5115928239419154,0.024241522903033896,0.006621649577619159,10036.224000000031,8654.465501386492,1,2,False
sender,1.75,31.5,0.4,0.0075,feedback,minimum_traffic_feasible,0.5284675285560001,0.511061665740272,0.024241522903033896,0.006513192094817184,10036.224000000031,8654.465501386492,1,2,False
sender,2.0,31.5,0.4,0.0075,feedback,minimum_traffic_feasible,0.5284675285560001,0.511061665740272,0.024241522903033896,0.006513192094817184,10036.224000000031,8654.465501386492,1,2,False
sender,2.25,31.5,0.4,0.0075,infeasible,no_communication_case_meets_requirements,0.5284675285560001,0.0,0.024241522903033896,0.0,10036.224000000031,8654.465501386492,1,2,False
sender,2.5,31.5,0.4,0.0075,infeasible,no_communication_case_meets_requirements,0.5284675285560001,0.0,0.024241522903033896,0.0,10036.224000000031,8654.465501386492,1,2,False
sender,2.75,31.5,0.4,0.0075,infeasible,no_communication_case_meets_requirements,0.5284675285560001,0.0,0.024241522903033896,0.0,10036.224000000031,8654.465501386492,1,2,False
sender,3.0,31.5,0.4,0.0075,infeasible,no_communication_case_meets_requirements,0.5284675285560001,0.0,0.024241522903033896,0.0,10036.224000000031,8654.465501386492,1,2,False
sender,3.25,31.5,0.4,0.0075,infeasible,no_communication_case_meets_requirements,0.5284675285560001,0.0,0.024241522903033896,0.0,10036.224000000031,8654.465501386492,1,2,False
sender,3.5,31.5,0.4,0.0075,infeasible,no_communication_case_meets_requirements,0.5284675285560001,0.0,0.024241522903033896,0.0,10036.224000000031,8654.465501386492,1,2,False
sender,3.75,31.5,0.4,0.0075,infeasible,no_communication_case_meets_requirements,0.5284675285560001,0.0,0.024241522903033896,0.0,10036.224000000031,8654.465501386492,1,2,False
sender,4.0,31.5,0.4,0.0075,infeasible,no_communication_case_meets_requirements,0.5284675285560001,0.0,0.024241522903033896,0.0,10036.224000000031,8654.465501386492,1,2,False
sender,4.25,31.5,0.4,0.0075,infeasible,no_communication_case_meets_requirements,0.0,0.0,0.0,0.0,10036.224000000031,8654.465501386492,1,2,False
sender,4.5,31.5,0.4,0.0075,infeasible,no_communication_case_meets_requirements,0.0,0.0,0.0,0.0,10036.224000000031,8654.465501386492,1,2,False
sender,4.75,31.5,0.4,0.0075,infeasible,no_communication_case_meets_requirements,0.0,0.0,0.0,0.0,10036.224000000031,8654.465501386492,1,2,False
sender,5.0,31.5,0.4,0.0075,infeasible,no_communication_case_meets_requirements,0.0,0.0,0.0,0.0,10036.224000000031,8654.465501386492,1,2,False
sender,5.25,31.5,0.4,0.0075,infeasible,no_communication_case_meets_requirements,0.0,0.0,0.0,0.0,10036.224000000031,8654.465501386492,1,2,False
sender,5.5,31.5,0.4,0.0075,infeasible,no_communication_case_meets_requirements,0.0,0.0,0.0,0.0,10036.224000000031,8654.465501386492,1,2,False
sender,5.75,31.5,0.4,0.0075,infeasible,no_communication_case_meets_requirements,0.0,0.0,0.0,0.0,10036.224000000031,8654.465501386492,1,2,False
sender,6.0,31.5,0.4,0.0075,infeasible,no_communication_case_meets_requirements,0.0,0.0,0.0,0.0,10036.224000000031,8654.465501386492,1,2,False
sender,6.25,31.5,0.4,0.0075,infeasible,no_communication_case_meets_requirements,0.0,0.0,0.0,0.0,10036.224000000031,8654.465501386492,1,2,False
sender,6.5,31.5,0.4,0.0075,infeasible,no_communication_case_meets_requirements,0.0,0.0,0.0,0.0,10036.224000000031,8654.465501386492,1,2,False
sender,6.75,31.5,0.4,0.0075,infeasible,no_communication_case_meets_requirements,0.0,0.0,0.0,0.0,10036.224000000031,8654.465501386492,1,2,False
sender,7.0,31.5,0.4,0.0075,infeasible,no_communication_case_meets_requirements,0.0,0.0,0.0,0.0,10036.224000000031,8654.465501386492,1,2,False
sender,7.25,31.5,0.4,0.0075,infeasible,no_communication_case_meets_requirements,0.0,0.0,0.0,0.0,10036.224000000031,8654.465501386492,1,2,False
sender,7.5,31.5,0.4,0.0075,infeasible,no_communication_case_meets_requirements,0.0,0.0,0.0,0.0,10036.224000000031,8654.465501386492,1,2,False
sender,7.75,31.5,0.4,0.0075,infeasible,no_communication_case_meets_requirements,0.0,0.0,0.0,0.0,10036.224000000031,8654.465501386492,1,2,False
sender,8.0,31.5,0.4,0.0075,infeasible,no_communication_case_meets_requirements,0.0,0.0,0.0,0.0,10036.224000000031,8654.465501386492,1,2,False
sender,0.0,32.0,0.4,0.0075,feedback,minimum_traffic_feasible,0.5284675285560001,0.5115928239419154,0.024241522903033896,0.006621649577619159,10036.224000000031,8654.465501386492,1,2,False
sender,0.25,32.0,0.4,0.0075,feedback,minimum_traffic_feasible,0.5284675285560001,0.5115928239419154,0.024241522903033896,0.006621649577619159,10036.224000000031,8654.465501386492,1,2,False
sender,0.5,32.0,0.4,0.0075,feedback,minimum_traffic_feasible,0.5284675285560001,0.5115928239419154,0.024241522903033896,0.006621649577619159,10036.224000000031,8654.465501386492,1,2,False
sender,0.75,32.0,0.4,0.0075,feedback,minimum_traffic_feasible,0.5284675285560001,0.5115928239419154,0.024241522903033896,0.006621649577619159,10036.224000000031,8654.465501386492,1,2,False
sender,1.0,32.0,0.4,0.0075,feedback,minimum_traffic_feasible,0.5284675285560001,0.5115928239419154,0.024241522903033896,0.006621649577619159,10036.224000000031,8654.465501386492,1,2,False
sender,1.25,32.0,0.4,0.0075,feedback,minimum_traffic_feasible,0.5284675285560001,0.5115928239419154,0.024241522903033896,0.006621649577619159,10036.224000000031,8654.465501386492,1,2,False
sender,1.5,32.0,0.4,0.0075,feedback,minimum_traffic_feasible,0.5284675285560001,0.5115928239419154,0.024241522903033896,0.006621649577619159,10036.224000000031,8654.465501386492,1,2,False
sender,1.75,32.0,0.4,0.0075,feedback,minimum_traffic_feasible,0.5284675285560001,0.511061665740272,0.024241522903033896,0.006513192094817184,10036.224000000031,8654.465501386492,1,2,False
sender,2.0,32.0,0.4,0.0075,feedback,minimum_traffic_feasible,0.5284675285560001,0.511061665740272,0.024241522903033896,0.006513192094817184,10036.224000000031,8654.465501386492,1,2,False
sender,2.25,32.0,0.4,0.0075,infeasible,no_communication_case_meets_requirements,0.5284675285560001,0.0,0.024241522903033896,0.0,10036.224000000031,8654.465501386492,1,2,False
sender,2.5,32.0,0.4,0.0075,infeasible,no_communication_case_meets_requirements,0.5284675285560001,0.0,0.024241522903033896,0.0,10036.224000000031,8654.465501386492,1,2,False
sender,2.75,32.0,0.4,0.0075,infeasible,no_communication_case_meets_requirements,0.5284675285560001,0.0,0.024241522903033896,0.0,10036.224000000031,8654.465501386492,1,2,False
sender,3.0,32.0,0.4,0.0075,infeasible,no_communication_case_meets_requirements,0.5284675285560001,0.0,0.024241522903033896,0.0,10036.224000000031,8654.465501386492,1,2,False
sender,3.25,32.0,0.4,0.0075,infeasible,no_communication_case_meets_requirements,0.5284675285560001,0.0,0.024241522903033896,0.0,10036.224000000031,8654.465501386492,1,2,False
sender,3.5,32.0,0.4,0.0075,infeasible,no_communication_case_meets_requirements,0.5284675285560001,0.0,0.024241522903033896,0.0,10036.224000000031,8654.465501386492,1,2,False
sender,3.75,32.0,0.4,0.0075,infeasible,no_communication_case_meets_requirements,0.5284675285560001,0.0,0.024241522903033896,0.0,10036.224000000031,8654.465501386492,1,2,False
sender,4.0,32.0,0.4,0.0075,infeasible,no_communication_case_meets_requirements,0.5284675285560001,0.0,0.024241522903033896,0.0,10036.224000000031,8654.465501386492,1,2,False
sender,4.25,32.0,0.4,0.0075,infeasible,no_communication_case_meets_requirements,0.0,0.0,0.0,0.0,10036.224000000031,8654.465501386492,1,2,False
sender,4.5,32.0,0.4,0.0075,infeasible,no_communication_case_meets_requirements,0.0,0.0,0.0,0.0,10036.224000000031,8654.465501386492,1,2,False
sender,4.75,32.0,0.4,0.0075,infeasible,no_communication_case_meets_requirements,0.0,0.0,0.0,0.0,10036.224000000031,8654.465501386492,1,2,False
sender,5.0,32.0,0.4,0.0075,infeasible,no_communication_case_meets_requirements,0.0,0.0,0.0,0.0,10036.224000000031,8654.465501386492,1,2,False
sender,5.25,32.0,0.4,0.0075,infeasible,no_communication_case_meets_requirements,0.0,0.0,0.0,0.0,10036.224000000031,8654.465501386492,1,2,False
sender,5.5,32.0,0.4,0.0075,infeasible,no_communication_case_meets_requirements,0.0,0.0,0.0,0.0,10036.224000000031,8654.465501386492,1,2,False
sender,5.75,32.0,0.4,0.0075,infeasible,no_communication_case_meets_requirements,0.0,0.0,0.0,0.0,10036.224000000031,8654.465501386492,1,2,False
sender,6.0,32.0,0.4,0.0075,infeasible,no_communication_case_meets_requirements,0.0,0.0,0.0,0.0,10036.224000000031,8654.465501386492,1,2,False
sender,6.25,32.0,0.4,0.0075,infeasible,no_communication_case_meets_requirements,0.0,0.0,0.0,0.0,10036.224000000031,8654.465501386492,1,2,False
sender,6.5,32.0,0.4,0.0075,infeasible,no_communication_case_meets_requirements,0.0,0.0,0.0,0.0,10036.224000000031,8654.465501386492,1,2,False
sender,6.75,32.0,0.4,0.0075,infeasible,no_communication_case_meets_requirements,0.0,0.0,0.0,0.0,10036.224000000031,8654.465501386492,1,2,False
sender,7.0,32.0,0.4,0.0075,infeasible,no_communication_case_meets_requirements,0.0,0.0,0.0,0.0,10036.224000000031,8654.465501386492,1,2,False
sender,7.25,32.0,0.4,0.0075,infeasible,no_communication_case_meets_requirements,0.0,0.0,0.0,0.0,10036.224000000031,8654.465501386492,1,2,False
sender,7.5,32.0,0.4,0.0075,infeasible,no_communication_case_meets_requirements,0.0,0.0,0.0,0.0,10036.224000000031,8654.465501386492,1,2,False
sender,7.75,32.0,0.4,0.0075,infeasible,no_communication_case_meets_requirements,0.0,0.0,0.0,0.0,10036.224000000031,8654.465501386492,1,2,False
sender,8.0,32.0,0.4,0.0075,infeasible,no_communication_case_meets_requirements,0.0,0.0,0.0,0.0,10036.224000000031,8654.465501386492,1,2,False
sender,0.0,32.5,0.4,0.0075,feedback,minimum_traffic_feasible,0.5284675285560001,0.5115928239419154,0.024241522903033896,0.006621649577619159,10036.224000000031,8654.465501386492,1,2,False
sender,0.25,32.5,0.4,0.0075,feedback,minimum_traffic_feasible,0.5284675285560001,0.5115928239419154,0.024241522903033896,0.006621649577619159,10036.224000000031,8654.465501386492,1,2,False
sender,0.5,32.5,0.4,0.0075,feedback,minimum_traffic_feasible,0.5284675285560001,0.5115928239419154,0.024241522903033896,0.006621649577619159,10036.224000000031,8654.465501386492,1,2,False
sender,0.75,32.5,0.4,0.0075,feedback,minimum_traffic_feasible,0.5284675285560001,0.5115928239419154,0.024241522903033896,0.006621649577619159,10036.224000000031,8654.465501386492,1,2,False
sender,1.0,32.5,0.4,0.0075,feedback,minimum_traffic_feasible,0.5284675285560001,0.5115928239419154,0.024241522903033896,0.006621649577619159,10036.224000000031,8654.465501386492,1,2,False
sender,1.25,32.5,0.4,0.0075,feedback,minimum_traffic_feasible,0.5284675285560001,0.5115928239419154,0.024241522903033896,0.006621649577619159,10036.224000000031,8654.465501386492,1,2,False
sender,1.5,32.5,0.4,0.0075,feedback,minimum_traffic_feasible,0.5284675285560001,0.5115928239419154,0.024241522903033896,0.006621649577619159,10036.224000000031,8654.465501386492,1,2,False
sender,1.75,32.5,0.4,0.0075,feedback,minimum_traffic_feasible,0.5284675285560001,0.511061665740272,0.024241522903033896,0.006513192094817184,10036.224000000031,8654.465501386492,1,2,False
sender,2.0,32.5,0.4,0.0075,feedback,minimum_traffic_feasible,0.5284675285560001,0.511061665740272,0.024241522903033896,0.006513192094817184,10036.224000000031,8654.465501386492,1,2,False
sender,2.25,32.5,0.4,0.0075,infeasible,no_communication_case_meets_requirements,0.5284675285560001,0.0,0.024241522903033896,0.0,10036.224000000031,8654.465501386492,1,2,False
sender,2.5,32.5,0.4,0.0075,infeasible,no_communication_case_meets_requirements,0.5284675285560001,0.0,0.024241522903033896,0.0,10036.224000000031,8654.465501386492,1,2,False
sender,2.75,32.5,0.4,0.0075,infeasible,no_communication_case_meets_requirements,0.5284675285560001,0.0,0.024241522903033896,0.0,10036.224000000031,8654.465501386492,1,2,False
sender,3.0,32.5,0.4,0.0075,infeasible,no_communication_case_meets_requirements,0.5284675285560001,0.0,0.024241522903033896,0.0,10036.224000000031,8654.465501386492,1,2,False
sender,3.25,32.5,0.4,0.0075,infeasible,no_communication_case_meets_requirements,0.5284675285560001,0.0,0.024241522903033896,0.0,10036.224000000031,8654.465501386492,1,2,False
sender,3.5,32.5,0.4,0.0075,infeasible,no_communication_case_meets_requirements,0.5284675285560001,0.0,0.024241522903033896,0.0,10036.224000000031,8654.465501386492,1,2,False
sender,3.75,32.5,0.4,0.0075,infeasible,no_communication_case_meets_requirements,0.5284675285560001,0.0,0.024241522903033896,0.0,10036.224000000031,8654.465501386492,1,2,False
sender,4.0,32.5,0.4,0.0075,infeasible,no_communication_case_meets_requirements,0.5284675285560001,0.0,0.024241522903033896,0.0,10036.224000000031,8654.465501386492,1,2,False
sender,4.25,32.5,0.4,0.0075,infeasible,no_communication_case_meets_requirements,0.0,0.0,0.0,0.0,10036.224000000031,8654.465501386492,1,2,False
sender,4.5,32.5,0.4,0.0075,infeasible,no_communication_case_meets_requirements,0.0,0.0,0.0,0.0,10036.224000000031,8654.465501386492,1,2,False
sender,4.75,32.5,0.4,0.0075,infeasible,no_communication_case_meets_requirements,0.0,0.0,0.0,0.0,10036.224000000031,8654.465501386492,1,2,False
sender,5.0,32.5,0.4,0.0075,infeasible,no_communication_case_meets_requirements,0.0,0.0,0.0,0.0,10036.224000000031,8654.465501386492,1,2,False
sender,5.25,32.5,0.4,0.0075,infeasible,no_communication_case_meets_requirements,0.0,0.0,0.0,0.0,10036.224000000031,8654.465501386492,1,2,False
sender,5.5,32.5,0.4,0.0075,infeasible,no_communication_case_meets_requirements,0.0,0.0,0.0,0.0,10036.224000000031,8654.465501386492,1,2,False
sender,5.75,32.5,0.4,0.0075,infeasible,no_communication_case_meets_requirements,0.0,0.0,0.0,0.0,10036.224000000031,8654.465501386492,1,2,False
sender,6.0,32.5,0.4,0.0075,infeasible,no_communication_case_meets_requirements,0.0,0.0,0.0,0.0,10036.224000000031,8654.465501386492,1,2,False
sender,6.25,32.5,0.4,0.0075,infeasible,no_communication_case_meets_requirements,0.0,0.0,0.0,0.0,10036.224000000031,8654.465501386492,1,2,False
sender,6.5,32.5,0.4,0.0075,infeasible,no_communication_case_meets_requirements,0.0,0.0,0.0,0.0,10036.224000000031,8654.465501386492,1,2,False
sender,6.75,32.5,0.4,0.0075,infeasible,no_communication_case_meets_requirements,0.0,0.0,0.0,0.0,10036.224000000031,8654.465501386492,1,2,False
sender,7.0,32.5,0.4,0.0075,infeasible,no_communication_case_meets_requirements,0.0,0.0,0.0,0.0,10036.224000000031,8654.465501386492,1,2,False
sender,7.25,32.5,0.4,0.0075,infeasible,no_communication_case_meets_requirements,0.0,0.0,0.0,0.0,10036.224000000031,8654.465501386492,1,2,False
sender,7.5,32.5,0.4,0.0075,infeasible,no_communication_case_meets_requirements,0.0,0.0,0.0,0.0,10036.224000000031,8654.465501386492,1,2,False
sender,7.75,32.5,0.4,0.0075,infeasible,no_communication_case_meets_requirements,0.0,0.0,0.0,0.0,10036.224000000031,8654.465501386492,1,2,False
sender,8.0,32.5,0.4,0.0075,infeasible,no_communication_case_meets_requirements,0.0,0.0,0.0,0.0,10036.224000000031,8654.465501386492,1,2,False
sender,0.0,33.0,0.4,0.0075,feedback,minimum_traffic_feasible,0.5284675285560001,0.5115928239419154,0.024241522903033896,0.006621649577619159,10036.224000000031,8654.465501386492,1,2,False
sender,0.25,33.0,0.4,0.0075,feedback,minimum_traffic_feasible,0.5284675285560001,0.5115928239419154,0.024241522903033896,0.006621649577619159,10036.224000000031,8654.465501386492,1,2,False
sender,0.5,33.0,0.4,0.0075,feedback,minimum_traffic_feasible,0.5284675285560001,0.5115928239419154,0.024241522903033896,0.006621649577619159,10036.224000000031,8654.465501386492,1,2,True
sender,0.75,33.0,0.4,0.0075,feedback,minimum_traffic_feasible,0.5284675285560001,0.5115928239419154,0.024241522903033896,0.006621649577619159,10036.224000000031,8654.465501386492,1,2,False
sender,1.0,33.0,0.4,0.0075,feedback,minimum_traffic_feasible,0.5284675285560001,0.5115928239419154,0.024241522903033896,0.006621649577619159,10036.224000000031,8654.465501386492,1,2,False
sender,1.25,33.0,0.4,0.0075,feedback,minimum_traffic_feasible,0.5284675285560001,0.5115928239419154,0.024241522903033896,0.006621649577619159,10036.224000000031,8654.465501386492,1,2,False
sender,1.5,33.0,0.4,0.0075,feedback,minimum_traffic_feasible,0.5284675285560001,0.5115928239419154,0.024241522903033896,0.006621649577619159,10036.224000000031,8654.465501386492,1,2,False
sender,1.75,33.0,0.4,0.0075,feedback,minimum_traffic_feasible,0.5284675285560001,0.511061665740272,0.024241522903033896,0.006513192094817184,10036.224000000031,8654.465501386492,1,2,False
sender,2.0,33.0,0.4,0.0075,feedback,minimum_traffic_feasible,0.5284675285560001,0.511061665740272,0.024241522903033896,0.006513192094817184,10036.224000000031,8654.465501386492,1,2,False
sender,2.25,33.0,0.4,0.0075,infeasible,no_communication_case_meets_requirements,0.5284675285560001,0.0,0.024241522903033896,0.0,10036.224000000031,8654.465501386492,1,2,False
sender,2.5,33.0,0.4,0.0075,infeasible,no_communication_case_meets_requirements,0.5284675285560001,0.0,0.024241522903033896,0.0,10036.224000000031,8654.465501386492,1,2,False
sender,2.75,33.0,0.4,0.0075,infeasible,no_communication_case_meets_requirements,0.5284675285560001,0.0,0.024241522903033896,0.0,10036.224000000031,8654.465501386492,1,2,False
sender,3.0,33.0,0.4,0.0075,infeasible,no_communication_case_meets_requirements,0.5284675285560001,0.0,0.024241522903033896,0.0,10036.224000000031,8654.465501386492,1,2,False
sender,3.25,33.0,0.4,0.0075,infeasible,no_communication_case_meets_requirements,0.5284675285560001,0.0,0.024241522903033896,0.0,10036.224000000031,8654.465501386492,1,2,False
sender,3.5,33.0,0.4,0.0075,infeasible,no_communication_case_meets_requirements,0.5284675285560001,0.0,0.024241522903033896,0.0,10036.224000000031,8654.465501386492,1,2,False
sender,3.75,33.0,0.4,0.0075,infeasible,no_communication_case_meets_requirements,0.5284675285560001,0.0,0.024241522903033896,0.0,10036.224000000031,8654.465501386492,1,2,False
sender,4.0,33.0,0.4,0.0075,infeasible,no_communication_case_meets_requirements,0.5284675285560001,0.0,0.024241522903033896,0.0,10036.224000000031,8654.465501386492,1,2,False
sender,4.25,33.0,0.4,0.0075,infeasible,no_communication_case_meets_requirements,0.0,0.0,0.0,0.0,10036.224000000031,8654.465501386492,1,2,False
sender,4.5,33.0,0.4,0.0075,infeasible,no_communication_case_meets_requirements,0.0,0.0,0.0,0.0,10036.224000000031,8654.465501386492,1,2,False
sender,4.75,33.0,0.4,0.0075,infeasible,no_communication_case_meets_requirements,0.0,0.0,0.0,0.0,10036.224000000031,8654.465501386492,1,2,False
sender,5.0,33.0,0.4,0.0075,infeasible,no_communication_case_meets_requirements,0.0,0.0,0.0,0.0,10036.224000000031,8654.465501386492,1,2,False
sender,5.25,33.0,0.4,0.0075,infeasible,no_communication_case_meets_requirements,0.0,0.0,0.0,0.0,10036.224000000031,8654.465501386492,1,2,False
sender,5.5,33.0,0.4,0.0075,infeasible,no_communication_case_meets_requirements,0.0,0.0,0.0,0.0,10036.224000000031,8654.465501386492,1,2,False
sender,5.75,33.0,0.4,0.0075,infeasible,no_communication_case_meets_requirements,0.0,0.0,0.0,0.0,10036.224000000031,8654.465501386492,1,2,False
sender,6.0,33.0,0.4,0.0075,infeasible,no_communication_case_meets_requirements,0.0,0.0,0.0,0.0,10036.224000000031,8654.465501386492,1,2,False
sender,6.25,33.0,0.4,0.0075,infeasible,no_communication_case_meets_requirements,0.0,0.0,0.0,0.0,10036.224000000031,8654.465501386492,1,2,False
sender,6.5,33.0,0.4,0.0075,infeasible,no_communication_case_meets_requirements,0.0,0.0,0.0,0.0,10036.224000000031,8654.465501386492,1,2,False
sender,6.75,33.0,0.4,0.0075,infeasible,no_communication_case_meets_requirements,0.0,0.0,0.0,0.0,10036.224000000031,8654.465501386492,1,2,False
sender,7.0,33.0,0.4,0.0075,infeasible,no_communication_case_meets_requirements,0.0,0.0,0.0,0.0,10036.224000000031,8654.465501386492,1,2,False
sender,7.25,33.0,0.4,0.0075,infeasible,no_communication_case_meets_requirements,0.0,0.0,0.0,0.0,10036.224000000031,8654.465501386492,1,2,False
sender,7.5,33.0,0.4,0.0075,infeasible,no_communication_case_meets_requirements,0.0,0.0,0.0,0.0,10036.224000000031,8654.465501386492,1,2,False
sender,7.75,33.0,0.4,0.0075,infeasible,no_communication_case_meets_requirements,0.0,0.0,0.0,0.0,10036.224000000031,8654.465501386492,1,2,False
sender,8.0,33.0,0.4,0.0075,infeasible,no_communication_case_meets_requirements,0.0,0.0,0.0,0.0,10036.224000000031,8654.465501386492,1,2,False
sender,0.0,33.5,0.4,0.0075,feedback,minimum_traffic_feasible,0.5284675285560001,0.5115928239419154,0.024241522903033896,0.006621649577619159,10036.224000000031,8654.465501386492,1,2,False
sender,0.25,33.5,0.4,0.0075,feedback,minimum_traffic_feasible,0.5284675285560001,0.5115928239419154,0.024241522903033896,0.006621649577619159,10036.224000000031,8654.465501386492,1,2,False
sender,0.5,33.5,0.4,0.0075,feedback,minimum_traffic_feasible,0.5284675285560001,0.5115928239419154,0.024241522903033896,0.006621649577619159,10036.224000000031,8654.465501386492,1,2,False
sender,0.75,33.5,0.4,0.0075,feedback,minimum_traffic_feasible,0.5284675285560001,0.5115928239419154,0.024241522903033896,0.006621649577619159,10036.224000000031,8654.465501386492,1,2,False
sender,1.0,33.5,0.4,0.0075,feedback,minimum_traffic_feasible,0.5284675285560001,0.5115928239419154,0.024241522903033896,0.006621649577619159,10036.224000000031,8654.465501386492,1,2,False
sender,1.25,33.5,0.4,0.0075,feedback,minimum_traffic_feasible,0.5284675285560001,0.5115928239419154,0.024241522903033896,0.006621649577619159,10036.224000000031,8654.465501386492,1,2,False
sender,1.5,33.5,0.4,0.0075,feedback,minimum_traffic_feasible,0.5284675285560001,0.5115928239419154,0.024241522903033896,0.006621649577619159,10036.224000000031,8654.465501386492,1,2,False
sender,1.75,33.5,0.4,0.0075,feedback,minimum_traffic_feasible,0.5284675285560001,0.511061665740272,0.024241522903033896,0.006513192094817184,10036.224000000031,8654.465501386492,1,2,False
sender,2.0,33.5,0.4,0.0075,feedback,minimum_traffic_feasible,0.5284675285560001,0.511061665740272,0.024241522903033896,0.006513192094817184,10036.224000000031,8654.465501386492,1,2,False
sender,2.25,33.5,0.4,0.0075,infeasible,no_communication_case_meets_requirements,0.5284675285560001,0.0,0.024241522903033896,0.0,10036.224000000031,8654.465501386492,1,2,False
sender,2.5,33.5,0.4,0.0075,infeasible,no_communication_case_meets_requirements,0.5284675285560001,0.0,0.024241522903033896,0.0,10036.224000000031,8654.465501386492,1,2,False
sender,2.75,33.5,0.4,0.0075,infeasible,no_communication_case_meets_requirements,0.5284675285560001,0.0,0.024241522903033896,0.0,10036.224000000031,8654.465501386492,1,2,False
sender,3.0,33.5,0.4,0.0075,infeasible,no_communication_case_meets_requirements,0.5284675285560001,0.0,0.024241522903033896,0.0,10036.224000000031,8654.465501386492,1,2,False
sender,3.25,33.5,0.4,0.0075,infeasible,no_communication_case_meets_requirements,0.5284675285560001,0.0,0.024241522903033896,0.0,10036.224000000031,8654.465501386492,1,2,False
sender,3.5,33.5,0.4,0.0075,infeasible,no_communication_case_meets_requirements,0.5284675285560001,0.0,0.024241522903033896,0.0,10036.224000000031,8654.465501386492,1,2,False
sender,3.75,33.5,0.4,0.0075,infeasible,no_communication_case_meets_requirements,0.5284675285560001,0.0,0.024241522903033896,0.0,10036.224000000031,8654.465501386492,1,2,False
sender,4.0,33.5,0.4,0.0075,infeasible,no_communication_case_meets_requirements,0.5284675285560001,0.0,0.024241522903033896,0.0,10036.224000000031,8654.465501386492,1,2,False
sender,4.25,33.5,0.4,0.0075,infeasible,no_communication_case_meets_requirements,0.0,0.0,0.0,0.0,10036.224000000031,8654.465501386492,1,2,False
sender,4.5,33.5,0.4,0.0075,infeasible,no_communication_case_meets_requirements,0.0,0.0,0.0,0.0,10036.224000000031,8654.465501386492,1,2,False
sender,4.75,33.5,0.4,0.0075,infeasible,no_communication_case_meets_requirements,0.0,0.0,0.0,0.0,10036.224000000031,8654.465501386492,1,2,False
sender,5.0,33.5,0.4,0.0075,infeasible,no_communication_case_meets_requirements,0.0,0.0,0.0,0.0,10036.224000000031,8654.465501386492,1,2,False
sender,5.25,33.5,0.4,0.0075,infeasible,no_communication_case_meets_requirements,0.0,0.0,0.0,0.0,10036.224000000031,8654.465501386492,1,2,False
sender,5.5,33.5,0.4,0.0075,infeasible,no_communication_case_meets_requirements,0.0,0.0,0.0,0.0,10036.224000000031,8654.465501386492,1,2,False
sender,5.75,33.5,0.4,0.0075,infeasible,no_communication_case_meets_requirements,0.0,0.0,0.0,0.0,10036.224000000031,8654.465501386492,1,2,False
sender,6.0,33.5,0.4,0.0075,infeasible,no_communication_case_meets_requirements,0.0,0.0,0.0,0.0,10036.224000000031,8654.465501386492,1,2,False
sender,6.25,33.5,0.4,0.0075,infeasible,no_communication_case_meets_requirements,0.0,0.0,0.0,0.0,10036.224000000031,8654.465501386492,1,2,False
sender,6.5,33.5,0.4,0.0075,infeasible,no_communication_case_meets_requirements,0.0,0.0,0.0,0.0,10036.224000000031,8654.465501386492,1,2,False
sender,6.75,33.5,0.4,0.0075,infeasible,no_communication_case_meets_requirements,0.0,0.0,0.0,0.0,10036.224000000031,8654.465501386492,1,2,False
sender,7.0,33.5,0.4,0.0075,infeasible,no_communication_case_meets_requirements,0.0,0.0,0.0,0.0,10036.224000000031,8654.465501386492,1,2,False
sender,7.25,33.5,0.4,0.0075,infeasible,no_communication_case_meets_requirements,0.0,0.0,0.0,0.0,10036.224000000031,8654.465501386492,1,2,False
sender,7.5,33.5,0.4,0.0075,infeasible,no_communication_case_meets_requirements,0.0,0.0,0.0,0.0,10036.224000000031,8654.465501386492,1,2,False
sender,7.75,33.5,0.4,0.0075,infeasible,no_communication_case_meets_requirements,0.0,0.0,0.0,0.0,10036.224000000031,8654.465501386492,1,2,False
sender,8.0,33.5,0.4,0.0075,infeasible,no_communication_case_meets_requirements,0.0,0.0,0.0,0.0,10036.224000000031,8654.465501386492,1,2,False
sender,0.0,34.0,0.4,0.0075,feedback,minimum_traffic_feasible,0.5284675285560001,0.5115928239419154,0.024241522903033896,0.006621649577619159,10036.224000000031,8654.465501386492,1,2,False
sender,0.25,34.0,0.4,0.0075,feedback,minimum_traffic_feasible,0.5284675285560001,0.5115928239419154,0.024241522903033896,0.006621649577619159,10036.224000000031,8654.465501386492,1,2,False
sender,0.5,34.0,0.4,0.0075,feedback,minimum_traffic_feasible,0.5284675285560001,0.5115928239419154,0.024241522903033896,0.006621649577619159,10036.224000000031,8654.465501386492,1,2,False
sender,0.75,34.0,0.4,0.0075,feedback,minimum_traffic_feasible,0.5284675285560001,0.5115928239419154,0.024241522903033896,0.006621649577619159,10036.224000000031,8654.465501386492,1,2,False
sender,1.0,34.0,0.4,0.0075,feedback,minimum_traffic_feasible,0.5284675285560001,0.5115928239419154,0.024241522903033896,0.006621649577619159,10036.224000000031,8654.465501386492,1,2,False
sender,1.25,34.0,0.4,0.0075,feedback,minimum_traffic_feasible,0.5284675285560001,0.5115928239419154,0.024241522903033896,0.006621649577619159,10036.224000000031,8654.465501386492,1,2,False
sender,1.5,34.0,0.4,0.0075,feedback,minimum_traffic_feasible,0.5284675285560001,0.5115928239419154,0.024241522903033896,0.006621649577619159,10036.224000000031,8654.465501386492,1,2,False
sender,1.75,34.0,0.4,0.0075,feedback,minimum_traffic_feasible,0.5284675285560001,0.511061665740272,0.024241522903033896,0.006513192094817184,10036.224000000031,8654.465501386492,1,2,False
sender,2.0,34.0,0.4,0.0075,feedback,minimum_traffic_feasible,0.5284675285560001,0.511061665740272,0.024241522903033896,0.006513192094817184,10036.224000000031,8654.465501386492,1,2,False
sender,2.25,34.0,0.4,0.0075,infeasible,no_communication_case_meets_requirements,0.5284675285560001,0.0,0.024241522903033896,0.0,10036.224000000031,8654.465501386492,1,2,False
sender,2.5,34.0,0.4,0.0075,infeasible,no_communication_case_meets_requirements,0.5284675285560001,0.0,0.024241522903033896,0.0,10036.224000000031,8654.465501386492,1,2,False
sender,2.75,34.0,0.4,0.0075,infeasible,no_communication_case_meets_requirements,0.5284675285560001,0.0,0.024241522903033896,0.0,10036.224000000031,8654.465501386492,1,2,False
sender,3.0,34.0,0.4,0.0075,infeasible,no_communication_case_meets_requirements,0.5284675285560001,0.0,0.024241522903033896,0.0,10036.224000000031,8654.465501386492,1,2,False
sender,3.25,34.0,0.4,0.0075,infeasible,no_communication_case_meets_requirements,0.5284675285560001,0.0,0.024241522903033896,0.0,10036.224000000031,8654.465501386492,1,2,False
sender,3.5,34.0,0.4,0.0075,infeasible,no_communication_case_meets_requirements,0.5284675285560001,0.0,0.024241522903033896,0.0,10036.224000000031,8654.465501386492,1,2,False
sender,3.75,34.0,0.4,0.0075,infeasible,no_communication_case_meets_requirements,0.5284675285560001,0.0,0.024241522903033896,0.0,10036.224000000031,8654.465501386492,1,2,False
sender,4.0,34.0,0.4,0.0075,infeasible,no_communication_case_meets_requirements,0.5284675285560001,0.0,0.024241522903033896,0.0,10036.224000000031,8654.465501386492,1,2,False
sender,4.25,34.0,0.4,0.0075,infeasible,no_communication_case_meets_requirements,0.0,0.0,0.0,0.0,10036.224000000031,8654.465501386492,1,2,False
sender,4.5,34.0,0.4,0.0075,infeasible,no_communication_case_meets_requirements,0.0,0.0,0.0,0.0,10036.224000000031,8654.465501386492,1,2,False
sender,4.75,34.0,0.4,0.0075,infeasible,no_communication_case_meets_requirements,0.0,0.0,0.0,0.0,10036.224000000031,8654.465501386492,1,2,False
sender,5.0,34.0,0.4,0.0075,infeasible,no_communication_case_meets_requirements,0.0,0.0,0.0,0.0,10036.224000000031,8654.465501386492,1,2,False
sender,5.25,34.0,0.4,0.0075,infeasible,no_communication_case_meets_requirements,0.0,0.0,0.0,0.0,10036.224000000031,8654.465501386492,1,2,False
sender,5.5,34.0,0.4,0.0075,infeasible,no_communication_case_meets_requirements,0.0,0.0,0.0,0.0,10036.224000000031,8654.465501386492,1,2,False
sender,5.75,34.0,0.4,0.0075,infeasible,no_communication_case_meets_requirements,0.0,0.0,0.0,0.0,10036.224000000031,8654.465501386492,1,2,False
sender,6.0,34.0,0.4,0.0075,infeasible,no_communication_case_meets_requirements,0.0,0.0,0.0,0.0,10036.224000000031,8654.465501386492,1,2,False
sender,6.25,34.0,0.4,0.0075,infeasible,no_communication_case_meets_requirements,0.0,0.0,0.0,0.0,10036.224000000031,8654.465501386492,1,2,False
sender,6.5,34.0,0.4,0.0075,infeasible,no_communication_case_meets_requirements,0.0,0.0,0.0,0.0,10036.224000000031,8654.465501386492,1,2,False
sender,6.75,34.0,0.4,0.0075,infeasible,no_communication_case_meets_requirements,0.0,0.0,0.0,0.0,10036.224000000031,8654.465501386492,1,2,False
sender,7.0,34.0,0.4,0.0075,infeasible,no_communication_case_meets_requirements,0.0,0.0,0.0,0.0,10036.224000000031,8654.465501386492,1,2,False
sender,7.25,34.0,0.4,0.0075,infeasible,no_communication_case_meets_requirements,0.0,0.0,0.0,0.0,10036.224000000031,8654.465501386492,1,2,False
sender,7.5,34.0,0.4,0.0075,infeasible,no_communication_case_meets_requirements,0.0,0.0,0.0,0.0,10036.224000000031,8654.465501386492,1,2,False
sender,7.75,34.0,0.4,0.0075,infeasible,no_communication_case_meets_requirements,0.0,0.0,0.0,0.0,10036.224000000031,8654.465501386492,1,2,False
sender,8.0,34.0,0.4,0.0075,infeasible,no_communication_case_meets_requirements,0.0,0.0,0.0,0.0,10036.224000000031,8654.465501386492,1,2,False
sender,0.0,34.5,0.4,0.0075,feedback,minimum_traffic_feasible,0.5284675285560001,0.5115928239419154,0.024241522903033896,0.006621649577619159,10036.224000000031,8654.465501386492,1,2,False
sender,0.25,34.5,0.4,0.0075,feedback,minimum_traffic_feasible,0.5284675285560001,0.5115928239419154,0.024241522903033896,0.006621649577619159,10036.224000000031,8654.465501386492,1,2,False
sender,0.5,34.5,0.4,0.0075,feedback,minimum_traffic_feasible,0.5284675285560001,0.5115928239419154,0.024241522903033896,0.006621649577619159,10036.224000000031,8654.465501386492,1,2,False
sender,0.75,34.5,0.4,0.0075,feedback,minimum_traffic_feasible,0.5284675285560001,0.5115928239419154,0.024241522903033896,0.006621649577619159,10036.224000000031,8654.465501386492,1,2,False
sender,1.0,34.5,0.4,0.0075,feedback,minimum_traffic_feasible,0.5284675285560001,0.5115928239419154,0.024241522903033896,0.006621649577619159,10036.224000000031,8654.465501386492,1,2,False
sender,1.25,34.5,0.4,0.0075,feedback,minimum_traffic_feasible,0.5284675285560001,0.5115928239419154,0.024241522903033896,0.006621649577619159,10036.224000000031,8654.465501386492,1,2,False
sender,1.5,34.5,0.4,0.0075,feedback,minimum_traffic_feasible,0.5284675285560001,0.5115928239419154,0.024241522903033896,0.006621649577619159,10036.224000000031,8654.465501386492,1,2,False
sender,1.75,34.5,0.4,0.0075,feedback,minimum_traffic_feasible,0.5284675285560001,0.511061665740272,0.024241522903033896,0.006513192094817184,10036.224000000031,8654.465501386492,1,2,False
sender,2.0,34.5,0.4,0.0075,feedback,minimum_traffic_feasible,0.5284675285560001,0.511061665740272,0.024241522903033896,0.006513192094817184,10036.224000000031,8654.465501386492,1,2,False
sender,2.25,34.5,0.4,0.0075,infeasible,no_communication_case_meets_requirements,0.5284675285560001,0.0,0.024241522903033896,0.0,10036.224000000031,8654.465501386492,1,2,False
sender,2.5,34.5,0.4,0.0075,infeasible,no_communication_case_meets_requirements,0.5284675285560001,0.0,0.024241522903033896,0.0,10036.224000000031,8654.465501386492,1,2,False
sender,2.75,34.5,0.4,0.0075,infeasible,no_communication_case_meets_requirements,0.5284675285560001,0.0,0.024241522903033896,0.0,10036.224000000031,8654.465501386492,1,2,False
sender,3.0,34.5,0.4,0.0075,infeasible,no_communication_case_meets_requirements,0.5284675285560001,0.0,0.024241522903033896,0.0,10036.224000000031,8654.465501386492,1,2,False
sender,3.25,34.5,0.4,0.0075,infeasible,no_communication_case_meets_requirements,0.5284675285560001,0.0,0.024241522903033896,0.0,10036.224000000031,8654.465501386492,1,2,False
sender,3.5,34.5,0.4,0.0075,infeasible,no_communication_case_meets_requirements,0.5284675285560001,0.0,0.024241522903033896,0.0,10036.224000000031,8654.465501386492,1,2,False
sender,3.75,34.5,0.4,0.0075,infeasible,no_communication_case_meets_requirements,0.5284675285560001,0.0,0.024241522903033896,0.0,10036.224000000031,8654.465501386492,1,2,False
sender,4.0,34.5,0.4,0.0075,infeasible,no_communication_case_meets_requirements,0.5284675285560001,0.0,0.024241522903033896,0.0,10036.224000000031,8654.465501386492,1,2,False
sender,4.25,34.5,0.4,0.0075,infeasible,no_communication_case_meets_requirements,0.0,0.0,0.0,0.0,10036.224000000031,8654.465501386492,1,2,False
sender,4.5,34.5,0.4,0.0075,infeasible,no_communication_case_meets_requirements,0.0,0.0,0.0,0.0,10036.224000000031,8654.465501386492,1,2,False
sender,4.75,34.5,0.4,0.0075,infeasible,no_communication_case_meets_requirements,0.0,0.0,0.0,0.0,10036.224000000031,8654.465501386492,1,2,False
sender,5.0,34.5,0.4,0.0075,infeasible,no_communication_case_meets_requirements,0.0,0.0,0.0,0.0,10036.224000000031,8654.465501386492,1,2,False
sender,5.25,34.5,0.4,0.0075,infeasible,no_communication_case_meets_requirements,0.0,0.0,0.0,0.0,10036.224000000031,8654.465501386492,1,2,False
sender,5.5,34.5,0.4,0.0075,infeasible,no_communication_case_meets_requirements,0.0,0.0,0.0,0.0,10036.224000000031,8654.465501386492,1,2,False
sender,5.75,34.5,0.4,0.0075,infeasible,no_communication_case_meets_requirements,0.0,0.0,0.0,0.0,10036.224000000031,8654.465501386492,1,2,False
sender,6.0,34.5,0.4,0.0075,infeasible,no_communication_case_meets_requirements,0.0,0.0,0.0,0.0,10036.224000000031,8654.465501386492,1,2,False
sender,6.25,34.5,0.4,0.0075,infeasible,no_communication_case_meets_requirements,0.0,0.0,0.0,0.0,10036.224000000031,8654.465501386492,1,2,False
sender,6.5,34.5,0.4,0.0075,infeasible,no_communication_case_meets_requirements,0.0,0.0,0.0,0.0,10036.224000000031,8654.465501386492,1,2,False
sender,6.75,34.5,0.4,0.0075,infeasible,no_communication_case_meets_requirements,0.0,0.0,0.0,0.0,10036.224000000031,8654.465501386492,1,2,False
sender,7.0,34.5,0.4,0.0075,infeasible,no_communication_case_meets_requirements,0.0,0.0,0.0,0.0,10036.224000000031,8654.465501386492,1,2,False
sender,7.25,34.5,0.4,0.0075,infeasible,no_communication_case_meets_requirements,0.0,0.0,0.0,0.0,10036.224000000031,8654.465501386492,1,2,False
sender,7.5,34.5,0.4,0.0075,infeasible,no_communication_case_meets_requirements,0.0,0.0,0.0,0.0,10036.224000000031,8654.465501386492,1,2,False
sender,7.75,34.5,0.4,0.0075,infeasible,no_communication_case_meets_requirements,0.0,0.0,0.0,0.0,10036.224000000031,8654.465501386492,1,2,False
sender,8.0,34.5,0.4,0.0075,infeasible,no_communication_case_meets_requirements,0.0,0.0,0.0,0.0,10036.224000000031,8654.465501386492,1,2,False
sender,0.0,35.0,0.4,0.0075,feedback,minimum_traffic_feasible,0.5284675285560001,0.5115928239419154,0.024241522903033896,0.006621649577619159,10036.224000000031,8654.465501386492,1,2,False
sender,0.25,35.0,0.4,0.0075,feedback,minimum_traffic_feasible,0.5284675285560001,0.5115928239419154,0.024241522903033896,0.006621649577619159,10036.224000000031,8654.465501386492,1,2,False
sender,0.5,35.0,0.4,0.0075,feedback,minimum_traffic_feasible,0.5284675285560001,0.5115928239419154,0.024241522903033896,0.006621649577619159,10036.224000000031,8654.465501386492,1,2,False
sender,0.75,35.0,0.4,0.0075,feedback,minimum_traffic_feasible,0.5284675285560001,0.5115928239419154,0.024241522903033896,0.006621649577619159,10036.224000000031,8654.465501386492,1,2,False
sender,1.0,35.0,0.4,0.0075,feedback,minimum_traffic_feasible,0.5284675285560001,0.5115928239419154,0.024241522903033896,0.006621649577619159,10036.224000000031,8654.465501386492,1,2,False
sender,1.25,35.0,0.4,0.0075,feedback,minimum_traffic_feasible,0.5284675285560001,0.5115928239419154,0.024241522903033896,0.006621649577619159,10036.224000000031,8654.465501386492,1,2,False
sender,1.5,35.0,0.4,0.0075,feedback,minimum_traffic_feasible,0.5284675285560001,0.5115928239419154,0.024241522903033896,0.006621649577619159,10036.224000000031,8654.465501386492,1,2,False
sender,1.75,35.0,0.4,0.0075,feedback,minimum_traffic_feasible,0.5284675285560001,0.511061665740272,0.024241522903033896,0.006513192094817184,10036.224000000031,8654.465501386492,1,2,False
sender,2.0,35.0,0.4,0.0075,feedback,minimum_traffic_feasible,0.5284675285560001,0.511061665740272,0.024241522903033896,0.006513192094817184,10036.224000000031,8654.465501386492,1,2,False
sender,2.25,35.0,0.4,0.0075,infeasible,no_communication_case_meets_requirements,0.5284675285560001,0.0,0.024241522903033896,0.0,10036.224000000031,8654.465501386492,1,2,False
sender,2.5,35.0,0.4,0.0075,infeasible,no_communication_case_meets_requirements,0.5284675285560001,0.0,0.024241522903033896,0.0,10036.224000000031,8654.465501386492,1,2,False
sender,2.75,35.0,0.4,0.0075,infeasible,no_communication_case_meets_requirements,0.5284675285560001,0.0,0.024241522903033896,0.0,10036.224000000031,8654.465501386492,1,2,False
sender,3.0,35.0,0.4,0.0075,infeasible,no_communication_case_meets_requirements,0.5284675285560001,0.0,0.024241522903033896,0.0,10036.224000000031,8654.465501386492,1,2,False
sender,3.25,35.0,0.4,0.0075,infeasible,no_communication_case_meets_requirements,0.5284675285560001,0.0,0.024241522903033896,0.0,10036.224000000031,8654.465501386492,1,2,False
sender,3.5,35.0,0.4,0.0075,infeasible,no_communication_case_meets_requirements,0.5284675285560001,0.0,0.024241522903033896,0.0,10036.224000000031,8654.465501386492,1,2,False
sender,3.75,35.0,0.4,0.0075,infeasible,no_communication_case_meets_requirements,0.5284675285560001,0.0,0.024241522903033896,0.0,10036.224000000031,8654.465501386492,1,2,False
sender,4.0,35.0,0.4,0.0075,infeasible,no_communication_case_meets_requirements,0.5284675285560001,0.0,0.024241522903033896,0.0,10036.224000000031,8654.465501386492,1,2,False
sender,4.25,35.0,0.4,0.0075,infeasible,no_communication_case_meets_requirements,0.0,0.0,0.0,0.0,10036.224000000031,8654.465501386492,1,2,False
sender,4.5,35.0,0.4,0.0075,infeasible,no_communication_case_meets_requirements,0.0,0.0,0.0,0.0,10036.224000000031,8654.465501386492,1,2,False
sender,4.75,35.0,0.4,0.0075,infeasible,no_communication_case_meets_requirements,0.0,0.0,0.0,0.0,10036.224000000031,8654.465501386492,1,2,False
sender,5.0,35.0,0.4,0.0075,infeasible,no_communication_case_meets_requirements,0.0,0.0,0.0,0.0,10036.224000000031,8654.465501386492,1,2,False
sender,5.25,35.0,0.4,0.0075,infeasible,no_communication_case_meets_requirements,0.0,0.0,0.0,0.0,10036.224000000031,8654.465501386492,1,2,False
sender,5.5,35.0,0.4,0.0075,infeasible,no_communication_case_meets_requirements,0.0,0.0,0.0,0.0,10036.224000000031,8654.465501386492,1,2,False
sender,5.75,35.0,0.4,0.0075,infeasible,no_communication_case_meets_requirements,0.0,0.0,0.0,0.0,10036.224000000031,8654.465501386492,1,2,False
sender,6.0,35.0,0.4,0.0075,infeasible,no_communication_case_meets_requirements,0.0,0.0,0.0,0.0,10036.224000000031,8654.465501386492,1,2,False
sender,6.25,35.0,0.4,0.0075,infeasible,no_communication_case_meets_requirements,0.0,0.0,0.0,0.0,10036.224000000031,8654.465501386492,1,2,False
sender,6.5,35.0,0.4,0.0075,infeasible,no_communication_case_meets_requirements,0.0,0.0,0.0,0.0,10036.224000000031,8654.465501386492,1,2,False
sender,6.75,35.0,0.4,0.0075,infeasible,no_communication_case_meets_requirements,0.0,0.0,0.0,0.0,10036.224000000031,8654.465501386492,1,2,False
sender,7.0,35.0,0.4,0.0075,infeasible,no_communication_case_meets_requirements,0.0,0.0,0.0,0.0,10036.224000000031,8654.465501386492,1,2,False
sender,7.25,35.0,0.4,0.0075,infeasible,no_communication_case_meets_requirements,0.0,0.0,0.0,0.0,10036.224000000031,8654.465501386492,1,2,False
sender,7.5,35.0,0.4,0.0075,infeasible,no_communication_case_meets_requirements,0.0,0.0,0.0,0.0,10036.224000000031,8654.465501386492,1,2,False
sender,7.75,35.0,0.4,0.0075,infeasible,no_communication_case_meets_requirements,0.0,0.0,0.0,0.0,10036.224000000031,8654.465501386492,1,2,False
sender,8.0,35.0,0.4,0.0075,infeasible,no_communication_case_meets_requirements,0.0,0.0,0.0,0.0,10036.224000000031,8654.465501386492,1,2,False
sender,0.0,35.5,0.4,0.0075,feedback,minimum_traffic_feasible,0.5284675285560001,0.5115928239419154,0.024241522903033896,0.006621649577619159,10036.224000000031,8654.465501386492,1,2,False
sender,0.25,35.5,0.4,0.0075,feedback,minimum_traffic_feasible,0.5284675285560001,0.5115928239419154,0.024241522903033896,0.006621649577619159,10036.224000000031,8654.465501386492,1,2,False
sender,0.5,35.5,0.4,0.0075,feedback,minimum_traffic_feasible,0.5284675285560001,0.5115928239419154,0.024241522903033896,0.006621649577619159,10036.224000000031,8654.465501386492,1,2,False
sender,0.75,35.5,0.4,0.0075,feedback,minimum_traffic_feasible,0.5284675285560001,0.5115928239419154,0.024241522903033896,0.006621649577619159,10036.224000000031,8654.465501386492,1,2,False
sender,1.0,35.5,0.4,0.0075,feedback,minimum_traffic_feasible,0.5284675285560001,0.5115928239419154,0.024241522903033896,0.006621649577619159,10036.224000000031,8654.465501386492,1,2,False
sender,1.25,35.5,0.4,0.0075,feedback,minimum_traffic_feasible,0.5284675285560001,0.5115928239419154,0.024241522903033896,0.006621649577619159,10036.224000000031,8654.465501386492,1,2,False
sender,1.5,35.5,0.4,0.0075,feedback,minimum_traffic_feasible,0.5284675285560001,0.5115928239419154,0.024241522903033896,0.006621649577619159,10036.224000000031,8654.465501386492,1,2,False
sender,1.75,35.5,0.4,0.0075,feedback,minimum_traffic_feasible,0.5284675285560001,0.511061665740272,0.024241522903033896,0.006513192094817184,10036.224000000031,8654.465501386492,1,2,False
sender,2.0,35.5,0.4,0.0075,feedback,minimum_traffic_feasible,0.5284675285560001,0.511061665740272,0.024241522903033896,0.006513192094817184,10036.224000000031,8654.465501386492,1,2,False
sender,2.25,35.5,0.4,0.0075,infeasible,no_communication_case_meets_requirements,0.5284675285560001,0.0,0.024241522903033896,0.0,10036.224000000031,8654.465501386492,1,2,False
sender,2.5,35.5,0.4,0.0075,infeasible,no_communication_case_meets_requirements,0.5284675285560001,0.0,0.024241522903033896,0.0,10036.224000000031,8654.465501386492,1,2,False
sender,2.75,35.5,0.4,0.0075,infeasible,no_communication_case_meets_requirements,0.5284675285560001,0.0,0.024241522903033896,0.0,10036.224000000031,8654.465501386492,1,2,False
sender,3.0,35.5,0.4,0.0075,infeasible,no_communication_case_meets_requirements,0.5284675285560001,0.0,0.024241522903033896,0.0,10036.224000000031,8654.465501386492,1,2,False
sender,3.25,35.5,0.4,0.0075,infeasible,no_communication_case_meets_requirements,0.5284675285560001,0.0,0.024241522903033896,0.0,10036.224000000031,8654.465501386492,1,2,False
sender,3.5,35.5,0.4,0.0075,infeasible,no_communication_case_meets_requirements,0.5284675285560001,0.0,0.024241522903033896,0.0,10036.224000000031,8654.465501386492,1,2,False
sender,3.75,35.5,0.4,0.0075,infeasible,no_communication_case_meets_requirements,0.5284675285560001,0.0,0.024241522903033896,0.0,10036.224000000031,8654.465501386492,1,2,False
sender,4.0,35.5,0.4,0.0075,infeasible,no_communication_case_meets_requirements,0.5284675285560001,0.0,0.024241522903033896,0.0,10036.224000000031,8654.465501386492,1,2,False
sender,4.25,35.5,0.4,0.0075,infeasible,no_communication_case_meets_requirements,0.0,0.0,0.0,0.0,10036.224000000031,8654.465501386492,1,2,False
sender,4.5,35.5,0.4,0.0075,infeasible,no_communication_case_meets_requirements,0.0,0.0,0.0,0.0,10036.224000000031,8654.465501386492,1,2,False
sender,4.75,35.5,0.4,0.0075,infeasible,no_communication_case_meets_requirements,0.0,0.0,0.0,0.0,10036.224000000031,8654.465501386492,1,2,False
sender,5.0,35.5,0.4,0.0075,infeasible,no_communication_case_meets_requirements,0.0,0.0,0.0,0.0,10036.224000000031,8654.465501386492,1,2,False
sender,5.25,35.5,0.4,0.0075,infeasible,no_communication_case_meets_requirements,0.0,0.0,0.0,0.0,10036.224000000031,8654.465501386492,1,2,False
sender,5.5,35.5,0.4,0.0075,infeasible,no_communication_case_meets_requirements,0.0,0.0,0.0,0.0,10036.224000000031,8654.465501386492,1,2,False
sender,5.75,35.5,0.4,0.0075,infeasible,no_communication_case_meets_requirements,0.0,0.0,0.0,0.0,10036.224000000031,8654.465501386492,1,2,False
sender,6.0,35.5,0.4,0.0075,infeasible,no_communication_case_meets_requirements,0.0,0.0,0.0,0.0,10036.224000000031,8654.465501386492,1,2,False
sender,6.25,35.5,0.4,0.0075,infeasible,no_communication_case_meets_requirements,0.0,0.0,0.0,0.0,10036.224000000031,8654.465501386492,1,2,False
sender,6.5,35.5,0.4,0.0075,infeasible,no_communication_case_meets_requirements,0.0,0.0,0.0,0.0,10036.224000000031,8654.465501386492,1,2,False
sender,6.75,35.5,0.4,0.0075,infeasible,no_communication_case_meets_requirements,0.0,0.0,0.0,0.0,10036.224000000031,8654.465501386492,1,2,False
sender,7.0,35.5,0.4,0.0075,infeasible,no_communication_case_meets_requirements,0.0,0.0,0.0,0.0,10036.224000000031,8654.465501386492,1,2,False
sender,7.25,35.5,0.4,0.0075,infeasible,no_communication_case_meets_requirements,0.0,0.0,0.0,0.0,10036.224000000031,8654.465501386492,1,2,False
sender,7.5,35.5,0.4,0.0075,infeasible,no_communication_case_meets_requirements,0.0,0.0,0.0,0.0,10036.224000000031,8654.465501386492,1,2,False
sender,7.75,35.5,0.4,0.0075,infeasible,no_communication_case_meets_requirements,0.0,0.0,0.0,0.0,10036.224000000031,8654.465501386492,1,2,False
sender,8.0,35.5,0.4,0.0075,infeasible,no_communication_case_meets_requirements,0.0,0.0,0.0,0.0,10036.224000000031,8654.465501386492,1,2,False
sender,0.0,36.0,0.4,0.0075,feedback,minimum_traffic_feasible,0.5284675285560001,0.5115928239419154,0.024241522903033896,0.006621649577619159,10036.224000000031,8654.465501386492,1,2,False
sender,0.25,36.0,0.4,0.0075,feedback,minimum_traffic_feasible,0.5284675285560001,0.5115928239419154,0.024241522903033896,0.006621649577619159,10036.224000000031,8654.465501386492,1,2,False
sender,0.5,36.0,0.4,0.0075,feedback,minimum_traffic_feasible,0.5284675285560001,0.5115928239419154,0.024241522903033896,0.006621649577619159,10036.224000000031,8654.465501386492,1,2,False
sender,0.75,36.0,0.4,0.0075,feedback,minimum_traffic_feasible,0.5284675285560001,0.5115928239419154,0.024241522903033896,0.006621649577619159,10036.224000000031,8654.465501386492,1,2,False
sender,1.0,36.0,0.4,0.0075,feedback,minimum_traffic_feasible,0.5284675285560001,0.5115928239419154,0.024241522903033896,0.006621649577619159,10036.224000000031,8654.465501386492,1,2,False
sender,1.25,36.0,0.4,0.0075,feedback,minimum_traffic_feasible,0.5284675285560001,0.5115928239419154,0.024241522903033896,0.006621649577619159,10036.224000000031,8654.465501386492,1,2,False
sender,1.5,36.0,0.4,0.0075,feedback,minimum_traffic_feasible,0.5284675285560001,0.5115928239419154,0.024241522903033896,0.006621649577619159,10036.224000000031,8654.465501386492,1,2,False
sender,1.75,36.0,0.4,0.0075,feedback,minimum_traffic_feasible,0.5284675285560001,0.511061665740272,0.024241522903033896,0.006513192094817184,10036.224000000031,8654.465501386492,1,2,False
sender,2.0,36.0,0.4,0.0075,feedback,minimum_traffic_feasible,0.5284675285560001,0.511061665740272,0.024241522903033896,0.006513192094817184,10036.224000000031,8654.465501386492,1,2,False
sender,2.25,36.0,0.4,0.0075,infeasible,no_communication_case_meets_requirements,0.5284675285560001,0.0,0.024241522903033896,0.0,10036.224000000031,8654.465501386492,1,2,False
sender,2.5,36.0,0.4,0.0075,infeasible,no_communication_case_meets_requirements,0.5284675285560001,0.0,0.024241522903033896,0.0,10036.224000000031,8654.465501386492,1,2,False
sender,2.75,36.0,0.4,0.0075,infeasible,no_communication_case_meets_requirements,0.5284675285560001,0.0,0.024241522903033896,0.0,10036.224000000031,8654.465501386492,1,2,False
sender,3.0,36.0,0.4,0.0075,infeasible,no_communication_case_meets_requirements,0.5284675285560001,0.0,0.024241522903033896,0.0,10036.224000000031,8654.465501386492,1,2,False
sender,3.25,36.0,0.4,0.0075,infeasible,no_communication_case_meets_requirements,0.5284675285560001,0.0,0.024241522903033896,0.0,10036.224000000031,8654.465501386492,1,2,False
sender,3.5,36.0,0.4,0.0075,infeasible,no_communication_case_meets_requirements,0.5284675285560001,0.0,0.024241522903033896,0.0,10036.224000000031,8654.465501386492,1,2,False
sender,3.75,36.0,0.4,0.0075,infeasible,no_communication_case_meets_requirements,0.5284675285560001,0.0,0.024241522903033896,0.0,10036.224000000031,8654.465501386492,1,2,False
sender,4.0,36.0,0.4,0.0075,infeasible,no_communication_case_meets_requirements,0.5284675285560001,0.0,0.024241522903033896,0.0,10036.224000000031,8654.465501386492,1,2,False
sender,4.25,36.0,0.4,0.0075,infeasible,no_communication_case_meets_requirements,0.0,0.0,0.0,0.0,10036.224000000031,8654.465501386492,1,2,False
sender,4.5,36.0,0.4,0.0075,infeasible,no_communication_case_meets_requirements,0.0,0.0,0.0,0.0,10036.224000000031,8654.465501386492,1,2,False
sender,4.75,36.0,0.4,0.0075,infeasible,no_communication_case_meets_requirements,0.0,0.0,0.0,0.0,10036.224000000031,8654.465501386492,1,2,False
sender,5.0,36.0,0.4,0.0075,infeasible,no_communication_case_meets_requirements,0.0,0.0,0.0,0.0,10036.224000000031,8654.465501386492,1,2,False
sender,5.25,36.0,0.4,0.0075,infeasible,no_communication_case_meets_requirements,0.0,0.0,0.0,0.0,10036.224000000031,8654.465501386492,1,2,False
sender,5.5,36.0,0.4,0.0075,infeasible,no_communication_case_meets_requirements,0.0,0.0,0.0,0.0,10036.224000000031,8654.465501386492,1,2,False
sender,5.75,36.0,0.4,0.0075,infeasible,no_communication_case_meets_requirements,0.0,0.0,0.0,0.0,10036.224000000031,8654.465501386492,1,2,False
sender,6.0,36.0,0.4,0.0075,infeasible,no_communication_case_meets_requirements,0.0,0.0,0.0,0.0,10036.224000000031,8654.465501386492,1,2,False
sender,6.25,36.0,0.4,0.0075,infeasible,no_communication_case_meets_requirements,0.0,0.0,0.0,0.0,10036.224000000031,8654.465501386492,1,2,False
sender,6.5,36.0,0.4,0.0075,infeasible,no_communication_case_meets_requirements,0.0,0.0,0.0,0.0,10036.224000000031,8654.465501386492,1,2,False
sender,6.75,36.0,0.4,0.0075,infeasible,no_communication_case_meets_requirements,0.0,0.0,0.0,0.0,10036.224000000031,8654.465501386492,1,2,False
sender,7.0,36.0,0.4,0.0075,infeasible,no_communication_case_meets_requirements,0.0,0.0,0.0,0.0,10036.224000000031,8654.465501386492,1,2,False
sender,7.25,36.0,0.4,0.0075,infeasible,no_communication_case_meets_requirements,0.0,0.0,0.0,0.0,10036.224000000031,8654.465501386492,1,2,False
sender,7.5,36.0,0.4,0.0075,infeasible,no_communication_case_meets_requirements,0.0,0.0,0.0,0.0,10036.224000000031,8654.465501386492,1,2,False
sender,7.75,36.0,0.4,0.0075,infeasible,no_communication_case_meets_requirements,0.0,0.0,0.0,0.0,10036.224000000031,8654.465501386492,1,2,False
sender,8.0,36.0,0.4,0.0075,infeasible,no_communication_case_meets_requirements,0.0,0.0,0.0,0.0,10036.224000000031,8654.465501386492,1,2,False
sender,0.0,36.5,0.4,0.0075,feedback,minimum_traffic_feasible,0.5284675285560001,0.5115928239419154,0.024241522903033896,0.006621649577619159,10036.224000000031,8654.465501386492,1,2,False
sender,0.25,36.5,0.4,0.0075,feedback,minimum_traffic_feasible,0.5284675285560001,0.5115928239419154,0.024241522903033896,0.006621649577619159,10036.224000000031,8654.465501386492,1,2,False
sender,0.5,36.5,0.4,0.0075,feedback,minimum_traffic_feasible,0.5284675285560001,0.5115928239419154,0.024241522903033896,0.006621649577619159,10036.224000000031,8654.465501386492,1,2,False
sender,0.75,36.5,0.4,0.0075,feedback,minimum_traffic_feasible,0.5284675285560001,0.5115928239419154,0.024241522903033896,0.006621649577619159,10036.224000000031,8654.465501386492,1,2,False
sender,1.0,36.5,0.4,0.0075,feedback,minimum_traffic_feasible,0.5284675285560001,0.5115928239419154,0.024241522903033896,0.006621649577619159,10036.224000000031,8654.465501386492,1,2,False
sender,1.25,36.5,0.4,0.0075,feedback,minimum_traffic_feasible,0.5284675285560001,0.5115928239419154,0.024241522903033896,0.006621649577619159,10036.224000000031,8654.465501386492,1,2,False
sender,1.5,36.5,0.4,0.0075,feedback,minimum_traffic_feasible,0.5284675285560001,0.5115928239419154,0.024241522903033896,0.006621649577619159,10036.224000000031,8654.465501386492,1,2,False
sender,1.75,36.5,0.4,0.0075,feedback,minimum_traffic_feasible,0.5284675285560001,0.511061665740272,0.024241522903033896,0.006513192094817184,10036.224000000031,8654.465501386492,1,2,False
sender,2.0,36.5,0.4,0.0075,feedback,minimum_traffic_feasible,0.5284675285560001,0.511061665740272,0.024241522903033896,0.006513192094817184,10036.224000000031,8654.465501386492,1,2,False
sender,2.25,36.5,0.4,0.0075,infeasible,no_communication_case_meets_requirements,0.5284675285560001,0.0,0.024241522903033896,0.0,10036.224000000031,8654.465501386492,1,2,False
sender,2.5,36.5,0.4,0.0075,infeasible,no_communication_case_meets_requirements,0.5284675285560001,0.0,0.024241522903033896,0.0,10036.224000000031,8654.465501386492,1,2,False
sender,2.75,36.5,0.4,0.0075,infeasible,no_communication_case_meets_requirements,0.5284675285560001,0.0,0.024241522903033896,0.0,10036.224000000031,8654.465501386492,1,2,False
sender,3.0,36.5,0.4,0.0075,infeasible,no_communication_case_meets_requirements,0.5284675285560001,0.0,0.024241522903033896,0.0,10036.224000000031,8654.465501386492,1,2,False
sender,3.25,36.5,0.4,0.0075,infeasible,no_communication_case_meets_requirements,0.5284675285560001,0.0,0.024241522903033896,0.0,10036.224000000031,8654.465501386492,1,2,False
sender,3.5,36.5,0.4,0.0075,infeasible,no_communication_case_meets_requirements,0.5284675285560001,0.0,0.024241522903033896,0.0,10036.224000000031,8654.465501386492,1,2,False
sender,3.75,36.5,0.4,0.0075,infeasible,no_communication_case_meets_requirements,0.5284675285560001,0.0,0.024241522903033896,0.0,10036.224000000031,8654.465501386492,1,2,False
sender,4.0,36.5,0.4,0.0075,infeasible,no_communication_case_meets_requirements,0.5284675285560001,0.0,0.024241522903033896,0.0,10036.224000000031,8654.465501386492,1,2,False
sender,4.25,36.5,0.4,0.0075,infeasible,no_communication_case_meets_requirements,0.0,0.0,0.0,0.0,10036.224000000031,8654.465501386492,1,2,False
sender,4.5,36.5,0.4,0.0075,infeasible,no_communication_case_meets_requirements,0.0,0.0,0.0,0.0,10036.224000000031,8654.465501386492,1,2,False
sender,4.75,36.5,0.4,0.0075,infeasible,no_communication_case_meets_requirements,0.0,0.0,0.0,0.0,10036.224000000031,8654.465501386492,1,2,False
sender,5.0,36.5,0.4,0.0075,infeasible,no_communication_case_meets_requirements,0.0,0.0,0.0,0.0,10036.224000000031,8654.465501386492,1,2,False
sender,5.25,36.5,0.4,0.0075,infeasible,no_communication_case_meets_requirements,0.0,0.0,0.0,0.0,10036.224000000031,8654.465501386492,1,2,False
sender,5.5,36.5,0.4,0.0075,infeasible,no_communication_case_meets_requirements,0.0,0.0,0.0,0.0,10036.224000000031,8654.465501386492,1,2,False
sender,5.75,36.5,0.4,0.0075,infeasible,no_communication_case_meets_requirements,0.0,0.0,0.0,0.0,10036.224000000031,8654.465501386492,1,2,False
sender,6.0,36.5,0.4,0.0075,infeasible,no_communication_case_meets_requirements,0.0,0.0,0.0,0.0,10036.224000000031,8654.465501386492,1,2,False
sender,6.25,36.5,0.4,0.0075,infeasible,no_communication_case_meets_requirements,0.0,0.0,0.0,0.0,10036.224000000031,8654.465501386492,1,2,False
sender,6.5,36.5,0.4,0.0075,infeasible,no_communication_case_meets_requirements,0.0,0.0,0.0,0.0,10036.224000000031,8654.465501386492,1,2,False
sender,6.75,36.5,0.4,0.0075,infeasible,no_communication_case_meets_requirements,0.0,0.0,0.0,0.0,10036.224000000031,8654.465501386492,1,2,False
sender,7.0,36.5,0.4,0.0075,infeasible,no_communication_case_meets_requirements,0.0,0.0,0.0,0.0,10036.224000000031,8654.465501386492,1,2,False
sender,7.25,36.5,0.4,0.0075,infeasible,no_communication_case_meets_requirements,0.0,0.0,0.0,0.0,10036.224000000031,8654.465501386492,1,2,False
sender,7.5,36.5,0.4,0.0075,infeasible,no_communication_case_meets_requirements,0.0,0.0,0.0,0.0,10036.224000000031,8654.465501386492,1,2,False
sender,7.75,36.5,0.4,0.0075,infeasible,no_communication_case_meets_requirements,0.0,0.0,0.0,0.0,10036.224000000031,8654.465501386492,1,2,False
sender,8.0,36.5,0.4,0.0075,infeasible,no_communication_case_meets_requirements,0.0,0.0,0.0,0.0,10036.224000000031,8654.465501386492,1,2,False
sender,0.0,37.0,0.4,0.0075,feedback,minimum_traffic_feasible,0.5284675285560001,0.5115928239419154,0.024241522903033896,0.006621649577619159,10036.224000000031,8654.465501386492,1,2,False
sender,0.25,37.0,0.4,0.0075,feedback,minimum_traffic_feasible,0.5284675285560001,0.5115928239419154,0.024241522903033896,0.006621649577619159,10036.224000000031,8654.465501386492,1,2,False
sender,0.5,37.0,0.4,0.0075,feedback,minimum_traffic_feasible,0.5284675285560001,0.5115928239419154,0.024241522903033896,0.006621649577619159,10036.224000000031,8654.465501386492,1,2,False
sender,0.75,37.0,0.4,0.0075,feedback,minimum_traffic_feasible,0.5284675285560001,0.5115928239419154,0.024241522903033896,0.006621649577619159,10036.224000000031,8654.465501386492,1,2,False
sender,1.0,37.0,0.4,0.0075,feedback,minimum_traffic_feasible,0.5284675285560001,0.5115928239419154,0.024241522903033896,0.006621649577619159,10036.224000000031,8654.465501386492,1,2,False
sender,1.25,37.0,0.4,0.0075,feedback,minimum_traffic_feasible,0.5284675285560001,0.5115928239419154,0.024241522903033896,0.006621649577619159,10036.224000000031,8654.465501386492,1,2,False
sender,1.5,37.0,0.4,0.0075,feedback,minimum_traffic_feasible,0.5284675285560001,0.5115928239419154,0.024241522903033896,0.006621649577619159,10036.224000000031,8654.465501386492,1,2,False
sender,1.75,37.0,0.4,0.0075,feedback,minimum_traffic_feasible,0.5284675285560001,0.511061665740272,0.024241522903033896,0.006513192094817184,10036.224000000031,8654.465501386492,1,2,False
sender,2.0,37.0,0.4,0.0075,feedback,minimum_traffic_feasible,0.5284675285560001,0.511061665740272,0.024241522903033896,0.006513192094817184,10036.224000000031,8654.465501386492,1,2,False
sender,2.25,37.0,0.4,0.0075,infeasible,no_communication_case_meets_requirements,0.5284675285560001,0.0,0.024241522903033896,0.0,10036.224000000031,8654.465501386492,1,2,False
sender,2.5,37.0,0.4,0.0075,infeasible,no_communication_case_meets_requirements,0.5284675285560001,0.0,0.024241522903033896,0.0,10036.224000000031,8654.465501386492,1,2,False
sender,2.75,37.0,0.4,0.0075,infeasible,no_communication_case_meets_requirements,0.5284675285560001,0.0,0.024241522903033896,0.0,10036.224000000031,8654.465501386492,1,2,False
sender,3.0,37.0,0.4,0.0075,infeasible,no_communication_case_meets_requirements,0.5284675285560001,0.0,0.024241522903033896,0.0,10036.224000000031,8654.465501386492,1,2,False
sender,3.25,37.0,0.4,0.0075,infeasible,no_communication_case_meets_requirements,0.5284675285560001,0.0,0.024241522903033896,0.0,10036.224000000031,8654.465501386492,1,2,False
sender,3.5,37.0,0.4,0.0075,infeasible,no_communication_case_meets_requirements,0.5284675285560001,0.0,0.024241522903033896,0.0,10036.224000000031,8654.465501386492,1,2,False
sender,3.75,37.0,0.4,0.0075,infeasible,no_communication_case_meets_requirements,0.5284675285560001,0.0,0.024241522903033896,0.0,10036.224000000031,8654.465501386492,1,2,False
sender,4.0,37.0,0.4,0.0075,infeasible,no_communication_case_meets_requirements,0.5284675285560001,0.0,0.024241522903033896,0.0,10036.224000000031,8654.465501386492,1,2,False
sender,4.25,37.0,0.4,0.0075,infeasible,no_communication_case_meets_requirements,0.0,0.0,0.0,0.0,10036.224000000031,8654.465501386492,1,2,False
sender,4.5,37.0,0.4,0.0075,infeasible,no_communication_case_meets_requirements,0.0,0.0,0.0,0.0,10036.224000000031,8654.465501386492,1,2,False
sender,4.75,37.0,0.4,0.0075,infeasible,no_communication_case_meets_requirements,0.0,0.0,0.0,0.0,10036.224000000031,8654.465501386492,1,2,False
sender,5.0,37.0,0.4,0.0075,infeasible,no_communication_case_meets_requirements,0.0,0.0,0.0,0.0,10036.224000000031,8654.465501386492,1,2,False
sender,5.25,37.0,0.4,0.0075,infeasible,no_communication_case_meets_requirements,0.0,0.0,0.0,0.0,10036.224000000031,8654.465501386492,1,2,False
sender,5.5,37.0,0.4,0.0075,infeasible,no_communication_case_meets_requirements,0.0,0.0,0.0,0.0,10036.224000000031,8654.465501386492,1,2,False
sender,5.75,37.0,0.4,0.0075,infeasible,no_communication_case_meets_requirements,0.0,0.0,0.0,0.0,10036.224000000031,8654.465501386492,1,2,False
sender,6.0,37.0,0.4,0.0075,infeasible,no_communication_case_meets_requirements,0.0,0.0,0.0,0.0,10036.224000000031,8654.465501386492,1,2,False
sender,6.25,37.0,0.4,0.0075,infeasible,no_communication_case_meets_requirements,0.0,0.0,0.0,0.0,10036.224000000031,8654.465501386492,1,2,False
sender,6.5,37.0,0.4,0.0075,infeasible,no_communication_case_meets_requirements,0.0,0.0,0.0,0.0,10036.224000000031,8654.465501386492,1,2,False
sender,6.75,37.0,0.4,0.0075,infeasible,no_communication_case_meets_requirements,0.0,0.0,0.0,0.0,10036.224000000031,8654.465501386492,1,2,False
sender,7.0,37.0,0.4,0.0075,infeasible,no_communication_case_meets_requirements,0.0,0.0,0.0,0.0,10036.224000000031,8654.465501386492,1,2,False
sender,7.25,37.0,0.4,0.0075,infeasible,no_communication_case_meets_requirements,0.0,0.0,0.0,0.0,10036.224000000031,8654.465501386492,1,2,False
sender,7.5,37.0,0.4,0.0075,infeasible,no_communication_case_meets_requirements,0.0,0.0,0.0,0.0,10036.224000000031,8654.465501386492,1,2,False
sender,7.75,37.0,0.4,0.0075,infeasible,no_communication_case_meets_requirements,0.0,0.0,0.0,0.0,10036.224000000031,8654.465501386492,1,2,False
sender,8.0,37.0,0.4,0.0075,infeasible,no_communication_case_meets_requirements,0.0,0.0,0.0,0.0,10036.224000000031,8654.465501386492,1,2,False
sender,0.0,37.5,0.4,0.0075,feedback,minimum_traffic_feasible,0.5284675285560001,0.5115928239419154,0.024241522903033896,0.006621649577619159,10036.224000000031,8654.465501386492,1,2,False
sender,0.25,37.5,0.4,0.0075,feedback,minimum_traffic_feasible,0.5284675285560001,0.5115928239419154,0.024241522903033896,0.006621649577619159,10036.224000000031,8654.465501386492,1,2,False
sender,0.5,37.5,0.4,0.0075,feedback,minimum_traffic_feasible,0.5284675285560001,0.5115928239419154,0.024241522903033896,0.006621649577619159,10036.224000000031,8654.465501386492,1,2,False
sender,0.75,37.5,0.4,0.0075,feedback,minimum_traffic_feasible,0.5284675285560001,0.5115928239419154,0.024241522903033896,0.006621649577619159,10036.224000000031,8654.465501386492,1,2,False
sender,1.0,37.5,0.4,0.0075,feedback,minimum_traffic_feasible,0.5284675285560001,0.5115928239419154,0.024241522903033896,0.006621649577619159,10036.224000000031,8654.465501386492,1,2,False
sender,1.25,37.5,0.4,0.0075,feedback,minimum_traffic_feasible,0.5284675285560001,0.5115928239419154,0.024241522903033896,0.006621649577619159,10036.224000000031,8654.465501386492,1,2,False
sender,1.5,37.5,0.4,0.0075,feedback,minimum_traffic_feasible,0.5284675285560001,0.5115928239419154,0.024241522903033896,0.006621649577619159,10036.224000000031,8654.465501386492,1,2,False
sender,1.75,37.5,0.4,0.0075,feedback,minimum_traffic_feasible,0.5284675285560001,0.511061665740272,0.024241522903033896,0.006513192094817184,10036.224000000031,8654.465501386492,1,2,False
sender,2.0,37.5,0.4,0.0075,feedback,minimum_traffic_feasible,0.5284675285560001,0.511061665740272,0.024241522903033896,0.006513192094817184,10036.224000000031,8654.465501386492,1,2,False
sender,2.25,37.5,0.4,0.0075,infeasible,no_communication_case_meets_requirements,0.5284675285560001,0.0,0.024241522903033896,0.0,10036.224000000031,8654.465501386492,1,2,False
sender,2.5,37.5,0.4,0.0075,infeasible,no_communication_case_meets_requirements,0.5284675285560001,0.0,0.024241522903033896,0.0,10036.224000000031,8654.465501386492,1,2,False
sender,2.75,37.5,0.4,0.0075,infeasible,no_communication_case_meets_requirements,0.5284675285560001,0.0,0.024241522903033896,0.0,10036.224000000031,8654.465501386492,1,2,False
sender,3.0,37.5,0.4,0.0075,infeasible,no_communication_case_meets_requirements,0.5284675285560001,0.0,0.024241522903033896,0.0,10036.224000000031,8654.465501386492,1,2,False
sender,3.25,37.5,0.4,0.0075,infeasible,no_communication_case_meets_requirements,0.5284675285560001,0.0,0.024241522903033896,0.0,10036.224000000031,8654.465501386492,1,2,False
sender,3.5,37.5,0.4,0.0075,infeasible,no_communication_case_meets_requirements,0.5284675285560001,0.0,0.024241522903033896,0.0,10036.224000000031,8654.465501386492,1,2,False
sender,3.75,37.5,0.4,0.0075,infeasible,no_communication_case_meets_requirements,0.5284675285560001,0.0,0.024241522903033896,0.0,10036.224000000031,8654.465501386492,1,2,False
sender,4.0,37.5,0.4,0.0075,infeasible,no_communication_case_meets_requirements,0.5284675285560001,0.0,0.024241522903033896,0.0,10036.224000000031,8654.465501386492,1,2,False
sender,4.25,37.5,0.4,0.0075,infeasible,no_communication_case_meets_requirements,0.0,0.0,0.0,0.0,10036.224000000031,8654.465501386492,1,2,False
sender,4.5,37.5,0.4,0.0075,infeasible,no_communication_case_meets_requirements,0.0,0.0,0.0,0.0,10036.224000000031,8654.465501386492,1,2,False
sender,4.75,37.5,0.4,0.0075,infeasible,no_communication_case_meets_requirements,0.0,0.0,0.0,0.0,10036.224000000031,8654.465501386492,1,2,False
sender,5.0,37.5,0.4,0.0075,infeasible,no_communication_case_meets_requirements,0.0,0.0,0.0,0.0,10036.224000000031,8654.465501386492,1,2,False
sender,5.25,37.5,0.4,0.0075,infeasible,no_communication_case_meets_requirements,0.0,0.0,0.0,0.0,10036.224000000031,8654.465501386492,1,2,False
sender,5.5,37.5,0.4,0.0075,infeasible,no_communication_case_meets_requirements,0.0,0.0,0.0,0.0,10036.224000000031,8654.465501386492,1,2,False
sender,5.75,37.5,0.4,0.0075,infeasible,no_communication_case_meets_requirements,0.0,0.0,0.0,0.0,10036.224000000031,8654.465501386492,1,2,False
sender,6.0,37.5,0.4,0.0075,infeasible,no_communication_case_meets_requirements,0.0,0.0,0.0,0.0,10036.224000000031,8654.465501386492,1,2,False
sender,6.25,37.5,0.4,0.0075,infeasible,no_communication_case_meets_requirements,0.0,0.0,0.0,0.0,10036.224000000031,8654.465501386492,1,2,False
sender,6.5,37.5,0.4,0.0075,infeasible,no_communication_case_meets_requirements,0.0,0.0,0.0,0.0,10036.224000000031,8654.465501386492,1,2,False
sender,6.75,37.5,0.4,0.0075,infeasible,no_communication_case_meets_requirements,0.0,0.0,0.0,0.0,10036.224000000031,8654.465501386492,1,2,False
sender,7.0,37.5,0.4,0.0075,infeasible,no_communication_case_meets_requirements,0.0,0.0,0.0,0.0,10036.224000000031,8654.465501386492,1,2,False
sender,7.25,37.5,0.4,0.0075,infeasible,no_communication_case_meets_requirements,0.0,0.0,0.0,0.0,10036.224000000031,8654.465501386492,1,2,False
sender,7.5,37.5,0.4,0.0075,infeasible,no_communication_case_meets_requirements,0.0,0.0,0.0,0.0,10036.224000000031,8654.465501386492,1,2,False
sender,7.75,37.5,0.4,0.0075,infeasible,no_communication_case_meets_requirements,0.0,0.0,0.0,0.0,10036.224000000031,8654.465501386492,1,2,False
sender,8.0,37.5,0.4,0.0075,infeasible,no_communication_case_meets_requirements,0.0,0.0,0.0,0.0,10036.224000000031,8654.465501386492,1,2,False
sender,0.0,38.0,0.4,0.0075,feedback,minimum_traffic_feasible,0.5284675285560001,0.5115928239419154,0.024241522903033896,0.006621649577619159,10036.224000000031,8654.465501386492,1,2,False
sender,0.25,38.0,0.4,0.0075,feedback,minimum_traffic_feasible,0.5284675285560001,0.5115928239419154,0.024241522903033896,0.006621649577619159,10036.224000000031,8654.465501386492,1,2,False
sender,0.5,38.0,0.4,0.0075,feedback,minimum_traffic_feasible,0.5284675285560001,0.5115928239419154,0.024241522903033896,0.006621649577619159,10036.224000000031,8654.465501386492,1,2,False
sender,0.75,38.0,0.4,0.0075,feedback,minimum_traffic_feasible,0.5284675285560001,0.5115928239419154,0.024241522903033896,0.006621649577619159,10036.224000000031,8654.465501386492,1,2,False
sender,1.0,38.0,0.4,0.0075,feedback,minimum_traffic_feasible,0.5284675285560001,0.5115928239419154,0.024241522903033896,0.006621649577619159,10036.224000000031,8654.465501386492,1,2,False
sender,1.25,38.0,0.4,0.0075,feedback,minimum_traffic_feasible,0.5284675285560001,0.5115928239419154,0.024241522903033896,0.006621649577619159,10036.224000000031,8654.465501386492,1,2,False
sender,1.5,38.0,0.4,0.0075,feedback,minimum_traffic_feasible,0.5284675285560001,0.5115928239419154,0.024241522903033896,0.006621649577619159,10036.224000000031,8654.465501386492,1,2,False
sender,1.75,38.0,0.4,0.0075,feedback,minimum_traffic_feasible,0.5284675285560001,0.511061665740272,0.024241522903033896,0.006513192094817184,10036.224000000031,8654.465501386492,1,2,False
sender,2.0,38.0,0.4,0.0075,feedback,minimum_traffic_feasible,0.5284675285560001,0.511061665740272,0.024241522903033896,0.006513192094817184,10036.224000000031,8654.465501386492,1,2,False
sender,2.25,38.0,0.4,0.0075,infeasible,no_communication_case_meets_requirements,0.5284675285560001,0.0,0.024241522903033896,0.0,10036.224000000031,8654.465501386492,1,2,False
sender,2.5,38.0,0.4,0.0075,infeasible,no_communication_case_meets_requirements,0.5284675285560001,0.0,0.024241522903033896,0.0,10036.224000000031,8654.465501386492,1,2,False
sender,2.75,38.0,0.4,0.0075,infeasible,no_communication_case_meets_requirements,0.5284675285560001,0.0,0.024241522903033896,0.0,10036.224000000031,8654.465501386492,1,2,False
sender,3.0,38.0,0.4,0.0075,infeasible,no_communication_case_meets_requirements,0.5284675285560001,0.0,0.024241522903033896,0.0,10036.224000000031,8654.465501386492,1,2,False
sender,3.25,38.0,0.4,0.0075,infeasible,no_communication_case_meets_requirements,0.5284675285560001,0.0,0.024241522903033896,0.0,10036.224000000031,8654.465501386492,1,2,False
sender,3.5,38.0,0.4,0.0075,infeasible,no_communication_case_meets_requirements,0.5284675285560001,0.0,0.024241522903033896,0.0,10036.224000000031,8654.465501386492,1,2,False
sender,3.75,38.0,0.4,0.0075,infeasible,no_communication_case_meets_requirements,0.5284675285560001,0.0,0.024241522903033896,0.0,10036.224000000031,8654.465501386492,1,2,False
sender,4.0,38.0,0.4,0.0075,infeasible,no_communication_case_meets_requirements,0.5284675285560001,0.0,0.024241522903033896,0.0,10036.224000000031,8654.465501386492,1,2,False
sender,4.25,38.0,0.4,0.0075,infeasible,no_communication_case_meets_requirements,0.0,0.0,0.0,0.0,10036.224000000031,8654.465501386492,1,2,False
sender,4.5,38.0,0.4,0.0075,infeasible,no_communication_case_meets_requirements,0.0,0.0,0.0,0.0,10036.224000000031,8654.465501386492,1,2,False
sender,4.75,38.0,0.4,0.0075,infeasible,no_communication_case_meets_requirements,0.0,0.0,0.0,0.0,10036.224000000031,8654.465501386492,1,2,False
sender,5.0,38.0,0.4,0.0075,infeasible,no_communication_case_meets_requirements,0.0,0.0,0.0,0.0,10036.224000000031,8654.465501386492,1,2,False
sender,5.25,38.0,0.4,0.0075,infeasible,no_communication_case_meets_requirements,0.0,0.0,0.0,0.0,10036.224000000031,8654.465501386492,1,2,False
sender,5.5,38.0,0.4,0.0075,infeasible,no_communication_case_meets_requirements,0.0,0.0,0.0,0.0,10036.224000000031,8654.465501386492,1,2,False
sender,5.75,38.0,0.4,0.0075,infeasible,no_communication_case_meets_requirements,0.0,0.0,0.0,0.0,10036.224000000031,8654.465501386492,1,2,False
sender,6.0,38.0,0.4,0.0075,infeasible,no_communication_case_meets_requirements,0.0,0.0,0.0,0.0,10036.224000000031,8654.465501386492,1,2,False
sender,6.25,38.0,0.4,0.0075,infeasible,no_communication_case_meets_requirements,0.0,0.0,0.0,0.0,10036.224000000031,8654.465501386492,1,2,False
sender,6.5,38.0,0.4,0.0075,infeasible,no_communication_case_meets_requirements,0.0,0.0,0.0,0.0,10036.224000000031,8654.465501386492,1,2,False
sender,6.75,38.0,0.4,0.0075,infeasible,no_communication_case_meets_requirements,0.0,0.0,0.0,0.0,10036.224000000031,8654.465501386492,1,2,False
sender,7.0,38.0,0.4,0.0075,infeasible,no_communication_case_meets_requirements,0.0,0.0,0.0,0.0,10036.224000000031,8654.465501386492,1,2,False
sender,7.25,38.0,0.4,0.0075,infeasible,no_communication_case_meets_requirements,0.0,0.0,0.0,0.0,10036.224000000031,8654.465501386492,1,2,False
sender,7.5,38.0,0.4,0.0075,infeasible,no_communication_case_meets_requirements,0.0,0.0,0.0,0.0,10036.224000000031,8654.465501386492,1,2,False
sender,7.75,38.0,0.4,0.0075,infeasible,no_communication_case_meets_requirements,0.0,0.0,0.0,0.0,10036.224000000031,8654.465501386492,1,2,False
sender,8.0,38.0,0.4,0.0075,infeasible,no_communication_case_meets_requirements,0.0,0.0,0.0,0.0,10036.224000000031,8654.465501386492,1,2,False
sender,0.0,38.5,0.4,0.0075,feedback,minimum_traffic_feasible,0.5284675285560001,0.5115928239419154,0.024241522903033896,0.006621649577619159,10036.224000000031,8654.465501386492,1,2,False
sender,0.25,38.5,0.4,0.0075,feedback,minimum_traffic_feasible,0.5284675285560001,0.5115928239419154,0.024241522903033896,0.006621649577619159,10036.224000000031,8654.465501386492,1,2,False
sender,0.5,38.5,0.4,0.0075,feedback,minimum_traffic_feasible,0.5284675285560001,0.5115928239419154,0.024241522903033896,0.006621649577619159,10036.224000000031,8654.465501386492,1,2,False
sender,0.75,38.5,0.4,0.0075,feedback,minimum_traffic_feasible,0.5284675285560001,0.5115928239419154,0.024241522903033896,0.006621649577619159,10036.224000000031,8654.465501386492,1,2,False
sender,1.0,38.5,0.4,0.0075,feedback,minimum_traffic_feasible,0.5284675285560001,0.5115928239419154,0.024241522903033896,0.006621649577619159,10036.224000000031,8654.465501386492,1,2,False
sender,1.25,38.5,0.4,0.0075,feedback,minimum_traffic_feasible,0.5284675285560001,0.5115928239419154,0.024241522903033896,0.006621649577619159,10036.224000000031,8654.465501386492,1,2,False
sender,1.5,38.5,0.4,0.0075,feedback,minimum_traffic_feasible,0.5284675285560001,0.5115928239419154,0.024241522903033896,0.006621649577619159,10036.224000000031,8654.465501386492,1,2,False
sender,1.75,38.5,0.4,0.0075,feedback,minimum_traffic_feasible,0.5284675285560001,0.511061665740272,0.024241522903033896,0.006513192094817184,10036.224000000031,8654.465501386492,1,2,False
sender,2.0,38.5,0.4,0.0075,feedback,minimum_traffic_feasible,0.5284675285560001,0.511061665740272,0.024241522903033896,0.006513192094817184,10036.224000000031,8654.465501386492,1,2,False
sender,2.25,38.5,0.4,0.0075,infeasible,no_communication_case_meets_requirements,0.5284675285560001,0.0,0.024241522903033896,0.0,10036.224000000031,8654.465501386492,1,2,False
sender,2.5,38.5,0.4,0.0075,infeasible,no_communication_case_meets_requirements,0.5284675285560001,0.0,0.024241522903033896,0.0,10036.224000000031,8654.465501386492,1,2,False
sender,2.75,38.5,0.4,0.0075,infeasible,no_communication_case_meets_requirements,0.5284675285560001,0.0,0.024241522903033896,0.0,10036.224000000031,8654.465501386492,1,2,False
sender,3.0,38.5,0.4,0.0075,infeasible,no_communication_case_meets_requirements,0.5284675285560001,0.0,0.024241522903033896,0.0,10036.224000000031,8654.465501386492,1,2,False
sender,3.25,38.5,0.4,0.0075,infeasible,no_communication_case_meets_requirements,0.5284675285560001,0.0,0.024241522903033896,0.0,10036.224000000031,8654.465501386492,1,2,False
sender,3.5,38.5,0.4,0.0075,infeasible,no_communication_case_meets_requirements,0.5284675285560001,0.0,0.024241522903033896,0.0,10036.224000000031,8654.465501386492,1,2,False
sender,3.75,38.5,0.4,0.0075,infeasible,no_communication_case_meets_requirements,0.5284675285560001,0.0,0.024241522903033896,0.0,10036.224000000031,8654.465501386492,1,2,False
sender,4.0,38.5,0.4,0.0075,infeasible,no_communication_case_meets_requirements,0.5284675285560001,0.0,0.024241522903033896,0.0,10036.224000000031,8654.465501386492,1,2,False
sender,4.25,38.5,0.4,0.0075,infeasible,no_communication_case_meets_requirements,0.0,0.0,0.0,0.0,10036.224000000031,8654.465501386492,1,2,False
sender,4.5,38.5,0.4,0.0075,infeasible,no_communication_case_meets_requirements,0.0,0.0,0.0,0.0,10036.224000000031,8654.465501386492,1,2,False
sender,4.75,38.5,0.4,0.0075,infeasible,no_communication_case_meets_requirements,0.0,0.0,0.0,0.0,10036.224000000031,8654.465501386492,1,2,False
sender,5.0,38.5,0.4,0.0075,infeasible,no_communication_case_meets_requirements,0.0,0.0,0.0,0.0,10036.224000000031,8654.465501386492,1,2,False
sender,5.25,38.5,0.4,0.0075,infeasible,no_communication_case_meets_requirements,0.0,0.0,0.0,0.0,10036.224000000031,8654.465501386492,1,2,False
sender,5.5,38.5,0.4,0.0075,infeasible,no_communication_case_meets_requirements,0.0,0.0,0.0,0.0,10036.224000000031,8654.465501386492,1,2,False
sender,5.75,38.5,0.4,0.0075,infeasible,no_communication_case_meets_requirements,0.0,0.0,0.0,0.0,10036.224000000031,8654.465501386492,1,2,False
sender,6.0,38.5,0.4,0.0075,infeasible,no_communication_case_meets_requirements,0.0,0.0,0.0,0.0,10036.224000000031,8654.465501386492,1,2,False
sender,6.25,38.5,0.4,0.0075,infeasible,no_communication_case_meets_requirements,0.0,0.0,0.0,0.0,10036.224000000031,8654.465501386492,1,2,False
sender,6.5,38.5,0.4,0.0075,infeasible,no_communication_case_meets_requirements,0.0,0.0,0.0,0.0,10036.224000000031,8654.465501386492,1,2,False
sender,6.75,38.5,0.4,0.0075,infeasible,no_communication_case_meets_requirements,0.0,0.0,0.0,0.0,10036.224000000031,8654.465501386492,1,2,False
sender,7.0,38.5,0.4,0.0075,infeasible,no_communication_case_meets_requirements,0.0,0.0,0.0,0.0,10036.224000000031,8654.465501386492,1,2,False
sender,7.25,38.5,0.4,0.0075,infeasible,no_communication_case_meets_requirements,0.0,0.0,0.0,0.0,10036.224000000031,8654.465501386492,1,2,False
sender,7.5,38.5,0.4,0.0075,infeasible,no_communication_case_meets_requirements,0.0,0.0,0.0,0.0,10036.224000000031,8654.465501386492,1,2,False
sender,7.75,38.5,0.4,0.0075,infeasible,no_communication_case_meets_requirements,0.0,0.0,0.0,0.0,10036.224000000031,8654.465501386492,1,2,False
sender,8.0,38.5,0.4,0.0075,infeasible,no_communication_case_meets_requirements,0.0,0.0,0.0,0.0,10036.224000000031,8654.465501386492,1,2,False
sender,0.0,39.0,0.4,0.0075,feedback,minimum_traffic_feasible,0.5284675285560001,0.5115928239419154,0.024241522903033896,0.006621649577619159,10036.224000000031,8654.465501386492,1,2,False
sender,0.25,39.0,0.4,0.0075,feedback,minimum_traffic_feasible,0.5284675285560001,0.5115928239419154,0.024241522903033896,0.006621649577619159,10036.224000000031,8654.465501386492,1,2,False
sender,0.5,39.0,0.4,0.0075,feedback,minimum_traffic_feasible,0.5284675285560001,0.5115928239419154,0.024241522903033896,0.006621649577619159,10036.224000000031,8654.465501386492,1,2,False
sender,0.75,39.0,0.4,0.0075,feedback,minimum_traffic_feasible,0.5284675285560001,0.5115928239419154,0.024241522903033896,0.006621649577619159,10036.224000000031,8654.465501386492,1,2,False
sender,1.0,39.0,0.4,0.0075,feedback,minimum_traffic_feasible,0.5284675285560001,0.5115928239419154,0.024241522903033896,0.006621649577619159,10036.224000000031,8654.465501386492,1,2,False
sender,1.25,39.0,0.4,0.0075,feedback,minimum_traffic_feasible,0.5284675285560001,0.5115928239419154,0.024241522903033896,0.006621649577619159,10036.224000000031,8654.465501386492,1,2,False
sender,1.5,39.0,0.4,0.0075,feedback,minimum_traffic_feasible,0.5284675285560001,0.5115928239419154,0.024241522903033896,0.006621649577619159,10036.224000000031,8654.465501386492,1,2,False
sender,1.75,39.0,0.4,0.0075,feedback,minimum_traffic_feasible,0.5284675285560001,0.511061665740272,0.024241522903033896,0.006513192094817184,10036.224000000031,8654.465501386492,1,2,False
sender,2.0,39.0,0.4,0.0075,feedback,minimum_traffic_feasible,0.5284675285560001,0.511061665740272,0.024241522903033896,0.006513192094817184,10036.224000000031,8654.465501386492,1,2,False
sender,2.25,39.0,0.4,0.0075,infeasible,no_communication_case_meets_requirements,0.5284675285560001,0.0,0.024241522903033896,0.0,10036.224000000031,8654.465501386492,1,2,False
sender,2.5,39.0,0.4,0.0075,infeasible,no_communication_case_meets_requirements,0.5284675285560001,0.0,0.024241522903033896,0.0,10036.224000000031,8654.465501386492,1,2,False
sender,2.75,39.0,0.4,0.0075,infeasible,no_communication_case_meets_requirements,0.5284675285560001,0.0,0.024241522903033896,0.0,10036.224000000031,8654.465501386492,1,2,False
sender,3.0,39.0,0.4,0.0075,infeasible,no_communication_case_meets_requirements,0.5284675285560001,0.0,0.024241522903033896,0.0,10036.224000000031,8654.465501386492,1,2,False
sender,3.25,39.0,0.4,0.0075,infeasible,no_communication_case_meets_requirements,0.5284675285560001,0.0,0.024241522903033896,0.0,10036.224000000031,8654.465501386492,1,2,False
sender,3.5,39.0,0.4,0.0075,infeasible,no_communication_case_meets_requirements,0.5284675285560001,0.0,0.024241522903033896,0.0,10036.224000000031,8654.465501386492,1,2,False
sender,3.75,39.0,0.4,0.0075,infeasible,no_communication_case_meets_requirements,0.5284675285560001,0.0,0.024241522903033896,0.0,10036.224000000031,8654.465501386492,1,2,False
sender,4.0,39.0,0.4,0.0075,infeasible,no_communication_case_meets_requirements,0.5284675285560001,0.0,0.024241522903033896,0.0,10036.224000000031,8654.465501386492,1,2,False
sender,4.25,39.0,0.4,0.0075,infeasible,no_communication_case_meets_requirements,0.0,0.0,0.0,0.0,10036.224000000031,8654.465501386492,1,2,False
sender,4.5,39.0,0.4,0.0075,infeasible,no_communication_case_meets_requirements,0.0,0.0,0.0,0.0,10036.224000000031,8654.465501386492,1,2,False
sender,4.75,39.0,0.4,0.0075,infeasible,no_communication_case_meets_requirements,0.0,0.0,0.0,0.0,10036.224000000031,8654.465501386492,1,2,False
sender,5.0,39.0,0.4,0.0075,infeasible,no_communication_case_meets_requirements,0.0,0.0,0.0,0.0,10036.224000000031,8654.465501386492,1,2,False
sender,5.25,39.0,0.4,0.0075,infeasible,no_communication_case_meets_requirements,0.0,0.0,0.0,0.0,10036.224000000031,8654.465501386492,1,2,False
sender,5.5,39.0,0.4,0.0075,infeasible,no_communication_case_meets_requirements,0.0,0.0,0.0,0.0,10036.224000000031,8654.465501386492,1,2,False
sender,5.75,39.0,0.4,0.0075,infeasible,no_communication_case_meets_requirements,0.0,0.0,0.0,0.0,10036.224000000031,8654.465501386492,1,2,False
sender,6.0,39.0,0.4,0.0075,infeasible,no_communication_case_meets_requirements,0.0,0.0,0.0,0.0,10036.224000000031,8654.465501386492,1,2,False
sender,6.25,39.0,0.4,0.0075,infeasible,no_communication_case_meets_requirements,0.0,0.0,0.0,0.0,10036.224000000031,8654.465501386492,1,2,False
sender,6.5,39.0,0.4,0.0075,infeasible,no_communication_case_meets_requirements,0.0,0.0,0.0,0.0,10036.224000000031,8654.465501386492,1,2,False
sender,6.75,39.0,0.4,0.0075,infeasible,no_communication_case_meets_requirements,0.0,0.0,0.0,0.0,10036.224000000031,8654.465501386492,1,2,False
sender,7.0,39.0,0.4,0.0075,infeasible,no_communication_case_meets_requirements,0.0,0.0,0.0,0.0,10036.224000000031,8654.465501386492,1,2,False
sender,7.25,39.0,0.4,0.0075,infeasible,no_communication_case_meets_requirements,0.0,0.0,0.0,0.0,10036.224000000031,8654.465501386492,1,2,False
sender,7.5,39.0,0.4,0.0075,infeasible,no_communication_case_meets_requirements,0.0,0.0,0.0,0.0,10036.224000000031,8654.465501386492,1,2,False
sender,7.75,39.0,0.4,0.0075,infeasible,no_communication_case_meets_requirements,0.0,0.0,0.0,0.0,10036.224000000031,8654.465501386492,1,2,False
sender,8.0,39.0,0.4,0.0075,infeasible,no_communication_case_meets_requirements,0.0,0.0,0.0,0.0,10036.224000000031,8654.465501386492,1,2,False
sender,0.0,39.5,0.4,0.0075,feedback,minimum_traffic_feasible,0.5284675285560001,0.5115928239419154,0.024241522903033896,0.006621649577619159,10036.224000000031,8654.465501386492,1,2,False
sender,0.25,39.5,0.4,0.0075,feedback,minimum_traffic_feasible,0.5284675285560001,0.5115928239419154,0.024241522903033896,0.006621649577619159,10036.224000000031,8654.465501386492,1,2,False
sender,0.5,39.5,0.4,0.0075,feedback,minimum_traffic_feasible,0.5284675285560001,0.5115928239419154,0.024241522903033896,0.006621649577619159,10036.224000000031,8654.465501386492,1,2,False
sender,0.75,39.5,0.4,0.0075,feedback,minimum_traffic_feasible,0.5284675285560001,0.5115928239419154,0.024241522903033896,0.006621649577619159,10036.224000000031,8654.465501386492,1,2,False
sender,1.0,39.5,0.4,0.0075,feedback,minimum_traffic_feasible,0.5284675285560001,0.5115928239419154,0.024241522903033896,0.006621649577619159,10036.224000000031,8654.465501386492,1,2,False
sender,1.25,39.5,0.4,0.0075,feedback,minimum_traffic_feasible,0.5284675285560001,0.5115928239419154,0.024241522903033896,0.006621649577619159,10036.224000000031,8654.465501386492,1,2,False
sender,1.5,39.5,0.4,0.0075,feedback,minimum_traffic_feasible,0.5284675285560001,0.5115928239419154,0.024241522903033896,0.006621649577619159,10036.224000000031,8654.465501386492,1,2,False
sender,1.75,39.5,0.4,0.0075,feedback,minimum_traffic_feasible,0.5284675285560001,0.511061665740272,0.024241522903033896,0.006513192094817184,10036.224000000031,8654.465501386492,1,2,False
sender,2.0,39.5,0.4,0.0075,feedback,minimum_traffic_feasible,0.5284675285560001,0.511061665740272,0.024241522903033896,0.006513192094817184,10036.224000000031,8654.465501386492,1,2,False
sender,2.25,39.5,0.4,0.0075,infeasible,no_communication_case_meets_requirements,0.5284675285560001,0.0,0.024241522903033896,0.0,10036.224000000031,8654.465501386492,1,2,False
sender,2.5,39.5,0.4,0.0075,infeasible,no_communication_case_meets_requirements,0.5284675285560001,0.0,0.024241522903033896,0.0,10036.224000000031,8654.465501386492,1,2,False
sender,2.75,39.5,0.4,0.0075,infeasible,no_communication_case_meets_requirements,0.5284675285560001,0.0,0.024241522903033896,0.0,10036.224000000031,8654.465501386492,1,2,False
sender,3.0,39.5,0.4,0.0075,infeasible,no_communication_case_meets_requirements,0.5284675285560001,0.0,0.024241522903033896,0.0,10036.224000000031,8654.465501386492,1,2,False
sender,3.25,39.5,0.4,0.0075,infeasible,no_communication_case_meets_requirements,0.5284675285560001,0.0,0.024241522903033896,0.0,10036.224000000031,8654.465501386492,1,2,False
sender,3.5,39.5,0.4,0.0075,infeasible,no_communication_case_meets_requirements,0.5284675285560001,0.0,0.024241522903033896,0.0,10036.224000000031,8654.465501386492,1,2,False
sender,3.75,39.5,0.4,0.0075,infeasible,no_communication_case_meets_requirements,0.5284675285560001,0.0,0.024241522903033896,0.0,10036.224000000031,8654.465501386492,1,2,False
sender,4.0,39.5,0.4,0.0075,infeasible,no_communication_case_meets_requirements,0.5284675285560001,0.0,0.024241522903033896,0.0,10036.224000000031,8654.465501386492,1,2,False
sender,4.25,39.5,0.4,0.0075,infeasible,no_communication_case_meets_requirements,0.0,0.0,0.0,0.0,10036.224000000031,8654.465501386492,1,2,False
sender,4.5,39.5,0.4,0.0075,infeasible,no_communication_case_meets_requirements,0.0,0.0,0.0,0.0,10036.224000000031,8654.465501386492,1,2,False
sender,4.75,39.5,0.4,0.0075,infeasible,no_communication_case_meets_requirements,0.0,0.0,0.0,0.0,10036.224000000031,8654.465501386492,1,2,False
sender,5.0,39.5,0.4,0.0075,infeasible,no_communication_case_meets_requirements,0.0,0.0,0.0,0.0,10036.224000000031,8654.465501386492,1,2,False
sender,5.25,39.5,0.4,0.0075,infeasible,no_communication_case_meets_requirements,0.0,0.0,0.0,0.0,10036.224000000031,8654.465501386492,1,2,False
sender,5.5,39.5,0.4,0.0075,infeasible,no_communication_case_meets_requirements,0.0,0.0,0.0,0.0,10036.224000000031,8654.465501386492,1,2,False
sender,5.75,39.5,0.4,0.0075,infeasible,no_communication_case_meets_requirements,0.0,0.0,0.0,0.0,10036.224000000031,8654.465501386492,1,2,False
sender,6.0,39.5,0.4,0.0075,infeasible,no_communication_case_meets_requirements,0.0,0.0,0.0,0.0,10036.224000000031,8654.465501386492,1,2,False
sender,6.25,39.5,0.4,0.0075,infeasible,no_communication_case_meets_requirements,0.0,0.0,0.0,0.0,10036.224000000031,8654.465501386492,1,2,False
sender,6.5,39.5,0.4,0.0075,infeasible,no_communication_case_meets_requirements,0.0,0.0,0.0,0.0,10036.224000000031,8654.465501386492,1,2,False
sender,6.75,39.5,0.4,0.0075,infeasible,no_communication_case_meets_requirements,0.0,0.0,0.0,0.0,10036.224000000031,8654.465501386492,1,2,False
sender,7.0,39.5,0.4,0.0075,infeasible,no_communication_case_meets_requirements,0.0,0.0,0.0,0.0,10036.224000000031,8654.465501386492,1,2,False
sender,7.25,39.5,0.4,0.0075,infeasible,no_communication_case_meets_requirements,0.0,0.0,0.0,0.0,10036.224000000031,8654.465501386492,1,2,False
sender,7.5,39.5,0.4,0.0075,infeasible,no_communication_case_meets_requirements,0.0,0.0,0.0,0.0,10036.224000000031,8654.465501386492,1,2,False
sender,7.75,39.5,0.4,0.0075,infeasible,no_communication_case_meets_requirements,0.0,0.0,0.0,0.0,10036.224000000031,8654.465501386492,1,2,False
sender,8.0,39.5,0.4,0.0075,infeasible,no_communication_case_meets_requirements,0.0,0.0,0.0,0.0,10036.224000000031,8654.465501386492,1,2,False
sender,0.0,40.0,0.4,0.0075,feedback,minimum_traffic_feasible,0.5284675285560001,0.5115928239419154,0.024241522903033896,0.006621649577619159,10036.224000000031,8654.465501386492,1,2,False
sender,0.25,40.0,0.4,0.0075,feedback,minimum_traffic_feasible,0.5284675285560001,0.5115928239419154,0.024241522903033896,0.006621649577619159,10036.224000000031,8654.465501386492,1,2,False
sender,0.5,40.0,0.4,0.0075,feedback,minimum_traffic_feasible,0.5284675285560001,0.5115928239419154,0.024241522903033896,0.006621649577619159,10036.224000000031,8654.465501386492,1,2,False
sender,0.75,40.0,0.4,0.0075,feedback,minimum_traffic_feasible,0.5284675285560001,0.5115928239419154,0.024241522903033896,0.006621649577619159,10036.224000000031,8654.465501386492,1,2,False
sender,1.0,40.0,0.4,0.0075,feedback,minimum_traffic_feasible,0.5284675285560001,0.5115928239419154,0.024241522903033896,0.006621649577619159,10036.224000000031,8654.465501386492,1,2,False
sender,1.25,40.0,0.4,0.0075,feedback,minimum_traffic_feasible,0.5284675285560001,0.5115928239419154,0.024241522903033896,0.006621649577619159,10036.224000000031,8654.465501386492,1,2,False
sender,1.5,40.0,0.4,0.0075,feedback,minimum_traffic_feasible,0.5284675285560001,0.5115928239419154,0.024241522903033896,0.006621649577619159,10036.224000000031,8654.465501386492,1,2,False
sender,1.75,40.0,0.4,0.0075,feedback,minimum_traffic_feasible,0.5284675285560001,0.511061665740272,0.024241522903033896,0.006513192094817184,10036.224000000031,8654.465501386492,1,2,False
sender,2.0,40.0,0.4,0.0075,feedback,minimum_traffic_feasible,0.5284675285560001,0.511061665740272,0.024241522903033896,0.006513192094817184,10036.224000000031,8654.465501386492,1,2,False
sender,2.25,40.0,0.4,0.0075,infeasible,no_communication_case_meets_requirements,0.5284675285560001,0.0,0.024241522903033896,0.0,10036.224000000031,8654.465501386492,1,2,False
sender,2.5,40.0,0.4,0.0075,infeasible,no_communication_case_meets_requirements,0.5284675285560001,0.0,0.024241522903033896,0.0,10036.224000000031,8654.465501386492,1,2,False
sender,2.75,40.0,0.4,0.0075,infeasible,no_communication_case_meets_requirements,0.5284675285560001,0.0,0.024241522903033896,0.0,10036.224000000031,8654.465501386492,1,2,False
sender,3.0,40.0,0.4,0.0075,infeasible,no_communication_case_meets_requirements,0.5284675285560001,0.0,0.024241522903033896,0.0,10036.224000000031,8654.465501386492,1,2,False
sender,3.25,40.0,0.4,0.0075,infeasible,no_communication_case_meets_requirements,0.5284675285560001,0.0,0.024241522903033896,0.0,10036.224000000031,8654.465501386492,1,2,False
sender,3.5,40.0,0.4,0.0075,infeasible,no_communication_case_meets_requirements,0.5284675285560001,0.0,0.024241522903033896,0.0,10036.224000000031,8654.465501386492,1,2,False
sender,3.75,40.0,0.4,0.0075,infeasible,no_communication_case_meets_requirements,0.5284675285560001,0.0,0.024241522903033896,0.0,10036.224000000031,8654.465501386492,1,2,False
sender,4.0,40.0,0.4,0.0075,infeasible,no_communication_case_meets_requirements,0.5284675285560001,0.0,0.024241522903033896,0.0,10036.224000000031,8654.465501386492,1,2,False
sender,4.25,40.0,0.4,0.0075,infeasible,no_communication_case_meets_requirements,0.0,0.0,0.0,0.0,10036.224000000031,8654.465501386492,1,2,False
sender,4.5,40.0,0.4,0.0075,infeasible,no_communication_case_meets_requirements,0.0,0.0,0.0,0.0,10036.224000000031,8654.465501386492,1,2,False
sender,4.75,40.0,0.4,0.0075,infeasible,no_communication_case_meets_requirements,0.0,0.0,0.0,0.0,10036.224000000031,8654.465501386492,1,2,False
sender,5.0,40.0,0.4,0.0075,infeasible,no_communication_case_meets_requirements,0.0,0.0,0.0,0.0,10036.224000000031,8654.465501386492,1,2,False
sender,5.25,40.0,0.4,0.0075,infeasible,no_communication_case_meets_requirements,0.0,0.0,0.0,0.0,10036.224000000031,8654.465501386492,1,2,False
sender,5.5,40.0,0.4,0.0075,infeasible,no_communication_case_meets_requirements,0.0,0.0,0.0,0.0,10036.224000000031,8654.465501386492,1,2,False
sender,5.75,40.0,0.4,0.0075,infeasible,no_communication_case_meets_requirements,0.0,0.0,0.0,0.0,10036.224000000031,8654.465501386492,1,2,False
sender,6.0,40.0,0.4,0.0075,infeasible,no_communication_case_meets_requirements,0.0,0.0,0.0,0.0,10036.224000000031,8654.465501386492,1,2,False
sender,6.25,40.0,0.4,0.0075,infeasible,no_communication_case_meets_requirements,0.0,0.0,0.0,0.0,10036.224000000031,8654.465501386492,1,2,False
sender,6.5,40.0,0.4,0.0075,infeasible,no_communication_case_meets_requirements,0.0,0.0,0.0,0.0,10036.224000000031,8654.465501386492,1,2,False
sender,6.75,40.0,0.4,0.0075,infeasible,no_communication_case_meets_requirements,0.0,0.0,0.0,0.0,10036.224000000031,8654.465501386492,1,2,False
sender,7.0,40.0,0.4,0.0075,infeasible,no_communication_case_meets_requirements,0.0,0.0,0.0,0.0,10036.224000000031,8654.465501386492,1,2,False
sender,7.25,40.0,0.4,0.0075,infeasible,no_communication_case_meets_requirements,0.0,0.0,0.0,0.0,10036.224000000031,8654.465501386492,1,2,False
sender,7.5,40.0,0.4,0.0075,infeasible,no_communication_case_meets_requirements,0.0,0.0,0.0,0.0,10036.224000000031,8654.465501386492,1,2,False
sender,7.75,40.0,0.4,0.0075,infeasible,no_communication_case_meets_requirements,0.0,0.0,0.0,0.0,10036.224000000031,8654.465501386492,1,2,False
sender,8.0,40.0,0.4,0.0075,infeasible,no_communication_case_meets_requirements,0.0,0.0,0.0,0.0,10036.224000000031,8654.465501386492,1,2,False
sender,0.0,40.5,0.4,0.0075,feedback,minimum_traffic_feasible,0.5284675285560001,0.5115928239419154,0.024241522903033896,0.006621649577619159,10036.224000000031,8654.465501386492,1,2,False
sender,0.25,40.5,0.4,0.0075,feedback,minimum_traffic_feasible,0.5284675285560001,0.5115928239419154,0.024241522903033896,0.006621649577619159,10036.224000000031,8654.465501386492,1,2,False
sender,0.5,40.5,0.4,0.0075,feedback,minimum_traffic_feasible,0.5284675285560001,0.5115928239419154,0.024241522903033896,0.006621649577619159,10036.224000000031,8654.465501386492,1,2,False
sender,0.75,40.5,0.4,0.0075,feedback,minimum_traffic_feasible,0.5284675285560001,0.5115928239419154,0.024241522903033896,0.006621649577619159,10036.224000000031,8654.465501386492,1,2,False
sender,1.0,40.5,0.4,0.0075,feedback,minimum_traffic_feasible,0.5284675285560001,0.5115928239419154,0.024241522903033896,0.006621649577619159,10036.224000000031,8654.465501386492,1,2,False
sender,1.25,40.5,0.4,0.0075,feedback,minimum_traffic_feasible,0.5284675285560001,0.5115928239419154,0.024241522903033896,0.006621649577619159,10036.224000000031,8654.465501386492,1,2,False
sender,1.5,40.5,0.4,0.0075,feedback,minimum_traffic_feasible,0.5284675285560001,0.5115928239419154,0.024241522903033896,0.006621649577619159,10036.224000000031,8654.465501386492,1,2,False
sender,1.75,40.5,0.4,0.0075,feedback,minimum_traffic_feasible,0.5284675285560001,0.511061665740272,0.024241522903033896,0.006513192094817184,10036.224000000031,8654.465501386492,1,2,False
sender,2.0,40.5,0.4,0.0075,feedback,minimum_traffic_feasible,0.5284675285560001,0.511061665740272,0.024241522903033896,0.006513192094817184,10036.224000000031,8654.465501386492,1,2,False
sender,2.25,40.5,0.4,0.0075,infeasible,no_communication_case_meets_requirements,0.5284675285560001,0.0,0.024241522903033896,0.0,10036.224000000031,8654.465501386492,1,2,False
sender,2.5,40.5,0.4,0.0075,infeasible,no_communication_case_meets_requirements,0.5284675285560001,0.0,0.024241522903033896,0.0,10036.224000000031,8654.465501386492,1,2,False
sender,2.75,40.5,0.4,0.0075,infeasible,no_communication_case_meets_requirements,0.5284675285560001,0.0,0.024241522903033896,0.0,10036.224000000031,8654.465501386492,1,2,False
sender,3.0,40.5,0.4,0.0075,infeasible,no_communication_case_meets_requirements,0.5284675285560001,0.0,0.024241522903033896,0.0,10036.224000000031,8654.465501386492,1,2,False
sender,3.25,40.5,0.4,0.0075,infeasible,no_communication_case_meets_requirements,0.5284675285560001,0.0,0.024241522903033896,0.0,10036.224000000031,8654.465501386492,1,2,False
sender,3.5,40.5,0.4,0.0075,infeasible,no_communication_case_meets_requirements,0.5284675285560001,0.0,0.024241522903033896,0.0,10036.224000000031,8654.465501386492,1,2,False
sender,3.75,40.5,0.4,0.0075,infeasible,no_communication_case_meets_requirements,0.5284675285560001,0.0,0.024241522903033896,0.0,10036.224000000031,8654.465501386492,1,2,False
sender,4.0,40.5,0.4,0.0075,infeasible,no_communication_case_meets_requirements,0.5284675285560001,0.0,0.024241522903033896,0.0,10036.224000000031,8654.465501386492,1,2,False
sender,4.25,40.5,0.4,0.0075,infeasible,no_communication_case_meets_requirements,0.0,0.0,0.0,0.0,10036.224000000031,8654.465501386492,1,2,False
sender,4.5,40.5,0.4,0.0075,infeasible,no_communication_case_meets_requirements,0.0,0.0,0.0,0.0,10036.224000000031,8654.465501386492,1,2,False
sender,4.75,40.5,0.4,0.0075,infeasible,no_communication_case_meets_requirements,0.0,0.0,0.0,0.0,10036.224000000031,8654.465501386492,1,2,False
sender,5.0,40.5,0.4,0.0075,infeasible,no_communication_case_meets_requirements,0.0,0.0,0.0,0.0,10036.224000000031,8654.465501386492,1,2,False
sender,5.25,40.5,0.4,0.0075,infeasible,no_communication_case_meets_requirements,0.0,0.0,0.0,0.0,10036.224000000031,8654.465501386492,1,2,False
sender,5.5,40.5,0.4,0.0075,infeasible,no_communication_case_meets_requirements,0.0,0.0,0.0,0.0,10036.224000000031,8654.465501386492,1,2,False
sender,5.75,40.5,0.4,0.0075,infeasible,no_communication_case_meets_requirements,0.0,0.0,0.0,0.0,10036.224000000031,8654.465501386492,1,2,False
sender,6.0,40.5,0.4,0.0075,infeasible,no_communication_case_meets_requirements,0.0,0.0,0.0,0.0,10036.224000000031,8654.465501386492,1,2,False
sender,6.25,40.5,0.4,0.0075,infeasible,no_communication_case_meets_requirements,0.0,0.0,0.0,0.0,10036.224000000031,8654.465501386492,1,2,False
sender,6.5,40.5,0.4,0.0075,infeasible,no_communication_case_meets_requirements,0.0,0.0,0.0,0.0,10036.224000000031,8654.465501386492,1,2,False
sender,6.75,40.5,0.4,0.0075,infeasible,no_communication_case_meets_requirements,0.0,0.0,0.0,0.0,10036.224000000031,8654.465501386492,1,2,False
sender,7.0,40.5,0.4,0.0075,infeasible,no_communication_case_meets_requirements,0.0,0.0,0.0,0.0,10036.224000000031,8654.465501386492,1,2,False
sender,7.25,40.5,0.4,0.0075,infeasible,no_communication_case_meets_requirements,0.0,0.0,0.0,0.0,10036.224000000031,8654.465501386492,1,2,False
sender,7.5,40.5,0.4,0.0075,infeasible,no_communication_case_meets_requirements,0.0,0.0,0.0,0.0,10036.224000000031,8654.465501386492,1,2,False
sender,7.75,40.5,0.4,0.0075,infeasible,no_communication_case_meets_requirements,0.0,0.0,0.0,0.0,10036.224000000031,8654.465501386492,1,2,False
sender,8.0,40.5,0.4,0.0075,infeasible,no_communication_case_meets_requirements,0.0,0.0,0.0,0.0,10036.224000000031,8654.465501386492,1,2,False
sender,0.0,41.0,0.4,0.0075,feedback,minimum_traffic_feasible,0.5284675285560001,0.5115928239419154,0.024241522903033896,0.006621649577619159,10036.224000000031,8654.465501386492,1,2,False
sender,0.25,41.0,0.4,0.0075,feedback,minimum_traffic_feasible,0.5284675285560001,0.5115928239419154,0.024241522903033896,0.006621649577619159,10036.224000000031,8654.465501386492,1,2,False
sender,0.5,41.0,0.4,0.0075,feedback,minimum_traffic_feasible,0.5284675285560001,0.5115928239419154,0.024241522903033896,0.006621649577619159,10036.224000000031,8654.465501386492,1,2,False
sender,0.75,41.0,0.4,0.0075,feedback,minimum_traffic_feasible,0.5284675285560001,0.5115928239419154,0.024241522903033896,0.006621649577619159,10036.224000000031,8654.465501386492,1,2,False
sender,1.0,41.0,0.4,0.0075,feedback,minimum_traffic_feasible,0.5284675285560001,0.5115928239419154,0.024241522903033896,0.006621649577619159,10036.224000000031,8654.465501386492,1,2,False
sender,1.25,41.0,0.4,0.0075,feedback,minimum_traffic_feasible,0.5284675285560001,0.5115928239419154,0.024241522903033896,0.006621649577619159,10036.224000000031,8654.465501386492,1,2,False
sender,1.5,41.0,0.4,0.0075,feedback,minimum_traffic_feasible,0.5284675285560001,0.5115928239419154,0.024241522903033896,0.006621649577619159,10036.224000000031,8654.465501386492,1,2,False
sender,1.75,41.0,0.4,0.0075,feedback,minimum_traffic_feasible,0.5284675285560001,0.511061665740272,0.024241522903033896,0.006513192094817184,10036.224000000031,8654.465501386492,1,2,False
sender,2.0,41.0,0.4,0.0075,feedback,minimum_traffic_feasible,0.5284675285560001,0.511061665740272,0.024241522903033896,0.006513192094817184,10036.224000000031,8654.465501386492,1,2,False
sender,2.25,41.0,0.4,0.0075,infeasible,no_communication_case_meets_requirements,0.5284675285560001,0.0,0.024241522903033896,0.0,10036.224000000031,8654.465501386492,1,2,False
sender,2.5,41.0,0.4,0.0075,infeasible,no_communication_case_meets_requirements,0.5284675285560001,0.0,0.024241522903033896,0.0,10036.224000000031,8654.465501386492,1,2,False
sender,2.75,41.0,0.4,0.0075,infeasible,no_communication_case_meets_requirements,0.5284675285560001,0.0,0.024241522903033896,0.0,10036.224000000031,8654.465501386492,1,2,False
sender,3.0,41.0,0.4,0.0075,infeasible,no_communication_case_meets_requirements,0.5284675285560001,0.0,0.024241522903033896,0.0,10036.224000000031,8654.465501386492,1,2,False
sender,3.25,41.0,0.4,0.0075,infeasible,no_communication_case_meets_requirements,0.5284675285560001,0.0,0.024241522903033896,0.0,10036.224000000031,8654.465501386492,1,2,False
sender,3.5,41.0,0.4,0.0075,infeasible,no_communication_case_meets_requirements,0.5284675285560001,0.0,0.024241522903033896,0.0,10036.224000000031,8654.465501386492,1,2,False
sender,3.75,41.0,0.4,0.0075,infeasible,no_communication_case_meets_requirements,0.5284675285560001,0.0,0.024241522903033896,0.0,10036.224000000031,8654.465501386492,1,2,False
sender,4.0,41.0,0.4,0.0075,infeasible,no_communication_case_meets_requirements,0.5284675285560001,0.0,0.024241522903033896,0.0,10036.224000000031,8654.465501386492,1,2,False
sender,4.25,41.0,0.4,0.0075,infeasible,no_communication_case_meets_requirements,0.0,0.0,0.0,0.0,10036.224000000031,8654.465501386492,1,2,False
sender,4.5,41.0,0.4,0.0075,infeasible,no_communication_case_meets_requirements,0.0,0.0,0.0,0.0,10036.224000000031,8654.465501386492,1,2,False
sender,4.75,41.0,0.4,0.0075,infeasible,no_communication_case_meets_requirements,0.0,0.0,0.0,0.0,10036.224000000031,8654.465501386492,1,2,False
sender,5.0,41.0,0.4,0.0075,infeasible,no_communication_case_meets_requirements,0.0,0.0,0.0,0.0,10036.224000000031,8654.465501386492,1,2,False
sender,5.25,41.0,0.4,0.0075,infeasible,no_communication_case_meets_requirements,0.0,0.0,0.0,0.0,10036.224000000031,8654.465501386492,1,2,False
sender,5.5,41.0,0.4,0.0075,infeasible,no_communication_case_meets_requirements,0.0,0.0,0.0,0.0,10036.224000000031,8654.465501386492,1,2,False
sender,5.75,41.0,0.4,0.0075,infeasible,no_communication_case_meets_requirements,0.0,0.0,0.0,0.0,10036.224000000031,8654.465501386492,1,2,False
sender,6.0,41.0,0.4,0.0075,infeasible,no_communication_case_meets_requirements,0.0,0.0,0.0,0.0,10036.224000000031,8654.465501386492,1,2,False
sender,6.25,41.0,0.4,0.0075,infeasible,no_communication_case_meets_requirements,0.0,0.0,0.0,0.0,10036.224000000031,8654.465501386492,1,2,False
sender,6.5,41.0,0.4,0.0075,infeasible,no_communication_case_meets_requirements,0.0,0.0,0.0,0.0,10036.224000000031,8654.465501386492,1,2,False
sender,6.75,41.0,0.4,0.0075,infeasible,no_communication_case_meets_requirements,0.0,0.0,0.0,0.0,10036.224000000031,8654.465501386492,1,2,False
sender,7.0,41.0,0.4,0.0075,infeasible,no_communication_case_meets_requirements,0.0,0.0,0.0,0.0,10036.224000000031,8654.465501386492,1,2,False
sender,7.25,41.0,0.4,0.0075,infeasible,no_communication_case_meets_requirements,0.0,0.0,0.0,0.0,10036.224000000031,8654.465501386492,1,2,False
sender,7.5,41.0,0.4,0.0075,infeasible,no_communication_case_meets_requirements,0.0,0.0,0.0,0.0,10036.224000000031,8654.465501386492,1,2,False
sender,7.75,41.0,0.4,0.0075,infeasible,no_communication_case_meets_requirements,0.0,0.0,0.0,0.0,10036.224000000031,8654.465501386492,1,2,False
sender,8.0,41.0,0.4,0.0075,infeasible,no_communication_case_meets_requirements,0.0,0.0,0.0,0.0,10036.224000000031,8654.465501386492,1,2,False
sender,0.0,41.5,0.4,0.0075,feedback,minimum_traffic_feasible,0.5284675285560001,0.5115928239419154,0.024241522903033896,0.006621649577619159,10036.224000000031,8654.465501386492,1,2,False
sender,0.25,41.5,0.4,0.0075,feedback,minimum_traffic_feasible,0.5284675285560001,0.5115928239419154,0.024241522903033896,0.006621649577619159,10036.224000000031,8654.465501386492,1,2,False
sender,0.5,41.5,0.4,0.0075,feedback,minimum_traffic_feasible,0.5284675285560001,0.5115928239419154,0.024241522903033896,0.006621649577619159,10036.224000000031,8654.465501386492,1,2,False
sender,0.75,41.5,0.4,0.0075,feedback,minimum_traffic_feasible,0.5284675285560001,0.5115928239419154,0.024241522903033896,0.006621649577619159,10036.224000000031,8654.465501386492,1,2,False
sender,1.0,41.5,0.4,0.0075,feedback,minimum_traffic_feasible,0.5284675285560001,0.5115928239419154,0.024241522903033896,0.006621649577619159,10036.224000000031,8654.465501386492,1,2,False
sender,1.25,41.5,0.4,0.0075,feedback,minimum_traffic_feasible,0.5284675285560001,0.5115928239419154,0.024241522903033896,0.006621649577619159,10036.224000000031,8654.465501386492,1,2,False
sender,1.5,41.5,0.4,0.0075,feedback,minimum_traffic_feasible,0.5284675285560001,0.5115928239419154,0.024241522903033896,0.006621649577619159,10036.224000000031,8654.465501386492,1,2,False
sender,1.75,41.5,0.4,0.0075,feedback,minimum_traffic_feasible,0.5284675285560001,0.511061665740272,0.024241522903033896,0.006513192094817184,10036.224000000031,8654.465501386492,1,2,False
sender,2.0,41.5,0.4,0.0075,feedback,minimum_traffic_feasible,0.5284675285560001,0.511061665740272,0.024241522903033896,0.006513192094817184,10036.224000000031,8654.465501386492,1,2,False
sender,2.25,41.5,0.4,0.0075,infeasible,no_communication_case_meets_requirements,0.5284675285560001,0.0,0.024241522903033896,0.0,10036.224000000031,8654.465501386492,1,2,False
sender,2.5,41.5,0.4,0.0075,infeasible,no_communication_case_meets_requirements,0.5284675285560001,0.0,0.024241522903033896,0.0,10036.224000000031,8654.465501386492,1,2,False
sender,2.75,41.5,0.4,0.0075,infeasible,no_communication_case_meets_requirements,0.5284675285560001,0.0,0.024241522903033896,0.0,10036.224000000031,8654.465501386492,1,2,False
sender,3.0,41.5,0.4,0.0075,infeasible,no_communication_case_meets_requirements,0.5284675285560001,0.0,0.024241522903033896,0.0,10036.224000000031,8654.465501386492,1,2,False
sender,3.25,41.5,0.4,0.0075,infeasible,no_communication_case_meets_requirements,0.5284675285560001,0.0,0.024241522903033896,0.0,10036.224000000031,8654.465501386492,1,2,False
sender,3.5,41.5,0.4,0.0075,infeasible,no_communication_case_meets_requirements,0.5284675285560001,0.0,0.024241522903033896,0.0,10036.224000000031,8654.465501386492,1,2,False
sender,3.75,41.5,0.4,0.0075,infeasible,no_communication_case_meets_requirements,0.5284675285560001,0.0,0.024241522903033896,0.0,10036.224000000031,8654.465501386492,1,2,False
sender,4.0,41.5,0.4,0.0075,infeasible,no_communication_case_meets_requirements,0.5284675285560001,0.0,0.024241522903033896,0.0,10036.224000000031,8654.465501386492,1,2,False
sender,4.25,41.5,0.4,0.0075,infeasible,no_communication_case_meets_requirements,0.0,0.0,0.0,0.0,10036.224000000031,8654.465501386492,1,2,False
sender,4.5,41.5,0.4,0.0075,infeasible,no_communication_case_meets_requirements,0.0,0.0,0.0,0.0,10036.224000000031,8654.465501386492,1,2,False
sender,4.75,41.5,0.4,0.0075,infeasible,no_communication_case_meets_requirements,0.0,0.0,0.0,0.0,10036.224000000031,8654.465501386492,1,2,False
sender,5.0,41.5,0.4,0.0075,infeasible,no_communication_case_meets_requirements,0.0,0.0,0.0,0.0,10036.224000000031,8654.465501386492,1,2,False
sender,5.25,41.5,0.4,0.0075,infeasible,no_communication_case_meets_requirements,0.0,0.0,0.0,0.0,10036.224000000031,8654.465501386492,1,2,False
sender,5.5,41.5,0.4,0.0075,infeasible,no_communication_case_meets_requirements,0.0,0.0,0.0,0.0,10036.224000000031,8654.465501386492,1,2,False
sender,5.75,41.5,0.4,0.0075,infeasible,no_communication_case_meets_requirements,0.0,0.0,0.0,0.0,10036.224000000031,8654.465501386492,1,2,False
sender,6.0,41.5,0.4,0.0075,infeasible,no_communication_case_meets_requirements,0.0,0.0,0.0,0.0,10036.224000000031,8654.465501386492,1,2,False
sender,6.25,41.5,0.4,0.0075,infeasible,no_communication_case_meets_requirements,0.0,0.0,0.0,0.0,10036.224000000031,8654.465501386492,1,2,False
sender,6.5,41.5,0.4,0.0075,infeasible,no_communication_case_meets_requirements,0.0,0.0,0.0,0.0,10036.224000000031,8654.465501386492,1,2,False
sender,6.75,41.5,0.4,0.0075,infeasible,no_communication_case_meets_requirements,0.0,0.0,0.0,0.0,10036.224000000031,8654.465501386492,1,2,False
sender,7.0,41.5,0.4,0.0075,infeasible,no_communication_case_meets_requirements,0.0,0.0,0.0,0.0,10036.224000000031,8654.465501386492,1,2,False
sender,7.25,41.5,0.4,0.0075,infeasible,no_communication_case_meets_requirements,0.0,0.0,0.0,0.0,10036.224000000031,8654.465501386492,1,2,False
sender,7.5,41.5,0.4,0.0075,infeasible,no_communication_case_meets_requirements,0.0,0.0,0.0,0.0,10036.224000000031,8654.465501386492,1,2,False
sender,7.75,41.5,0.4,0.0075,infeasible,no_communication_case_meets_requirements,0.0,0.0,0.0,0.0,10036.224000000031,8654.465501386492,1,2,False
sender,8.0,41.5,0.4,0.0075,infeasible,no_communication_case_meets_requirements,0.0,0.0,0.0,0.0,10036.224000000031,8654.465501386492,1,2,False
sender,0.0,42.0,0.4,0.0075,feedback,minimum_traffic_feasible,0.5284675285560001,0.5115928239419154,0.024241522903033896,0.006621649577619159,10036.224000000031,8654.465501386492,1,2,False
sender,0.25,42.0,0.4,0.0075,feedback,minimum_traffic_feasible,0.5284675285560001,0.5115928239419154,0.024241522903033896,0.006621649577619159,10036.224000000031,8654.465501386492,1,2,False
sender,0.5,42.0,0.4,0.0075,feedback,minimum_traffic_feasible,0.5284675285560001,0.5115928239419154,0.024241522903033896,0.006621649577619159,10036.224000000031,8654.465501386492,1,2,False
sender,0.75,42.0,0.4,0.0075,feedback,minimum_traffic_feasible,0.5284675285560001,0.5115928239419154,0.024241522903033896,0.006621649577619159,10036.224000000031,8654.465501386492,1,2,False
sender,1.0,42.0,0.4,0.0075,feedback,minimum_traffic_feasible,0.5284675285560001,0.5115928239419154,0.024241522903033896,0.006621649577619159,10036.224000000031,8654.465501386492,1,2,False
sender,1.25,42.0,0.4,0.0075,feedback,minimum_traffic_feasible,0.5284675285560001,0.5115928239419154,0.024241522903033896,0.006621649577619159,10036.224000000031,8654.465501386492,1,2,False
sender,1.5,42.0,0.4,0.0075,feedback,minimum_traffic_feasible,0.5284675285560001,0.5115928239419154,0.024241522903033896,0.006621649577619159,10036.224000000031,8654.465501386492,1,2,False
sender,1.75,42.0,0.4,0.0075,feedback,minimum_traffic_feasible,0.5284675285560001,0.511061665740272,0.024241522903033896,0.006513192094817184,10036.224000000031,8654.465501386492,1,2,False
sender,2.0,42.0,0.4,0.0075,feedback,minimum_traffic_feasible,0.5284675285560001,0.511061665740272,0.024241522903033896,0.006513192094817184,10036.224000000031,8654.465501386492,1,2,False
sender,2.25,42.0,0.4,0.0075,infeasible,no_communication_case_meets_requirements,0.5284675285560001,0.0,0.024241522903033896,0.0,10036.224000000031,8654.465501386492,1,2,False
sender,2.5,42.0,0.4,0.0075,infeasible,no_communication_case_meets_requirements,0.5284675285560001,0.0,0.024241522903033896,0.0,10036.224000000031,8654.465501386492,1,2,False
sender,2.75,42.0,0.4,0.0075,infeasible,no_communication_case_meets_requirements,0.5284675285560001,0.0,0.024241522903033896,0.0,10036.224000000031,8654.465501386492,1,2,False
sender,3.0,42.0,0.4,0.0075,infeasible,no_communication_case_meets_requirements,0.5284675285560001,0.0,0.024241522903033896,0.0,10036.224000000031,8654.465501386492,1,2,False
sender,3.25,42.0,0.4,0.0075,infeasible,no_communication_case_meets_requirements,0.5284675285560001,0.0,0.024241522903033896,0.0,10036.224000000031,8654.465501386492,1,2,False
sender,3.5,42.0,0.4,0.0075,infeasible,no_communication_case_meets_requirements,0.5284675285560001,0.0,0.024241522903033896,0.0,10036.224000000031,8654.465501386492,1,2,False
sender,3.75,42.0,0.4,0.0075,infeasible,no_communication_case_meets_requirements,0.5284675285560001,0.0,0.024241522903033896,0.0,10036.224000000031,8654.465501386492,1,2,False
sender,4.0,42.0,0.4,0.0075,infeasible,no_communication_case_meets_requirements,0.5284675285560001,0.0,0.024241522903033896,0.0,10036.224000000031,8654.465501386492,1,2,False
sender,4.25,42.0,0.4,0.0075,infeasible,no_communication_case_meets_requirements,0.0,0.0,0.0,0.0,10036.224000000031,8654.465501386492,1,2,False
sender,4.5,42.0,0.4,0.0075,infeasible,no_communication_case_meets_requirements,0.0,0.0,0.0,0.0,10036.224000000031,8654.465501386492,1,2,False
sender,4.75,42.0,0.4,0.0075,infeasible,no_communication_case_meets_requirements,0.0,0.0,0.0,0.0,10036.224000000031,8654.465501386492,1,2,False
sender,5.0,42.0,0.4,0.0075,infeasible,no_communication_case_meets_requirements,0.0,0.0,0.0,0.0,10036.224000000031,8654.465501386492,1,2,False
sender,5.25,42.0,0.4,0.0075,infeasible,no_communication_case_meets_requirements,0.0,0.0,0.0,0.0,10036.224000000031,8654.465501386492,1,2,False
sender,5.5,42.0,0.4,0.0075,infeasible,no_communication_case_meets_requirements,0.0,0.0,0.0,0.0,10036.224000000031,8654.465501386492,1,2,False
sender,5.75,42.0,0.4,0.0075,infeasible,no_communication_case_meets_requirements,0.0,0.0,0.0,0.0,10036.224000000031,8654.465501386492,1,2,False
sender,6.0,42.0,0.4,0.0075,infeasible,no_communication_case_meets_requirements,0.0,0.0,0.0,0.0,10036.224000000031,8654.465501386492,1,2,False
sender,6.25,42.0,0.4,0.0075,infeasible,no_communication_case_meets_requirements,0.0,0.0,0.0,0.0,10036.224000000031,8654.465501386492,1,2,False
sender,6.5,42.0,0.4,0.0075,infeasible,no_communication_case_meets_requirements,0.0,0.0,0.0,0.0,10036.224000000031,8654.465501386492,1,2,False
sender,6.75,42.0,0.4,0.0075,infeasible,no_communication_case_meets_requirements,0.0,0.0,0.0,0.0,10036.224000000031,8654.465501386492,1,2,False
sender,7.0,42.0,0.4,0.0075,infeasible,no_communication_case_meets_requirements,0.0,0.0,0.0,0.0,10036.224000000031,8654.465501386492,1,2,False
sender,7.25,42.0,0.4,0.0075,infeasible,no_communication_case_meets_requirements,0.0,0.0,0.0,0.0,10036.224000000031,8654.465501386492,1,2,False
sender,7.5,42.0,0.4,0.0075,infeasible,no_communication_case_meets_requirements,0.0,0.0,0.0,0.0,10036.224000000031,8654.465501386492,1,2,False
sender,7.75,42.0,0.4,0.0075,infeasible,no_communication_case_meets_requirements,0.0,0.0,0.0,0.0,10036.224000000031,8654.465501386492,1,2,False
sender,8.0,42.0,0.4,0.0075,infeasible,no_communication_case_meets_requirements,0.0,0.0,0.0,0.0,10036.224000000031,8654.465501386492,1,2,False
sender,0.0,42.5,0.4,0.0075,feedback,minimum_traffic_feasible,0.5284675285560001,0.5115928239419154,0.024241522903033896,0.006621649577619159,10036.224000000031,8654.465501386492,1,2,False
sender,0.25,42.5,0.4,0.0075,feedback,minimum_traffic_feasible,0.5284675285560001,0.5115928239419154,0.024241522903033896,0.006621649577619159,10036.224000000031,8654.465501386492,1,2,False
sender,0.5,42.5,0.4,0.0075,feedback,minimum_traffic_feasible,0.5284675285560001,0.5115928239419154,0.024241522903033896,0.006621649577619159,10036.224000000031,8654.465501386492,1,2,False
sender,0.75,42.5,0.4,0.0075,feedback,minimum_traffic_feasible,0.5284675285560001,0.5115928239419154,0.024241522903033896,0.006621649577619159,10036.224000000031,8654.465501386492,1,2,False
sender,1.0,42.5,0.4,0.0075,feedback,minimum_traffic_feasible,0.5284675285560001,0.5115928239419154,0.024241522903033896,0.006621649577619159,10036.224000000031,8654.465501386492,1,2,False
sender,1.25,42.5,0.4,0.0075,feedback,minimum_traffic_feasible,0.5284675285560001,0.5115928239419154,0.024241522903033896,0.006621649577619159,10036.224000000031,8654.465501386492,1,2,False
sender,1.5,42.5,0.4,0.0075,feedback,minimum_traffic_feasible,0.5284675285560001,0.5115928239419154,0.024241522903033896,0.006621649577619159,10036.224000000031,8654.465501386492,1,2,False
sender,1.75,42.5,0.4,0.0075,feedback,minimum_traffic_feasible,0.5284675285560001,0.511061665740272,0.024241522903033896,0.006513192094817184,10036.224000000031,8654.465501386492,1,2,False
sender,2.0,42.5,0.4,0.0075,feedback,minimum_traffic_feasible,0.5284675285560001,0.511061665740272,0.024241522903033896,0.006513192094817184,10036.224000000031,8654.465501386492,1,2,False
sender,2.25,42.5,0.4,0.0075,infeasible,no_communication_case_meets_requirements,0.5284675285560001,0.0,0.024241522903033896,0.0,10036.224000000031,8654.465501386492,1,2,False
sender,2.5,42.5,0.4,0.0075,infeasible,no_communication_case_meets_requirements,0.5284675285560001,0.0,0.024241522903033896,0.0,10036.224000000031,8654.465501386492,1,2,False
sender,2.75,42.5,0.4,0.0075,infeasible,no_communication_case_meets_requirements,0.5284675285560001,0.0,0.024241522903033896,0.0,10036.224000000031,8654.465501386492,1,2,False
sender,3.0,42.5,0.4,0.0075,infeasible,no_communication_case_meets_requirements,0.5284675285560001,0.0,0.024241522903033896,0.0,10036.224000000031,8654.465501386492,1,2,False
sender,3.25,42.5,0.4,0.0075,infeasible,no_communication_case_meets_requirements,0.5284675285560001,0.0,0.024241522903033896,0.0,10036.224000000031,8654.465501386492,1,2,False
sender,3.5,42.5,0.4,0.0075,infeasible,no_communication_case_meets_requirements,0.5284675285560001,0.0,0.024241522903033896,0.0,10036.224000000031,8654.465501386492,1,2,False
sender,3.75,42.5,0.4,0.0075,infeasible,no_communication_case_meets_requirements,0.5284675285560001,0.0,0.024241522903033896,0.0,10036.224000000031,8654.465501386492,1,2,False
sender,4.0,42.5,0.4,0.0075,infeasible,no_communication_case_meets_requirements,0.5284675285560001,0.0,0.024241522903033896,0.0,10036.224000000031,8654.465501386492,1,2,False
sender,4.25,42.5,0.4,0.0075,infeasible,no_communication_case_meets_requirements,0.0,0.0,0.0,0.0,10036.224000000031,8654.465501386492,1,2,False
sender,4.5,42.5,0.4,0.0075,infeasible,no_communication_case_meets_requirements,0.0,0.0,0.0,0.0,10036.224000000031,8654.465501386492,1,2,False
sender,4.75,42.5,0.4,0.0075,infeasible,no_communication_case_meets_requirements,0.0,0.0,0.0,0.0,10036.224000000031,8654.465501386492,1,2,False
sender,5.0,42.5,0.4,0.0075,infeasible,no_communication_case_meets_requirements,0.0,0.0,0.0,0.0,10036.224000000031,8654.465501386492,1,2,False
sender,5.25,42.5,0.4,0.0075,infeasible,no_communication_case_meets_requirements,0.0,0.0,0.0,0.0,10036.224000000031,8654.465501386492,1,2,False
sender,5.5,42.5,0.4,0.0075,infeasible,no_communication_case_meets_requirements,0.0,0.0,0.0,0.0,10036.224000000031,8654.465501386492,1,2,False
sender,5.75,42.5,0.4,0.0075,infeasible,no_communication_case_meets_requirements,0.0,0.0,0.0,0.0,10036.224000000031,8654.465501386492,1,2,False
sender,6.0,42.5,0.4,0.0075,infeasible,no_communication_case_meets_requirements,0.0,0.0,0.0,0.0,10036.224000000031,8654.465501386492,1,2,False
sender,6.25,42.5,0.4,0.0075,infeasible,no_communication_case_meets_requirements,0.0,0.0,0.0,0.0,10036.224000000031,8654.465501386492,1,2,False
sender,6.5,42.5,0.4,0.0075,infeasible,no_communication_case_meets_requirements,0.0,0.0,0.0,0.0,10036.224000000031,8654.465501386492,1,2,False
sender,6.75,42.5,0.4,0.0075,infeasible,no_communication_case_meets_requirements,0.0,0.0,0.0,0.0,10036.224000000031,8654.465501386492,1,2,False
sender,7.0,42.5,0.4,0.0075,infeasible,no_communication_case_meets_requirements,0.0,0.0,0.0,0.0,10036.224000000031,8654.465501386492,1,2,False
sender,7.25,42.5,0.4,0.0075,infeasible,no_communication_case_meets_requirements,0.0,0.0,0.0,0.0,10036.224000000031,8654.465501386492,1,2,False
sender,7.5,42.5,0.4,0.0075,infeasible,no_communication_case_meets_requirements,0.0,0.0,0.0,0.0,10036.224000000031,8654.465501386492,1,2,False
sender,7.75,42.5,0.4,0.0075,infeasible,no_communication_case_meets_requirements,0.0,0.0,0.0,0.0,10036.224000000031,8654.465501386492,1,2,False
sender,8.0,42.5,0.4,0.0075,infeasible,no_communication_case_meets_requirements,0.0,0.0,0.0,0.0,10036.224000000031,8654.465501386492,1,2,False
sender,0.0,43.0,0.4,0.0075,feedback,minimum_traffic_feasible,0.5284675285560001,0.5115928239419154,0.024241522903033896,0.006621649577619159,10036.224000000031,8654.465501386492,1,2,False
sender,0.25,43.0,0.4,0.0075,feedback,minimum_traffic_feasible,0.5284675285560001,0.5115928239419154,0.024241522903033896,0.006621649577619159,10036.224000000031,8654.465501386492,1,2,False
sender,0.5,43.0,0.4,0.0075,feedback,minimum_traffic_feasible,0.5284675285560001,0.5115928239419154,0.024241522903033896,0.006621649577619159,10036.224000000031,8654.465501386492,1,2,False
sender,0.75,43.0,0.4,0.0075,feedback,minimum_traffic_feasible,0.5284675285560001,0.5115928239419154,0.024241522903033896,0.006621649577619159,10036.224000000031,8654.465501386492,1,2,False
sender,1.0,43.0,0.4,0.0075,feedback,minimum_traffic_feasible,0.5284675285560001,0.5115928239419154,0.024241522903033896,0.006621649577619159,10036.224000000031,8654.465501386492,1,2,False
sender,1.25,43.0,0.4,0.0075,feedback,minimum_traffic_feasible,0.5284675285560001,0.5115928239419154,0.024241522903033896,0.006621649577619159,10036.224000000031,8654.465501386492,1,2,False
sender,1.5,43.0,0.4,0.0075,feedback,minimum_traffic_feasible,0.5284675285560001,0.5115928239419154,0.024241522903033896,0.006621649577619159,10036.224000000031,8654.465501386492,1,2,False
sender,1.75,43.0,0.4,0.0075,feedback,minimum_traffic_feasible,0.5284675285560001,0.511061665740272,0.024241522903033896,0.006513192094817184,10036.224000000031,8654.465501386492,1,2,False
sender,2.0,43.0,0.4,0.0075,feedback,minimum_traffic_feasible,0.5284675285560001,0.511061665740272,0.024241522903033896,0.006513192094817184,10036.224000000031,8654.465501386492,1,2,False
sender,2.25,43.0,0.4,0.0075,infeasible,no_communication_case_meets_requirements,0.5284675285560001,0.0,0.024241522903033896,0.0,10036.224000000031,8654.465501386492,1,2,False
sender,2.5,43.0,0.4,0.0075,infeasible,no_communication_case_meets_requirements,0.5284675285560001,0.0,0.024241522903033896,0.0,10036.224000000031,8654.465501386492,1,2,False
sender,2.75,43.0,0.4,0.0075,infeasible,no_communication_case_meets_requirements,0.5284675285560001,0.0,0.024241522903033896,0.0,10036.224000000031,8654.465501386492,1,2,False
sender,3.0,43.0,0.4,0.0075,infeasible,no_communication_case_meets_requirements,0.5284675285560001,0.0,0.024241522903033896,0.0,10036.224000000031,8654.465501386492,1,2,False
sender,3.25,43.0,0.4,0.0075,infeasible,no_communication_case_meets_requirements,0.5284675285560001,0.0,0.024241522903033896,0.0,10036.224000000031,8654.465501386492,1,2,False
sender,3.5,43.0,0.4,0.0075,infeasible,no_communication_case_meets_requirements,0.5284675285560001,0.0,0.024241522903033896,0.0,10036.224000000031,8654.465501386492,1,2,False
sender,3.75,43.0,0.4,0.0075,infeasible,no_communication_case_meets_requirements,0.5284675285560001,0.0,0.024241522903033896,0.0,10036.224000000031,8654.465501386492,1,2,False
sender,4.0,43.0,0.4,0.0075,infeasible,no_communication_case_meets_requirements,0.5284675285560001,0.0,0.024241522903033896,0.0,10036.224000000031,8654.465501386492,1,2,False
sender,4.25,43.0,0.4,0.0075,infeasible,no_communication_case_meets_requirements,0.0,0.0,0.0,0.0,10036.224000000031,8654.465501386492,1,2,False
sender,4.5,43.0,0.4,0.0075,infeasible,no_communication_case_meets_requirements,0.0,0.0,0.0,0.0,10036.224000000031,8654.465501386492,1,2,False
sender,4.75,43.0,0.4,0.0075,infeasible,no_communication_case_meets_requirements,0.0,0.0,0.0,0.0,10036.224000000031,8654.465501386492,1,2,False
sender,5.0,43.0,0.4,0.0075,infeasible,no_communication_case_meets_requirements,0.0,0.0,0.0,0.0,10036.224000000031,8654.465501386492,1,2,False
sender,5.25,43.0,0.4,0.0075,infeasible,no_communication_case_meets_requirements,0.0,0.0,0.0,0.0,10036.224000000031,8654.465501386492,1,2,False
sender,5.5,43.0,0.4,0.0075,infeasible,no_communication_case_meets_requirements,0.0,0.0,0.0,0.0,10036.224000000031,8654.465501386492,1,2,False
sender,5.75,43.0,0.4,0.0075,infeasible,no_communication_case_meets_requirements,0.0,0.0,0.0,0.0,10036.224000000031,8654.465501386492,1,2,False
sender,6.0,43.0,0.4,0.0075,infeasible,no_communication_case_meets_requirements,0.0,0.0,0.0,0.0,10036.224000000031,8654.465501386492,1,2,False
sender,6.25,43.0,0.4,0.0075,infeasible,no_communication_case_meets_requirements,0.0,0.0,0.0,0.0,10036.224000000031,8654.465501386492,1,2,False
sender,6.5,43.0,0.4,0.0075,infeasible,no_communication_case_meets_requirements,0.0,0.0,0.0,0.0,10036.224000000031,8654.465501386492,1,2,False
sender,6.75,43.0,0.4,0.0075,infeasible,no_communication_case_meets_requirements,0.0,0.0,0.0,0.0,10036.224000000031,8654.465501386492,1,2,False
sender,7.0,43.0,0.4,0.0075,infeasible,no_communication_case_meets_requirements,0.0,0.0,0.0,0.0,10036.224000000031,8654.465501386492,1,2,False
sender,7.25,43.0,0.4,0.0075,infeasible,no_communication_case_meets_requirements,0.0,0.0,0.0,0.0,10036.224000000031,8654.465501386492,1,2,False
sender,7.5,43.0,0.4,0.0075,infeasible,no_communication_case_meets_requirements,0.0,0.0,0.0,0.0,10036.224000000031,8654.465501386492,1,2,False
sender,7.75,43.0,0.4,0.0075,infeasible,no_communication_case_meets_requirements,0.0,0.0,0.0,0.0,10036.224000000031,8654.465501386492,1,2,False
sender,8.0,43.0,0.4,0.0075,infeasible,no_communication_case_meets_requirements,0.0,0.0,0.0,0.0,10036.224000000031,8654.465501386492,1,2,False
sender,0.0,43.5,0.4,0.0075,feedback,minimum_traffic_feasible,0.5284675285560001,0.5115928239419154,0.024241522903033896,0.006621649577619159,10036.224000000031,8654.465501386492,1,2,False
sender,0.25,43.5,0.4,0.0075,feedback,minimum_traffic_feasible,0.5284675285560001,0.5115928239419154,0.024241522903033896,0.006621649577619159,10036.224000000031,8654.465501386492,1,2,False
sender,0.5,43.5,0.4,0.0075,feedback,minimum_traffic_feasible,0.5284675285560001,0.5115928239419154,0.024241522903033896,0.006621649577619159,10036.224000000031,8654.465501386492,1,2,False
sender,0.75,43.5,0.4,0.0075,feedback,minimum_traffic_feasible,0.5284675285560001,0.5115928239419154,0.024241522903033896,0.006621649577619159,10036.224000000031,8654.465501386492,1,2,False
sender,1.0,43.5,0.4,0.0075,feedback,minimum_traffic_feasible,0.5284675285560001,0.5115928239419154,0.024241522903033896,0.006621649577619159,10036.224000000031,8654.465501386492,1,2,False
sender,1.25,43.5,0.4,0.0075,feedback,minimum_traffic_feasible,0.5284675285560001,0.5115928239419154,0.024241522903033896,0.006621649577619159,10036.224000000031,8654.465501386492,1,2,False
sender,1.5,43.5,0.4,0.0075,feedback,minimum_traffic_feasible,0.5284675285560001,0.5115928239419154,0.024241522903033896,0.006621649577619159,10036.224000000031,8654.465501386492,1,2,False
sender,1.75,43.5,0.4,0.0075,feedback,minimum_traffic_feasible,0.5284675285560001,0.511061665740272,0.024241522903033896,0.006513192094817184,10036.224000000031,8654.465501386492,1,2,False
sender,2.0,43.5,0.4,0.0075,feedback,minimum_traffic_feasible,0.5284675285560001,0.511061665740272,0.024241522903033896,0.006513192094817184,10036.224000000031,8654.465501386492,1,2,False
sender,2.25,43.5,0.4,0.0075,infeasible,no_communication_case_meets_requirements,0.5284675285560001,0.0,0.024241522903033896,0.0,10036.224000000031,8654.465501386492,1,2,False
sender,2.5,43.5,0.4,0.0075,infeasible,no_communication_case_meets_requirements,0.5284675285560001,0.0,0.024241522903033896,0.0,10036.224000000031,8654.465501386492,1,2,False
sender,2.75,43.5,0.4,0.0075,infeasible,no_communication_case_meets_requirements,0.5284675285560001,0.0,0.024241522903033896,0.0,10036.224000000031,8654.465501386492,1,2,False
sender,3.0,43.5,0.4,0.0075,infeasible,no_communication_case_meets_requirements,0.5284675285560001,0.0,0.024241522903033896,0.0,10036.224000000031,8654.465501386492,1,2,False
sender,3.25,43.5,0.4,0.0075,infeasible,no_communication_case_meets_requirements,0.5284675285560001,0.0,0.024241522903033896,0.0,10036.224000000031,8654.465501386492,1,2,False
sender,3.5,43.5,0.4,0.0075,infeasible,no_communication_case_meets_requirements,0.5284675285560001,0.0,0.024241522903033896,0.0,10036.224000000031,8654.465501386492,1,2,False
sender,3.75,43.5,0.4,0.0075,infeasible,no_communication_case_meets_requirements,0.5284675285560001,0.0,0.024241522903033896,0.0,10036.224000000031,8654.465501386492,1,2,False
sender,4.0,43.5,0.4,0.0075,infeasible,no_communication_case_meets_requirements,0.5284675285560001,0.0,0.024241522903033896,0.0,10036.224000000031,8654.465501386492,1,2,False
sender,4.25,43.5,0.4,0.0075,infeasible,no_communication_case_meets_requirements,0.0,0.0,0.0,0.0,10036.224000000031,8654.465501386492,1,2,False
sender,4.5,43.5,0.4,0.0075,infeasible,no_communication_case_meets_requirements,0.0,0.0,0.0,0.0,10036.224000000031,8654.465501386492,1,2,False
sender,4.75,43.5,0.4,0.0075,infeasible,no_communication_case_meets_requirements,0.0,0.0,0.0,0.0,10036.224000000031,8654.465501386492,1,2,False
sender,5.0,43.5,0.4,0.0075,infeasible,no_communication_case_meets_requirements,0.0,0.0,0.0,0.0,10036.224000000031,8654.465501386492,1,2,False
sender,5.25,43.5,0.4,0.0075,infeasible,no_communication_case_meets_requirements,0.0,0.0,0.0,0.0,10036.224000000031,8654.465501386492,1,2,False
sender,5.5,43.5,0.4,0.0075,infeasible,no_communication_case_meets_requirements,0.0,0.0,0.0,0.0,10036.224000000031,8654.465501386492,1,2,False
sender,5.75,43.5,0.4,0.0075,infeasible,no_communication_case_meets_requirements,0.0,0.0,0.0,0.0,10036.224000000031,8654.465501386492,1,2,False
sender,6.0,43.5,0.4,0.0075,infeasible,no_communication_case_meets_requirements,0.0,0.0,0.0,0.0,10036.224000000031,8654.465501386492,1,2,False
sender,6.25,43.5,0.4,0.0075,infeasible,no_communication_case_meets_requirements,0.0,0.0,0.0,0.0,10036.224000000031,8654.465501386492,1,2,False
sender,6.5,43.5,0.4,0.0075,infeasible,no_communication_case_meets_requirements,0.0,0.0,0.0,0.0,10036.224000000031,8654.465501386492,1,2,False
sender,6.75,43.5,0.4,0.0075,infeasible,no_communication_case_meets_requirements,0.0,0.0,0.0,0.0,10036.224000000031,8654.465501386492,1,2,False
sender,7.0,43.5,0.4,0.0075,infeasible,no_communication_case_meets_requirements,0.0,0.0,0.0,0.0,10036.224000000031,8654.465501386492,1,2,False
sender,7.25,43.5,0.4,0.0075,infeasible,no_communication_case_meets_requirements,0.0,0.0,0.0,0.0,10036.224000000031,8654.465501386492,1,2,False
sender,7.5,43.5,0.4,0.0075,infeasible,no_communication_case_meets_requirements,0.0,0.0,0.0,0.0,10036.224000000031,8654.465501386492,1,2,False
sender,7.75,43.5,0.4,0.0075,infeasible,no_communication_case_meets_requirements,0.0,0.0,0.0,0.0,10036.224000000031,8654.465501386492,1,2,False
sender,8.0,43.5,0.4,0.0075,infeasible,no_communication_case_meets_requirements,0.0,0.0,0.0,0.0,10036.224000000031,8654.465501386492,1,2,False
sender,0.0,44.0,0.4,0.0075,feedback,minimum_traffic_feasible,0.5284675285560001,0.5115928239419154,0.024241522903033896,0.006621649577619159,10036.224000000031,8654.465501386492,1,2,False
sender,0.25,44.0,0.4,0.0075,feedback,minimum_traffic_feasible,0.5284675285560001,0.5115928239419154,0.024241522903033896,0.006621649577619159,10036.224000000031,8654.465501386492,1,2,False
sender,0.5,44.0,0.4,0.0075,feedback,minimum_traffic_feasible,0.5284675285560001,0.5115928239419154,0.024241522903033896,0.006621649577619159,10036.224000000031,8654.465501386492,1,2,False
sender,0.75,44.0,0.4,0.0075,feedback,minimum_traffic_feasible,0.5284675285560001,0.5115928239419154,0.024241522903033896,0.006621649577619159,10036.224000000031,8654.465501386492,1,2,False
sender,1.0,44.0,0.4,0.0075,feedback,minimum_traffic_feasible,0.5284675285560001,0.5115928239419154,0.024241522903033896,0.006621649577619159,10036.224000000031,8654.465501386492,1,2,False
sender,1.25,44.0,0.4,0.0075,feedback,minimum_traffic_feasible,0.5284675285560001,0.5115928239419154,0.024241522903033896,0.006621649577619159,10036.224000000031,8654.465501386492,1,2,False
sender,1.5,44.0,0.4,0.0075,feedback,minimum_traffic_feasible,0.5284675285560001,0.5115928239419154,0.024241522903033896,0.006621649577619159,10036.224000000031,8654.465501386492,1,2,False
sender,1.75,44.0,0.4,0.0075,feedback,minimum_traffic_feasible,0.5284675285560001,0.511061665740272,0.024241522903033896,0.006513192094817184,10036.224000000031,8654.465501386492,1,2,False
sender,2.0,44.0,0.4,0.0075,feedback,minimum_traffic_feasible,0.5284675285560001,0.511061665740272,0.024241522903033896,0.006513192094817184,10036.224000000031,8654.465501386492,1,2,False
sender,2.25,44.0,0.4,0.0075,infeasible,no_communication_case_meets_requirements,0.5284675285560001,0.0,0.024241522903033896,0.0,10036.224000000031,8654.465501386492,1,2,False
sender,2.5,44.0,0.4,0.0075,infeasible,no_communication_case_meets_requirements,0.5284675285560001,0.0,0.024241522903033896,0.0,10036.224000000031,8654.465501386492,1,2,False
sender,2.75,44.0,0.4,0.0075,infeasible,no_communication_case_meets_requirements,0.5284675285560001,0.0,0.024241522903033896,0.0,10036.224000000031,8654.465501386492,1,2,False
sender,3.0,44.0,0.4,0.0075,infeasible,no_communication_case_meets_requirements,0.5284675285560001,0.0,0.024241522903033896,0.0,10036.224000000031,8654.465501386492,1,2,False
sender,3.25,44.0,0.4,0.0075,infeasible,no_communication_case_meets_requirements,0.5284675285560001,0.0,0.024241522903033896,0.0,10036.224000000031,8654.465501386492,1,2,False
sender,3.5,44.0,0.4,0.0075,infeasible,no_communication_case_meets_requirements,0.5284675285560001,0.0,0.024241522903033896,0.0,10036.224000000031,8654.465501386492,1,2,False
sender,3.75,44.0,0.4,0.0075,infeasible,no_communication_case_meets_requirements,0.5284675285560001,0.0,0.024241522903033896,0.0,10036.224000000031,8654.465501386492,1,2,False
sender,4.0,44.0,0.4,0.0075,infeasible,no_communication_case_meets_requirements,0.5284675285560001,0.0,0.024241522903033896,0.0,10036.224000000031,8654.465501386492,1,2,False
sender,4.25,44.0,0.4,0.0075,infeasible,no_communication_case_meets_requirements,0.0,0.0,0.0,0.0,10036.224000000031,8654.465501386492,1,2,False
sender,4.5,44.0,0.4,0.0075,infeasible,no_communication_case_meets_requirements,0.0,0.0,0.0,0.0,10036.224000000031,8654.465501386492,1,2,False
sender,4.75,44.0,0.4,0.0075,infeasible,no_communication_case_meets_requirements,0.0,0.0,0.0,0.0,10036.224000000031,8654.465501386492,1,2,False
sender,5.0,44.0,0.4,0.0075,infeasible,no_communication_case_meets_requirements,0.0,0.0,0.0,0.0,10036.224000000031,8654.465501386492,1,2,False
sender,5.25,44.0,0.4,0.0075,infeasible,no_communication_case_meets_requirements,0.0,0.0,0.0,0.0,10036.224000000031,8654.465501386492,1,2,False
sender,5.5,44.0,0.4,0.0075,infeasible,no_communication_case_meets_requirements,0.0,0.0,0.0,0.0,10036.224000000031,8654.465501386492,1,2,False
sender,5.75,44.0,0.4,0.0075,infeasible,no_communication_case_meets_requirements,0.0,0.0,0.0,0.0,10036.224000000031,8654.465501386492,1,2,False
sender,6.0,44.0,0.4,0.0075,infeasible,no_communication_case_meets_requirements,0.0,0.0,0.0,0.0,10036.224000000031,8654.465501386492,1,2,False
sender,6.25,44.0,0.4,0.0075,infeasible,no_communication_case_meets_requirements,0.0,0.0,0.0,0.0,10036.224000000031,8654.465501386492,1,2,False
sender,6.5,44.0,0.4,0.0075,infeasible,no_communication_case_meets_requirements,0.0,0.0,0.0,0.0,10036.224000000031,8654.465501386492,1,2,False
sender,6.75,44.0,0.4,0.0075,infeasible,no_communication_case_meets_requirements,0.0,0.0,0.0,0.0,10036.224000000031,8654.465501386492,1,2,False
sender,7.0,44.0,0.4,0.0075,infeasible,no_communication_case_meets_requirements,0.0,0.0,0.0,0.0,10036.224000000031,8654.465501386492,1,2,False
sender,7.25,44.0,0.4,0.0075,infeasible,no_communication_case_meets_requirements,0.0,0.0,0.0,0.0,10036.224000000031,8654.465501386492,1,2,False
sender,7.5,44.0,0.4,0.0075,infeasible,no_communication_case_meets_requirements,0.0,0.0,0.0,0.0,10036.224000000031,8654.465501386492,1,2,False
sender,7.75,44.0,0.4,0.0075,infeasible,no_communication_case_meets_requirements,0.0,0.0,0.0,0.0,10036.224000000031,8654.465501386492,1,2,False
sender,8.0,44.0,0.4,0.0075,infeasible,no_communication_case_meets_requirements,0.0,0.0,0.0,0.0,10036.224000000031,8654.465501386492,1,2,False
sender,0.0,44.5,0.4,0.0075,feedback,minimum_traffic_feasible,0.5284675285560001,0.5115928239419154,0.024241522903033896,0.006621649577619159,10036.224000000031,8654.465501386492,1,2,False
sender,0.25,44.5,0.4,0.0075,feedback,minimum_traffic_feasible,0.5284675285560001,0.5115928239419154,0.024241522903033896,0.006621649577619159,10036.224000000031,8654.465501386492,1,2,False
sender,0.5,44.5,0.4,0.0075,feedback,minimum_traffic_feasible,0.5284675285560001,0.5115928239419154,0.024241522903033896,0.006621649577619159,10036.224000000031,8654.465501386492,1,2,False
sender,0.75,44.5,0.4,0.0075,feedback,minimum_traffic_feasible,0.5284675285560001,0.5115928239419154,0.024241522903033896,0.006621649577619159,10036.224000000031,8654.465501386492,1,2,False
sender,1.0,44.5,0.4,0.0075,feedback,minimum_traffic_feasible,0.5284675285560001,0.5115928239419154,0.024241522903033896,0.006621649577619159,10036.224000000031,8654.465501386492,1,2,False
sender,1.25,44.5,0.4,0.0075,feedback,minimum_traffic_feasible,0.5284675285560001,0.5115928239419154,0.024241522903033896,0.006621649577619159,10036.224000000031,8654.465501386492,1,2,False
sender,1.5,44.5,0.4,0.0075,feedback,minimum_traffic_feasible,0.5284675285560001,0.5115928239419154,0.024241522903033896,0.006621649577619159,10036.224000000031,8654.465501386492,1,2,False
sender,1.75,44.5,0.4,0.0075,feedback,minimum_traffic_feasible,0.5284675285560001,0.511061665740272,0.024241522903033896,0.006513192094817184,10036.224000000031,8654.465501386492,1,2,False
sender,2.0,44.5,0.4,0.0075,feedback,minimum_traffic_feasible,0.5284675285560001,0.511061665740272,0.024241522903033896,0.006513192094817184,10036.224000000031,8654.465501386492,1,2,False
sender,2.25,44.5,0.4,0.0075,infeasible,no_communication_case_meets_requirements,0.5284675285560001,0.0,0.024241522903033896,0.0,10036.224000000031,8654.465501386492,1,2,False
sender,2.5,44.5,0.4,0.0075,infeasible,no_communication_case_meets_requirements,0.5284675285560001,0.0,0.024241522903033896,0.0,10036.224000000031,8654.465501386492,1,2,False
sender,2.75,44.5,0.4,0.0075,infeasible,no_communication_case_meets_requirements,0.5284675285560001,0.0,0.024241522903033896,0.0,10036.224000000031,8654.465501386492,1,2,False
sender,3.0,44.5,0.4,0.0075,infeasible,no_communication_case_meets_requirements,0.5284675285560001,0.0,0.024241522903033896,0.0,10036.224000000031,8654.465501386492,1,2,False
sender,3.25,44.5,0.4,0.0075,infeasible,no_communication_case_meets_requirements,0.5284675285560001,0.0,0.024241522903033896,0.0,10036.224000000031,8654.465501386492,1,2,False
sender,3.5,44.5,0.4,0.0075,infeasible,no_communication_case_meets_requirements,0.5284675285560001,0.0,0.024241522903033896,0.0,10036.224000000031,8654.465501386492,1,2,False
sender,3.75,44.5,0.4,0.0075,infeasible,no_communication_case_meets_requirements,0.5284675285560001,0.0,0.024241522903033896,0.0,10036.224000000031,8654.465501386492,1,2,False
sender,4.0,44.5,0.4,0.0075,infeasible,no_communication_case_meets_requirements,0.5284675285560001,0.0,0.024241522903033896,0.0,10036.224000000031,8654.465501386492,1,2,False
sender,4.25,44.5,0.4,0.0075,infeasible,no_communication_case_meets_requirements,0.0,0.0,0.0,0.0,10036.224000000031,8654.465501386492,1,2,False
sender,4.5,44.5,0.4,0.0075,infeasible,no_communication_case_meets_requirements,0.0,0.0,0.0,0.0,10036.224000000031,8654.465501386492,1,2,False
sender,4.75,44.5,0.4,0.0075,infeasible,no_communication_case_meets_requirements,0.0,0.0,0.0,0.0,10036.224000000031,8654.465501386492,1,2,False
sender,5.0,44.5,0.4,0.0075,infeasible,no_communication_case_meets_requirements,0.0,0.0,0.0,0.0,10036.224000000031,8654.465501386492,1,2,False
sender,5.25,44.5,0.4,0.0075,infeasible,no_communication_case_meets_requirements,0.0,0.0,0.0,0.0,10036.224000000031,8654.465501386492,1,2,False
sender,5.5,44.5,0.4,0.0075,infeasible,no_communication_case_meets_requirements,0.0,0.0,0.0,0.0,10036.224000000031,8654.465501386492,1,2,False
sender,5.75,44.5,0.4,0.0075,infeasible,no_communication_case_meets_requirements,0.0,0.0,0.0,0.0,10036.224000000031,8654.465501386492,1,2,False
sender,6.0,44.5,0.4,0.0075,infeasible,no_communication_case_meets_requirements,0.0,0.0,0.0,0.0,10036.224000000031,8654.465501386492,1,2,False
sender,6.25,44.5,0.4,0.0075,infeasible,no_communication_case_meets_requirements,0.0,0.0,0.0,0.0,10036.224000000031,8654.465501386492,1,2,False
sender,6.5,44.5,0.4,0.0075,infeasible,no_communication_case_meets_requirements,0.0,0.0,0.0,0.0,10036.224000000031,8654.465501386492,1,2,False
sender,6.75,44.5,0.4,0.0075,infeasible,no_communication_case_meets_requirements,0.0,0.0,0.0,0.0,10036.224000000031,8654.465501386492,1,2,False
sender,7.0,44.5,0.4,0.0075,infeasible,no_communication_case_meets_requirements,0.0,0.0,0.0,0.0,10036.224000000031,8654.465501386492,1,2,False
sender,7.25,44.5,0.4,0.0075,infeasible,no_communication_case_meets_requirements,0.0,0.0,0.0,0.0,10036.224000000031,8654.465501386492,1,2,False
sender,7.5,44.5,0.4,0.0075,infeasible,no_communication_case_meets_requirements,0.0,0.0,0.0,0.0,10036.224000000031,8654.465501386492,1,2,False
sender,7.75,44.5,0.4,0.0075,infeasible,no_communication_case_meets_requirements,0.0,0.0,0.0,0.0,10036.224000000031,8654.465501386492,1,2,False
sender,8.0,44.5,0.4,0.0075,infeasible,no_communication_case_meets_requirements,0.0,0.0,0.0,0.0,10036.224000000031,8654.465501386492,1,2,False
sender,0.0,45.0,0.4,0.0075,feedback,minimum_traffic_feasible,0.5284675285560001,0.5115928239419154,0.024241522903033896,0.006621649577619159,10036.224000000031,8654.465501386492,1,2,False
sender,0.25,45.0,0.4,0.0075,feedback,minimum_traffic_feasible,0.5284675285560001,0.5115928239419154,0.024241522903033896,0.006621649577619159,10036.224000000031,8654.465501386492,1,2,False
sender,0.5,45.0,0.4,0.0075,feedback,minimum_traffic_feasible,0.5284675285560001,0.5115928239419154,0.024241522903033896,0.006621649577619159,10036.224000000031,8654.465501386492,1,2,False
sender,0.75,45.0,0.4,0.0075,feedback,minimum_traffic_feasible,0.5284675285560001,0.5115928239419154,0.024241522903033896,0.006621649577619159,10036.224000000031,8654.465501386492,1,2,False
sender,1.0,45.0,0.4,0.0075,feedback,minimum_traffic_feasible,0.5284675285560001,0.5115928239419154,0.024241522903033896,0.006621649577619159,10036.224000000031,8654.465501386492,1,2,False
sender,1.25,45.0,0.4,0.0075,feedback,minimum_traffic_feasible,0.5284675285560001,0.5115928239419154,0.024241522903033896,0.006621649577619159,10036.224000000031,8654.465501386492,1,2,False
sender,1.5,45.0,0.4,0.0075,feedback,minimum_traffic_feasible,0.5284675285560001,0.5115928239419154,0.024241522903033896,0.006621649577619159,10036.224000000031,8654.465501386492,1,2,False
sender,1.75,45.0,0.4,0.0075,feedback,minimum_traffic_feasible,0.5284675285560001,0.511061665740272,0.024241522903033896,0.006513192094817184,10036.224000000031,8654.465501386492,1,2,False
sender,2.0,45.0,0.4,0.0075,feedback,minimum_traffic_feasible,0.5284675285560001,0.511061665740272,0.024241522903033896,0.006513192094817184,10036.224000000031,8654.465501386492,1,2,False
sender,2.25,45.0,0.4,0.0075,infeasible,no_communication_case_meets_requirements,0.5284675285560001,0.0,0.024241522903033896,0.0,10036.224000000031,8654.465501386492,1,2,False
sender,2.5,45.0,0.4,0.0075,infeasible,no_communication_case_meets_requirements,0.5284675285560001,0.0,0.024241522903033896,0.0,10036.224000000031,8654.465501386492,1,2,False
sender,2.75,45.0,0.4,0.0075,infeasible,no_communication_case_meets_requirements,0.5284675285560001,0.0,0.024241522903033896,0.0,10036.224000000031,8654.465501386492,1,2,False
sender,3.0,45.0,0.4,0.0075,infeasible,no_communication_case_meets_requirements,0.5284675285560001,0.0,0.024241522903033896,0.0,10036.224000000031,8654.465501386492,1,2,False
sender,3.25,45.0,0.4,0.0075,infeasible,no_communication_case_meets_requirements,0.5284675285560001,0.0,0.024241522903033896,0.0,10036.224000000031,8654.465501386492,1,2,False
sender,3.5,45.0,0.4,0.0075,infeasible,no_communication_case_meets_requirements,0.5284675285560001,0.0,0.024241522903033896,0.0,10036.224000000031,8654.465501386492,1,2,False
sender,3.75,45.0,0.4,0.0075,infeasible,no_communication_case_meets_requirements,0.5284675285560001,0.0,0.024241522903033896,0.0,10036.224000000031,8654.465501386492,1,2,False
sender,4.0,45.0,0.4,0.0075,infeasible,no_communication_case_meets_requirements,0.5284675285560001,0.0,0.024241522903033896,0.0,10036.224000000031,8654.465501386492,1,2,False
sender,4.25,45.0,0.4,0.0075,infeasible,no_communication_case_meets_requirements,0.0,0.0,0.0,0.0,10036.224000000031,8654.465501386492,1,2,False
sender,4.5,45.0,0.4,0.0075,infeasible,no_communication_case_meets_requirements,0.0,0.0,0.0,0.0,10036.224000000031,8654.465501386492,1,2,False
sender,4.75,45.0,0.4,0.0075,infeasible,no_communication_case_meets_requirements,0.0,0.0,0.0,0.0,10036.224000000031,8654.465501386492,1,2,False
sender,5.0,45.0,0.4,0.0075,infeasible,no_communication_case_meets_requirements,0.0,0.0,0.0,0.0,10036.224000000031,8654.465501386492,1,2,False
sender,5.25,45.0,0.4,0.0075,infeasible,no_communication_case_meets_requirements,0.0,0.0,0.0,0.0,10036.224000000031,8654.465501386492,1,2,False
sender,5.5,45.0,0.4,0.0075,infeasible,no_communication_case_meets_requirements,0.0,0.0,0.0,0.0,10036.224000000031,8654.465501386492,1,2,False
sender,5.75,45.0,0.4,0.0075,infeasible,no_communication_case_meets_requirements,0.0,0.0,0.0,0.0,10036.224000000031,8654.465501386492,1,2,False
sender,6.0,45.0,0.4,0.0075,infeasible,no_communication_case_meets_requirements,0.0,0.0,0.0,0.0,10036.224000000031,8654.465501386492,1,2,False
sender,6.25,45.0,0.4,0.0075,infeasible,no_communication_case_meets_requirements,0.0,0.0,0.0,0.0,10036.224000000031,8654.465501386492,1,2,False
sender,6.5,45.0,0.4,0.0075,infeasible,no_communication_case_meets_requirements,0.0,0.0,0.0,0.0,10036.224000000031,8654.465501386492,1,2,False
sender,6.75,45.0,0.4,0.0075,infeasible,no_communication_case_meets_requirements,0.0,0.0,0.0,0.0,10036.224000000031,8654.465501386492,1,2,False
sender,7.0,45.0,0.4,0.0075,infeasible,no_communication_case_meets_requirements,0.0,0.0,0.0,0.0,10036.224000000031,8654.465501386492,1,2,False
sender,7.25,45.0,0.4,0.0075,infeasible,no_communication_case_meets_requirements,0.0,0.0,0.0,0.0,10036.224000000031,8654.465501386492,1,2,False
sender,7.5,45.0,0.4,0.0075,infeasible,no_communication_case_meets_requirements,0.0,0.0,0.0,0.0,10036.224000000031,8654.465501386492,1,2,False
sender,7.75,45.0,0.4,0.0075,infeasible,no_communication_case_meets_requirements,0.0,0.0,0.0,0.0,10036.224000000031,8654.465501386492,1,2,False
sender,8.0,45.0,0.4,0.0075,infeasible,no_communication_case_meets_requirements,0.0,0.0,0.0,0.0,10036.224000000031,8654.465501386492,1,2,False
sender,0.0,45.5,0.4,0.0075,feedback,minimum_traffic_feasible,0.5284675285560001,0.5115928239419154,0.024241522903033896,0.006621649577619159,10036.224000000031,8654.465501386492,1,2,False
sender,0.25,45.5,0.4,0.0075,feedback,minimum_traffic_feasible,0.5284675285560001,0.5115928239419154,0.024241522903033896,0.006621649577619159,10036.224000000031,8654.465501386492,1,2,False
sender,0.5,45.5,0.4,0.0075,feedback,minimum_traffic_feasible,0.5284675285560001,0.5115928239419154,0.024241522903033896,0.006621649577619159,10036.224000000031,8654.465501386492,1,2,False
sender,0.75,45.5,0.4,0.0075,feedback,minimum_traffic_feasible,0.5284675285560001,0.5115928239419154,0.024241522903033896,0.006621649577619159,10036.224000000031,8654.465501386492,1,2,False
sender,1.0,45.5,0.4,0.0075,feedback,minimum_traffic_feasible,0.5284675285560001,0.5115928239419154,0.024241522903033896,0.006621649577619159,10036.224000000031,8654.465501386492,1,2,False
sender,1.25,45.5,0.4,0.0075,feedback,minimum_traffic_feasible,0.5284675285560001,0.5115928239419154,0.024241522903033896,0.006621649577619159,10036.224000000031,8654.465501386492,1,2,False
sender,1.5,45.5,0.4,0.0075,feedback,minimum_traffic_feasible,0.5284675285560001,0.5115928239419154,0.024241522903033896,0.006621649577619159,10036.224000000031,8654.465501386492,1,2,False
sender,1.75,45.5,0.4,0.0075,feedback,minimum_traffic_feasible,0.5284675285560001,0.511061665740272,0.024241522903033896,0.006513192094817184,10036.224000000031,8654.465501386492,1,2,False
sender,2.0,45.5,0.4,0.0075,feedback,minimum_traffic_feasible,0.5284675285560001,0.511061665740272,0.024241522903033896,0.006513192094817184,10036.224000000031,8654.465501386492,1,2,False
sender,2.25,45.5,0.4,0.0075,infeasible,no_communication_case_meets_requirements,0.5284675285560001,0.0,0.024241522903033896,0.0,10036.224000000031,8654.465501386492,1,2,False
sender,2.5,45.5,0.4,0.0075,infeasible,no_communication_case_meets_requirements,0.5284675285560001,0.0,0.024241522903033896,0.0,10036.224000000031,8654.465501386492,1,2,False
sender,2.75,45.5,0.4,0.0075,infeasible,no_communication_case_meets_requirements,0.5284675285560001,0.0,0.024241522903033896,0.0,10036.224000000031,8654.465501386492,1,2,False
sender,3.0,45.5,0.4,0.0075,infeasible,no_communication_case_meets_requirements,0.5284675285560001,0.0,0.024241522903033896,0.0,10036.224000000031,8654.465501386492,1,2,False
sender,3.25,45.5,0.4,0.0075,infeasible,no_communication_case_meets_requirements,0.5284675285560001,0.0,0.024241522903033896,0.0,10036.224000000031,8654.465501386492,1,2,False
sender,3.5,45.5,0.4,0.0075,infeasible,no_communication_case_meets_requirements,0.5284675285560001,0.0,0.024241522903033896,0.0,10036.224000000031,8654.465501386492,1,2,False
sender,3.75,45.5,0.4,0.0075,infeasible,no_communication_case_meets_requirements,0.5284675285560001,0.0,0.024241522903033896,0.0,10036.224000000031,8654.465501386492,1,2,False
sender,4.0,45.5,0.4,0.0075,infeasible,no_communication_case_meets_requirements,0.5284675285560001,0.0,0.024241522903033896,0.0,10036.224000000031,8654.465501386492,1,2,False
sender,4.25,45.5,0.4,0.0075,infeasible,no_communication_case_meets_requirements,0.0,0.0,0.0,0.0,10036.224000000031,8654.465501386492,1,2,False
sender,4.5,45.5,0.4,0.0075,infeasible,no_communication_case_meets_requirements,0.0,0.0,0.0,0.0,10036.224000000031,8654.465501386492,1,2,False
sender,4.75,45.5,0.4,0.0075,infeasible,no_communication_case_meets_requirements,0.0,0.0,0.0,0.0,10036.224000000031,8654.465501386492,1,2,False
sender,5.0,45.5,0.4,0.0075,infeasible,no_communication_case_meets_requirements,0.0,0.0,0.0,0.0,10036.224000000031,8654.465501386492,1,2,False
sender,5.25,45.5,0.4,0.0075,infeasible,no_communication_case_meets_requirements,0.0,0.0,0.0,0.0,10036.224000000031,8654.465501386492,1,2,False
sender,5.5,45.5,0.4,0.0075,infeasible,no_communication_case_meets_requirements,0.0,0.0,0.0,0.0,10036.224000000031,8654.465501386492,1,2,False
sender,5.75,45.5,0.4,0.0075,infeasible,no_communication_case_meets_requirements,0.0,0.0,0.0,0.0,10036.224000000031,8654.465501386492,1,2,False
sender,6.0,45.5,0.4,0.0075,infeasible,no_communication_case_meets_requirements,0.0,0.0,0.0,0.0,10036.224000000031,8654.465501386492,1,2,False
sender,6.25,45.5,0.4,0.0075,infeasible,no_communication_case_meets_requirements,0.0,0.0,0.0,0.0,10036.224000000031,8654.465501386492,1,2,False
sender,6.5,45.5,0.4,0.0075,infeasible,no_communication_case_meets_requirements,0.0,0.0,0.0,0.0,10036.224000000031,8654.465501386492,1,2,False
sender,6.75,45.5,0.4,0.0075,infeasible,no_communication_case_meets_requirements,0.0,0.0,0.0,0.0,10036.224000000031,8654.465501386492,1,2,False
sender,7.0,45.5,0.4,0.0075,infeasible,no_communication_case_meets_requirements,0.0,0.0,0.0,0.0,10036.224000000031,8654.465501386492,1,2,False
sender,7.25,45.5,0.4,0.0075,infeasible,no_communication_case_meets_requirements,0.0,0.0,0.0,0.0,10036.224000000031,8654.465501386492,1,2,False
sender,7.5,45.5,0.4,0.0075,infeasible,no_communication_case_meets_requirements,0.0,0.0,0.0,0.0,10036.224000000031,8654.465501386492,1,2,False
sender,7.75,45.5,0.4,0.0075,infeasible,no_communication_case_meets_requirements,0.0,0.0,0.0,0.0,10036.224000000031,8654.465501386492,1,2,False
sender,8.0,45.5,0.4,0.0075,infeasible,no_communication_case_meets_requirements,0.0,0.0,0.0,0.0,10036.224000000031,8654.465501386492,1,2,False
sender,0.0,46.0,0.4,0.0075,feedback,minimum_traffic_feasible,0.5284675285560001,0.5115928239419154,0.024241522903033896,0.006621649577619159,10036.224000000031,8654.465501386492,1,2,False
sender,0.25,46.0,0.4,0.0075,feedback,minimum_traffic_feasible,0.5284675285560001,0.5115928239419154,0.024241522903033896,0.006621649577619159,10036.224000000031,8654.465501386492,1,2,False
sender,0.5,46.0,0.4,0.0075,feedback,minimum_traffic_feasible,0.5284675285560001,0.5115928239419154,0.024241522903033896,0.006621649577619159,10036.224000000031,8654.465501386492,1,2,False
sender,0.75,46.0,0.4,0.0075,feedback,minimum_traffic_feasible,0.5284675285560001,0.5115928239419154,0.024241522903033896,0.006621649577619159,10036.224000000031,8654.465501386492,1,2,False
sender,1.0,46.0,0.4,0.0075,feedback,minimum_traffic_feasible,0.5284675285560001,0.5115928239419154,0.024241522903033896,0.006621649577619159,10036.224000000031,8654.465501386492,1,2,False
sender,1.25,46.0,0.4,0.0075,feedback,minimum_traffic_feasible,0.5284675285560001,0.5115928239419154,0.024241522903033896,0.006621649577619159,10036.224000000031,8654.465501386492,1,2,False
sender,1.5,46.0,0.4,0.0075,feedback,minimum_traffic_feasible,0.5284675285560001,0.5115928239419154,0.024241522903033896,0.006621649577619159,10036.224000000031,8654.465501386492,1,2,False
sender,1.75,46.0,0.4,0.0075,feedback,minimum_traffic_feasible,0.5284675285560001,0.511061665740272,0.024241522903033896,0.006513192094817184,10036.224000000031,8654.465501386492,1,2,False
sender,2.0,46.0,0.4,0.0075,feedback,minimum_traffic_feasible,0.5284675285560001,0.511061665740272,0.024241522903033896,0.006513192094817184,10036.224000000031,8654.465501386492,1,2,False
sender,2.25,46.0,0.4,0.0075,infeasible,no_communication_case_meets_requirements,0.5284675285560001,0.0,0.024241522903033896,0.0,10036.224000000031,8654.465501386492,1,2,False
sender,2.5,46.0,0.4,0.0075,infeasible,no_communication_case_meets_requirements,0.5284675285560001,0.0,0.024241522903033896,0.0,10036.224000000031,8654.465501386492,1,2,False
sender,2.75,46.0,0.4,0.0075,infeasible,no_communication_case_meets_requirements,0.5284675285560001,0.0,0.024241522903033896,0.0,10036.224000000031,8654.465501386492,1,2,False
sender,3.0,46.0,0.4,0.0075,infeasible,no_communication_case_meets_requirements,0.5284675285560001,0.0,0.024241522903033896,0.0,10036.224000000031,8654.465501386492,1,2,False
sender,3.25,46.0,0.4,0.0075,infeasible,no_communication_case_meets_requirements,0.5284675285560001,0.0,0.024241522903033896,0.0,10036.224000000031,8654.465501386492,1,2,False
sender,3.5,46.0,0.4,0.0075,infeasible,no_communication_case_meets_requirements,0.5284675285560001,0.0,0.024241522903033896,0.0,10036.224000000031,8654.465501386492,1,2,False
sender,3.75,46.0,0.4,0.0075,infeasible,no_communication_case_meets_requirements,0.5284675285560001,0.0,0.024241522903033896,0.0,10036.224000000031,8654.465501386492,1,2,False
sender,4.0,46.0,0.4,0.0075,infeasible,no_communication_case_meets_requirements,0.5284675285560001,0.0,0.024241522903033896,0.0,10036.224000000031,8654.465501386492,1,2,False
sender,4.25,46.0,0.4,0.0075,infeasible,no_communication_case_meets_requirements,0.0,0.0,0.0,0.0,10036.224000000031,8654.465501386492,1,2,False
sender,4.5,46.0,0.4,0.0075,infeasible,no_communication_case_meets_requirements,0.0,0.0,0.0,0.0,10036.224000000031,8654.465501386492,1,2,False
sender,4.75,46.0,0.4,0.0075,infeasible,no_communication_case_meets_requirements,0.0,0.0,0.0,0.0,10036.224000000031,8654.465501386492,1,2,False
sender,5.0,46.0,0.4,0.0075,infeasible,no_communication_case_meets_requirements,0.0,0.0,0.0,0.0,10036.224000000031,8654.465501386492,1,2,False
sender,5.25,46.0,0.4,0.0075,infeasible,no_communication_case_meets_requirements,0.0,0.0,0.0,0.0,10036.224000000031,8654.465501386492,1,2,False
sender,5.5,46.0,0.4,0.0075,infeasible,no_communication_case_meets_requirements,0.0,0.0,0.0,0.0,10036.224000000031,8654.465501386492,1,2,False
sender,5.75,46.0,0.4,0.0075,infeasible,no_communication_case_meets_requirements,0.0,0.0,0.0,0.0,10036.224000000031,8654.465501386492,1,2,False
sender,6.0,46.0,0.4,0.0075,infeasible,no_communication_case_meets_requirements,0.0,0.0,0.0,0.0,10036.224000000031,8654.465501386492,1,2,False
sender,6.25,46.0,0.4,0.0075,infeasible,no_communication_case_meets_requirements,0.0,0.0,0.0,0.0,10036.224000000031,8654.465501386492,1,2,False
sender,6.5,46.0,0.4,0.0075,infeasible,no_communication_case_meets_requirements,0.0,0.0,0.0,0.0,10036.224000000031,8654.465501386492,1,2,False
sender,6.75,46.0,0.4,0.0075,infeasible,no_communication_case_meets_requirements,0.0,0.0,0.0,0.0,10036.224000000031,8654.465501386492,1,2,False
sender,7.0,46.0,0.4,0.0075,infeasible,no_communication_case_meets_requirements,0.0,0.0,0.0,0.0,10036.224000000031,8654.465501386492,1,2,False
sender,7.25,46.0,0.4,0.0075,infeasible,no_communication_case_meets_requirements,0.0,0.0,0.0,0.0,10036.224000000031,8654.465501386492,1,2,False
sender,7.5,46.0,0.4,0.0075,infeasible,no_communication_case_meets_requirements,0.0,0.0,0.0,0.0,10036.224000000031,8654.465501386492,1,2,False
sender,7.75,46.0,0.4,0.0075,infeasible,no_communication_case_meets_requirements,0.0,0.0,0.0,0.0,10036.224000000031,8654.465501386492,1,2,False
sender,8.0,46.0,0.4,0.0075,infeasible,no_communication_case_meets_requirements,0.0,0.0,0.0,0.0,10036.224000000031,8654.465501386492,1,2,False
sender,0.0,46.5,0.4,0.0075,feedback,minimum_traffic_feasible,0.5284675285560001,0.5115928239419154,0.024241522903033896,0.006621649577619159,10036.224000000031,8654.465501386492,1,2,False
sender,0.25,46.5,0.4,0.0075,feedback,minimum_traffic_feasible,0.5284675285560001,0.5115928239419154,0.024241522903033896,0.006621649577619159,10036.224000000031,8654.465501386492,1,2,False
sender,0.5,46.5,0.4,0.0075,feedback,minimum_traffic_feasible,0.5284675285560001,0.5115928239419154,0.024241522903033896,0.006621649577619159,10036.224000000031,8654.465501386492,1,2,False
sender,0.75,46.5,0.4,0.0075,feedback,minimum_traffic_feasible,0.5284675285560001,0.5115928239419154,0.024241522903033896,0.006621649577619159,10036.224000000031,8654.465501386492,1,2,False
sender,1.0,46.5,0.4,0.0075,feedback,minimum_traffic_feasible,0.5284675285560001,0.5115928239419154,0.024241522903033896,0.006621649577619159,10036.224000000031,8654.465501386492,1,2,False
sender,1.25,46.5,0.4,0.0075,feedback,minimum_traffic_feasible,0.5284675285560001,0.5115928239419154,0.024241522903033896,0.006621649577619159,10036.224000000031,8654.465501386492,1,2,False
sender,1.5,46.5,0.4,0.0075,feedback,minimum_traffic_feasible,0.5284675285560001,0.5115928239419154,0.024241522903033896,0.006621649577619159,10036.224000000031,8654.465501386492,1,2,False
sender,1.75,46.5,0.4,0.0075,feedback,minimum_traffic_feasible,0.5284675285560001,0.511061665740272,0.024241522903033896,0.006513192094817184,10036.224000000031,8654.465501386492,1,2,False
sender,2.0,46.5,0.4,0.0075,feedback,minimum_traffic_feasible,0.5284675285560001,0.511061665740272,0.024241522903033896,0.006513192094817184,10036.224000000031,8654.465501386492,1,2,False
sender,2.25,46.5,0.4,0.0075,infeasible,no_communication_case_meets_requirements,0.5284675285560001,0.0,0.024241522903033896,0.0,10036.224000000031,8654.465501386492,1,2,False
sender,2.5,46.5,0.4,0.0075,infeasible,no_communication_case_meets_requirements,0.5284675285560001,0.0,0.024241522903033896,0.0,10036.224000000031,8654.465501386492,1,2,False
sender,2.75,46.5,0.4,0.0075,infeasible,no_communication_case_meets_requirements,0.5284675285560001,0.0,0.024241522903033896,0.0,10036.224000000031,8654.465501386492,1,2,False
sender,3.0,46.5,0.4,0.0075,infeasible,no_communication_case_meets_requirements,0.5284675285560001,0.0,0.024241522903033896,0.0,10036.224000000031,8654.465501386492,1,2,False
sender,3.25,46.5,0.4,0.0075,infeasible,no_communication_case_meets_requirements,0.5284675285560001,0.0,0.024241522903033896,0.0,10036.224000000031,8654.465501386492,1,2,False
sender,3.5,46.5,0.4,0.0075,infeasible,no_communication_case_meets_requirements,0.5284675285560001,0.0,0.024241522903033896,0.0,10036.224000000031,8654.465501386492,1,2,False
sender,3.75,46.5,0.4,0.0075,infeasible,no_communication_case_meets_requirements,0.5284675285560001,0.0,0.024241522903033896,0.0,10036.224000000031,8654.465501386492,1,2,False
sender,4.0,46.5,0.4,0.0075,infeasible,no_communication_case_meets_requirements,0.5284675285560001,0.0,0.024241522903033896,0.0,10036.224000000031,8654.465501386492,1,2,False
sender,4.25,46.5,0.4,0.0075,infeasible,no_communication_case_meets_requirements,0.0,0.0,0.0,0.0,10036.224000000031,8654.465501386492,1,2,False
sender,4.5,46.5,0.4,0.0075,infeasible,no_communication_case_meets_requirements,0.0,0.0,0.0,0.0,10036.224000000031,8654.465501386492,1,2,False
sender,4.75,46.5,0.4,0.0075,infeasible,no_communication_case_meets_requirements,0.0,0.0,0.0,0.0,10036.224000000031,8654.465501386492,1,2,False
sender,5.0,46.5,0.4,0.0075,infeasible,no_communication_case_meets_requirements,0.0,0.0,0.0,0.0,10036.224000000031,8654.465501386492,1,2,False
sender,5.25,46.5,0.4,0.0075,infeasible,no_communication_case_meets_requirements,0.0,0.0,0.0,0.0,10036.224000000031,8654.465501386492,1,2,False
sender,5.5,46.5,0.4,0.0075,infeasible,no_communication_case_meets_requirements,0.0,0.0,0.0,0.0,10036.224000000031,8654.465501386492,1,2,False
sender,5.75,46.5,0.4,0.0075,infeasible,no_communication_case_meets_requirements,0.0,0.0,0.0,0.0,10036.224000000031,8654.465501386492,1,2,False
sender,6.0,46.5,0.4,0.0075,infeasible,no_communication_case_meets_requirements,0.0,0.0,0.0,0.0,10036.224000000031,8654.465501386492,1,2,False
sender,6.25,46.5,0.4,0.0075,infeasible,no_communication_case_meets_requirements,0.0,0.0,0.0,0.0,10036.224000000031,8654.465501386492,1,2,False
sender,6.5,46.5,0.4,0.0075,infeasible,no_communication_case_meets_requirements,0.0,0.0,0.0,0.0,10036.224000000031,8654.465501386492,1,2,False
sender,6.75,46.5,0.4,0.0075,infeasible,no_communication_case_meets_requirements,0.0,0.0,0.0,0.0,10036.224000000031,8654.465501386492,1,2,False
sender,7.0,46.5,0.4,0.0075,infeasible,no_communication_case_meets_requirements,0.0,0.0,0.0,0.0,10036.224000000031,8654.465501386492,1,2,False
sender,7.25,46.5,0.4,0.0075,infeasible,no_communication_case_meets_requirements,0.0,0.0,0.0,0.0,10036.224000000031,8654.465501386492,1,2,False
sender,7.5,46.5,0.4,0.0075,infeasible,no_communication_case_meets_requirements,0.0,0.0,0.0,0.0,10036.224000000031,8654.465501386492,1,2,False
sender,7.75,46.5,0.4,0.0075,infeasible,no_communication_case_meets_requirements,0.0,0.0,0.0,0.0,10036.224000000031,8654.465501386492,1,2,False
sender,8.0,46.5,0.4,0.0075,infeasible,no_communication_case_meets_requirements,0.0,0.0,0.0,0.0,10036.224000000031,8654.465501386492,1,2,False
sender,0.0,47.0,0.4,0.0075,feedback,minimum_traffic_feasible,0.5284675285560001,0.5115928239419154,0.024241522903033896,0.006621649577619159,10036.224000000031,8654.465501386492,1,2,False
sender,0.25,47.0,0.4,0.0075,feedback,minimum_traffic_feasible,0.5284675285560001,0.5115928239419154,0.024241522903033896,0.006621649577619159,10036.224000000031,8654.465501386492,1,2,False
sender,0.5,47.0,0.4,0.0075,feedback,minimum_traffic_feasible,0.5284675285560001,0.5115928239419154,0.024241522903033896,0.006621649577619159,10036.224000000031,8654.465501386492,1,2,False
sender,0.75,47.0,0.4,0.0075,feedback,minimum_traffic_feasible,0.5284675285560001,0.5115928239419154,0.024241522903033896,0.006621649577619159,10036.224000000031,8654.465501386492,1,2,False
sender,1.0,47.0,0.4,0.0075,feedback,minimum_traffic_feasible,0.5284675285560001,0.5115928239419154,0.024241522903033896,0.006621649577619159,10036.224000000031,8654.465501386492,1,2,False
sender,1.25,47.0,0.4,0.0075,feedback,minimum_traffic_feasible,0.5284675285560001,0.5115928239419154,0.024241522903033896,0.006621649577619159,10036.224000000031,8654.465501386492,1,2,False
sender,1.5,47.0,0.4,0.0075,feedback,minimum_traffic_feasible,0.5284675285560001,0.5115928239419154,0.024241522903033896,0.006621649577619159,10036.224000000031,8654.465501386492,1,2,False
sender,1.75,47.0,0.4,0.0075,feedback,minimum_traffic_feasible,0.5284675285560001,0.511061665740272,0.024241522903033896,0.006513192094817184,10036.224000000031,8654.465501386492,1,2,False
sender,2.0,47.0,0.4,0.0075,feedback,minimum_traffic_feasible,0.5284675285560001,0.511061665740272,0.024241522903033896,0.006513192094817184,10036.224000000031,8654.465501386492,1,2,False
sender,2.25,47.0,0.4,0.0075,infeasible,no_communication_case_meets_requirements,0.5284675285560001,0.0,0.024241522903033896,0.0,10036.224000000031,8654.465501386492,1,2,False
sender,2.5,47.0,0.4,0.0075,infeasible,no_communication_case_meets_requirements,0.5284675285560001,0.0,0.024241522903033896,0.0,10036.224000000031,8654.465501386492,1,2,False
sender,2.75,47.0,0.4,0.0075,infeasible,no_communication_case_meets_requirements,0.5284675285560001,0.0,0.024241522903033896,0.0,10036.224000000031,8654.465501386492,1,2,False
sender,3.0,47.0,0.4,0.0075,infeasible,no_communication_case_meets_requirements,0.5284675285560001,0.0,0.024241522903033896,0.0,10036.224000000031,8654.465501386492,1,2,False
sender,3.25,47.0,0.4,0.0075,infeasible,no_communication_case_meets_requirements,0.5284675285560001,0.0,0.024241522903033896,0.0,10036.224000000031,8654.465501386492,1,2,False
sender,3.5,47.0,0.4,0.0075,infeasible,no_communication_case_meets_requirements,0.5284675285560001,0.0,0.024241522903033896,0.0,10036.224000000031,8654.465501386492,1,2,False
sender,3.75,47.0,0.4,0.0075,infeasible,no_communication_case_meets_requirements,0.5284675285560001,0.0,0.024241522903033896,0.0,10036.224000000031,8654.465501386492,1,2,False
sender,4.0,47.0,0.4,0.0075,infeasible,no_communication_case_meets_requirements,0.5284675285560001,0.0,0.024241522903033896,0.0,10036.224000000031,8654.465501386492,1,2,False
sender,4.25,47.0,0.4,0.0075,infeasible,no_communication_case_meets_requirements,0.0,0.0,0.0,0.0,10036.224000000031,8654.465501386492,1,2,False
sender,4.5,47.0,0.4,0.0075,infeasible,no_communication_case_meets_requirements,0.0,0.0,0.0,0.0,10036.224000000031,8654.465501386492,1,2,False
sender,4.75,47.0,0.4,0.0075,infeasible,no_communication_case_meets_requirements,0.0,0.0,0.0,0.0,10036.224000000031,8654.465501386492,1,2,False
sender,5.0,47.0,0.4,0.0075,infeasible,no_communication_case_meets_requirements,0.0,0.0,0.0,0.0,10036.224000000031,8654.465501386492,1,2,False
sender,5.25,47.0,0.4,0.0075,infeasible,no_communication_case_meets_requirements,0.0,0.0,0.0,0.0,10036.224000000031,8654.465501386492,1,2,False
sender,5.5,47.0,0.4,0.0075,infeasible,no_communication_case_meets_requirements,0.0,0.0,0.0,0.0,10036.224000000031,8654.465501386492,1,2,False
sender,5.75,47.0,0.4,0.0075,infeasible,no_communication_case_meets_requirements,0.0,0.0,0.0,0.0,10036.224000000031,8654.465501386492,1,2,False
sender,6.0,47.0,0.4,0.0075,infeasible,no_communication_case_meets_requirements,0.0,0.0,0.0,0.0,10036.224000000031,8654.465501386492,1,2,False
sender,6.25,47.0,0.4,0.0075,infeasible,no_communication_case_meets_requirements,0.0,0.0,0.0,0.0,10036.224000000031,8654.465501386492,1,2,False
sender,6.5,47.0,0.4,0.0075,infeasible,no_communication_case_meets_requirements,0.0,0.0,0.0,0.0,10036.224000000031,8654.465501386492,1,2,False
sender,6.75,47.0,0.4,0.0075,infeasible,no_communication_case_meets_requirements,0.0,0.0,0.0,0.0,10036.224000000031,8654.465501386492,1,2,False
sender,7.0,47.0,0.4,0.0075,infeasible,no_communication_case_meets_requirements,0.0,0.0,0.0,0.0,10036.224000000031,8654.465501386492,1,2,False
sender,7.25,47.0,0.4,0.0075,infeasible,no_communication_case_meets_requirements,0.0,0.0,0.0,0.0,10036.224000000031,8654.465501386492,1,2,False
sender,7.5,47.0,0.4,0.0075,infeasible,no_communication_case_meets_requirements,0.0,0.0,0.0,0.0,10036.224000000031,8654.465501386492,1,2,False
sender,7.75,47.0,0.4,0.0075,infeasible,no_communication_case_meets_requirements,0.0,0.0,0.0,0.0,10036.224000000031,8654.465501386492,1,2,False
sender,8.0,47.0,0.4,0.0075,infeasible,no_communication_case_meets_requirements,0.0,0.0,0.0,0.0,10036.224000000031,8654.465501386492,1,2,False
sender,0.0,47.5,0.4,0.0075,feedback,minimum_traffic_feasible,0.5284675285560001,0.5115928239419154,0.024241522903033896,0.006621649577619159,10036.224000000031,8654.465501386492,1,2,False
sender,0.25,47.5,0.4,0.0075,feedback,minimum_traffic_feasible,0.5284675285560001,0.5115928239419154,0.024241522903033896,0.006621649577619159,10036.224000000031,8654.465501386492,1,2,False
sender,0.5,47.5,0.4,0.0075,feedback,minimum_traffic_feasible,0.5284675285560001,0.5115928239419154,0.024241522903033896,0.006621649577619159,10036.224000000031,8654.465501386492,1,2,False
sender,0.75,47.5,0.4,0.0075,feedback,minimum_traffic_feasible,0.5284675285560001,0.5115928239419154,0.024241522903033896,0.006621649577619159,10036.224000000031,8654.465501386492,1,2,False
sender,1.0,47.5,0.4,0.0075,feedback,minimum_traffic_feasible,0.5284675285560001,0.5115928239419154,0.024241522903033896,0.006621649577619159,10036.224000000031,8654.465501386492,1,2,False
sender,1.25,47.5,0.4,0.0075,feedback,minimum_traffic_feasible,0.5284675285560001,0.5115928239419154,0.024241522903033896,0.006621649577619159,10036.224000000031,8654.465501386492,1,2,False
sender,1.5,47.5,0.4,0.0075,feedback,minimum_traffic_feasible,0.5284675285560001,0.5115928239419154,0.024241522903033896,0.006621649577619159,10036.224000000031,8654.465501386492,1,2,False
sender,1.75,47.5,0.4,0.0075,feedback,minimum_traffic_feasible,0.5284675285560001,0.511061665740272,0.024241522903033896,0.006513192094817184,10036.224000000031,8654.465501386492,1,2,False
sender,2.0,47.5,0.4,0.0075,feedback,minimum_traffic_feasible,0.5284675285560001,0.511061665740272,0.024241522903033896,0.006513192094817184,10036.224000000031,8654.465501386492,1,2,False
sender,2.25,47.5,0.4,0.0075,infeasible,no_communication_case_meets_requirements,0.5284675285560001,0.0,0.024241522903033896,0.0,10036.224000000031,8654.465501386492,1,2,False
sender,2.5,47.5,0.4,0.0075,infeasible,no_communication_case_meets_requirements,0.5284675285560001,0.0,0.024241522903033896,0.0,10036.224000000031,8654.465501386492,1,2,False
sender,2.75,47.5,0.4,0.0075,infeasible,no_communication_case_meets_requirements,0.5284675285560001,0.0,0.024241522903033896,0.0,10036.224000000031,8654.465501386492,1,2,False
sender,3.0,47.5,0.4,0.0075,infeasible,no_communication_case_meets_requirements,0.5284675285560001,0.0,0.024241522903033896,0.0,10036.224000000031,8654.465501386492,1,2,False
sender,3.25,47.5,0.4,0.0075,infeasible,no_communication_case_meets_requirements,0.5284675285560001,0.0,0.024241522903033896,0.0,10036.224000000031,8654.465501386492,1,2,False
sender,3.5,47.5,0.4,0.0075,infeasible,no_communication_case_meets_requirements,0.5284675285560001,0.0,0.024241522903033896,0.0,10036.224000000031,8654.465501386492,1,2,False
sender,3.75,47.5,0.4,0.0075,infeasible,no_communication_case_meets_requirements,0.5284675285560001,0.0,0.024241522903033896,0.0,10036.224000000031,8654.465501386492,1,2,False
sender,4.0,47.5,0.4,0.0075,infeasible,no_communication_case_meets_requirements,0.5284675285560001,0.0,0.024241522903033896,0.0,10036.224000000031,8654.465501386492,1,2,False
sender,4.25,47.5,0.4,0.0075,infeasible,no_communication_case_meets_requirements,0.0,0.0,0.0,0.0,10036.224000000031,8654.465501386492,1,2,False
sender,4.5,47.5,0.4,0.0075,infeasible,no_communication_case_meets_requirements,0.0,0.0,0.0,0.0,10036.224000000031,8654.465501386492,1,2,False
sender,4.75,47.5,0.4,0.0075,infeasible,no_communication_case_meets_requirements,0.0,0.0,0.0,0.0,10036.224000000031,8654.465501386492,1,2,False
sender,5.0,47.5,0.4,0.0075,infeasible,no_communication_case_meets_requirements,0.0,0.0,0.0,0.0,10036.224000000031,8654.465501386492,1,2,False
sender,5.25,47.5,0.4,0.0075,infeasible,no_communication_case_meets_requirements,0.0,0.0,0.0,0.0,10036.224000000031,8654.465501386492,1,2,False
sender,5.5,47.5,0.4,0.0075,infeasible,no_communication_case_meets_requirements,0.0,0.0,0.0,0.0,10036.224000000031,8654.465501386492,1,2,False
sender,5.75,47.5,0.4,0.0075,infeasible,no_communication_case_meets_requirements,0.0,0.0,0.0,0.0,10036.224000000031,8654.465501386492,1,2,False
sender,6.0,47.5,0.4,0.0075,infeasible,no_communication_case_meets_requirements,0.0,0.0,0.0,0.0,10036.224000000031,8654.465501386492,1,2,False
sender,6.25,47.5,0.4,0.0075,infeasible,no_communication_case_meets_requirements,0.0,0.0,0.0,0.0,10036.224000000031,8654.465501386492,1,2,False
sender,6.5,47.5,0.4,0.0075,infeasible,no_communication_case_meets_requirements,0.0,0.0,0.0,0.0,10036.224000000031,8654.465501386492,1,2,False
sender,6.75,47.5,0.4,0.0075,infeasible,no_communication_case_meets_requirements,0.0,0.0,0.0,0.0,10036.224000000031,8654.465501386492,1,2,False
sender,7.0,47.5,0.4,0.0075,infeasible,no_communication_case_meets_requirements,0.0,0.0,0.0,0.0,10036.224000000031,8654.465501386492,1,2,False
sender,7.25,47.5,0.4,0.0075,infeasible,no_communication_case_meets_requirements,0.0,0.0,0.0,0.0,10036.224000000031,8654.465501386492,1,2,False
sender,7.5,47.5,0.4,0.0075,infeasible,no_communication_case_meets_requirements,0.0,0.0,0.0,0.0,10036.224000000031,8654.465501386492,1,2,False
sender,7.75,47.5,0.4,0.0075,infeasible,no_communication_case_meets_requirements,0.0,0.0,0.0,0.0,10036.224000000031,8654.465501386492,1,2,False
sender,8.0,47.5,0.4,0.0075,infeasible,no_communication_case_meets_requirements,0.0,0.0,0.0,0.0,10036.224000000031,8654.465501386492,1,2,False
sender,0.0,48.0,0.4,0.0075,feedback,minimum_traffic_feasible,0.5284675285560001,0.5115928239419154,0.024241522903033896,0.006621649577619159,10036.224000000031,8654.465501386492,1,2,False
sender,0.25,48.0,0.4,0.0075,feedback,minimum_traffic_feasible,0.5284675285560001,0.5115928239419154,0.024241522903033896,0.006621649577619159,10036.224000000031,8654.465501386492,1,2,False
sender,0.5,48.0,0.4,0.0075,feedback,minimum_traffic_feasible,0.5284675285560001,0.5115928239419154,0.024241522903033896,0.006621649577619159,10036.224000000031,8654.465501386492,1,2,False
sender,0.75,48.0,0.4,0.0075,feedback,minimum_traffic_feasible,0.5284675285560001,0.5115928239419154,0.024241522903033896,0.006621649577619159,10036.224000000031,8654.465501386492,1,2,False
sender,1.0,48.0,0.4,0.0075,feedback,minimum_traffic_feasible,0.5284675285560001,0.5115928239419154,0.024241522903033896,0.006621649577619159,10036.224000000031,8654.465501386492,1,2,False
sender,1.25,48.0,0.4,0.0075,feedback,minimum_traffic_feasible,0.5284675285560001,0.5115928239419154,0.024241522903033896,0.006621649577619159,10036.224000000031,8654.465501386492,1,2,False
sender,1.5,48.0,0.4,0.0075,feedback,minimum_traffic_feasible,0.5284675285560001,0.5115928239419154,0.024241522903033896,0.006621649577619159,10036.224000000031,8654.465501386492,1,2,False
sender,1.75,48.0,0.4,0.0075,feedback,minimum_traffic_feasible,0.5284675285560001,0.511061665740272,0.024241522903033896,0.006513192094817184,10036.224000000031,8654.465501386492,1,2,False
sender,2.0,48.0,0.4,0.0075,feedback,minimum_traffic_feasible,0.5284675285560001,0.511061665740272,0.024241522903033896,0.006513192094817184,10036.224000000031,8654.465501386492,1,2,False
sender,2.25,48.0,0.4,0.0075,infeasible,no_communication_case_meets_requirements,0.5284675285560001,0.0,0.024241522903033896,0.0,10036.224000000031,8654.465501386492,1,2,False
sender,2.5,48.0,0.4,0.0075,infeasible,no_communication_case_meets_requirements,0.5284675285560001,0.0,0.024241522903033896,0.0,10036.224000000031,8654.465501386492,1,2,False
sender,2.75,48.0,0.4,0.0075,infeasible,no_communication_case_meets_requirements,0.5284675285560001,0.0,0.024241522903033896,0.0,10036.224000000031,8654.465501386492,1,2,False
sender,3.0,48.0,0.4,0.0075,infeasible,no_communication_case_meets_requirements,0.5284675285560001,0.0,0.024241522903033896,0.0,10036.224000000031,8654.465501386492,1,2,False
sender,3.25,48.0,0.4,0.0075,infeasible,no_communication_case_meets_requirements,0.5284675285560001,0.0,0.024241522903033896,0.0,10036.224000000031,8654.465501386492,1,2,False
sender,3.5,48.0,0.4,0.0075,infeasible,no_communication_case_meets_requirements,0.5284675285560001,0.0,0.024241522903033896,0.0,10036.224000000031,8654.465501386492,1,2,False
sender,3.75,48.0,0.4,0.0075,infeasible,no_communication_case_meets_requirements,0.5284675285560001,0.0,0.024241522903033896,0.0,10036.224000000031,8654.465501386492,1,2,False
sender,4.0,48.0,0.4,0.0075,infeasible,no_communication_case_meets_requirements,0.5284675285560001,0.0,0.024241522903033896,0.0,10036.224000000031,8654.465501386492,1,2,False
sender,4.25,48.0,0.4,0.0075,infeasible,no_communication_case_meets_requirements,0.0,0.0,0.0,0.0,10036.224000000031,8654.465501386492,1,2,False
sender,4.5,48.0,0.4,0.0075,infeasible,no_communication_case_meets_requirements,0.0,0.0,0.0,0.0,10036.224000000031,8654.465501386492,1,2,False
sender,4.75,48.0,0.4,0.0075,infeasible,no_communication_case_meets_requirements,0.0,0.0,0.0,0.0,10036.224000000031,8654.465501386492,1,2,False
sender,5.0,48.0,0.4,0.0075,infeasible,no_communication_case_meets_requirements,0.0,0.0,0.0,0.0,10036.224000000031,8654.465501386492,1,2,False
sender,5.25,48.0,0.4,0.0075,infeasible,no_communication_case_meets_requirements,0.0,0.0,0.0,0.0,10036.224000000031,8654.465501386492,1,2,False
sender,5.5,48.0,0.4,0.0075,infeasible,no_communication_case_meets_requirements,0.0,0.0,0.0,0.0,10036.224000000031,8654.465501386492,1,2,False
sender,5.75,48.0,0.4,0.0075,infeasible,no_communication_case_meets_requirements,0.0,0.0,0.0,0.0,10036.224000000031,8654.465501386492,1,2,False
sender,6.0,48.0,0.4,0.0075,infeasible,no_communication_case_meets_requirements,0.0,0.0,0.0,0.0,10036.224000000031,8654.465501386492,1,2,False
sender,6.25,48.0,0.4,0.0075,infeasible,no_communication_case_meets_requirements,0.0,0.0,0.0,0.0,10036.224000000031,8654.465501386492,1,2,False
sender,6.5,48.0,0.4,0.0075,infeasible,no_communication_case_meets_requirements,0.0,0.0,0.0,0.0,10036.224000000031,8654.465501386492,1,2,False
sender,6.75,48.0,0.4,0.0075,infeasible,no_communication_case_meets_requirements,0.0,0.0,0.0,0.0,10036.224000000031,8654.465501386492,1,2,False
sender,7.0,48.0,0.4,0.0075,infeasible,no_communication_case_meets_requirements,0.0,0.0,0.0,0.0,10036.224000000031,8654.465501386492,1,2,False
sender,7.25,48.0,0.4,0.0075,infeasible,no_communication_case_meets_requirements,0.0,0.0,0.0,0.0,10036.224000000031,8654.465501386492,1,2,False
sender,7.5,48.0,0.4,0.0075,infeasible,no_communication_case_meets_requirements,0.0,0.0,0.0,0.0,10036.224000000031,8654.465501386492,1,2,False
sender,7.75,48.0,0.4,0.0075,infeasible,no_communication_case_meets_requirements,0.0,0.0,0.0,0.0,10036.224000000031,8654.465501386492,1,2,False
sender,8.0,48.0,0.4,0.0075,infeasible,no_communication_case_meets_requirements,0.0,0.0,0.0,0.0,10036.224000000031,8654.465501386492,1,2,False
sender,0.0,48.5,0.4,0.0075,feedback,minimum_traffic_feasible,0.5284675285560001,0.5115928239419154,0.024241522903033896,0.006621649577619159,10036.224000000031,8654.465501386492,1,2,False
sender,0.25,48.5,0.4,0.0075,feedback,minimum_traffic_feasible,0.5284675285560001,0.5115928239419154,0.024241522903033896,0.006621649577619159,10036.224000000031,8654.465501386492,1,2,False
sender,0.5,48.5,0.4,0.0075,feedback,minimum_traffic_feasible,0.5284675285560001,0.5115928239419154,0.024241522903033896,0.006621649577619159,10036.224000000031,8654.465501386492,1,2,False
sender,0.75,48.5,0.4,0.0075,feedback,minimum_traffic_feasible,0.5284675285560001,0.5115928239419154,0.024241522903033896,0.006621649577619159,10036.224000000031,8654.465501386492,1,2,False
sender,1.0,48.5,0.4,0.0075,feedback,minimum_traffic_feasible,0.5284675285560001,0.5115928239419154,0.024241522903033896,0.006621649577619159,10036.224000000031,8654.465501386492,1,2,False
sender,1.25,48.5,0.4,0.0075,feedback,minimum_traffic_feasible,0.5284675285560001,0.5115928239419154,0.024241522903033896,0.006621649577619159,10036.224000000031,8654.465501386492,1,2,False
sender,1.5,48.5,0.4,0.0075,feedback,minimum_traffic_feasible,0.5284675285560001,0.5115928239419154,0.024241522903033896,0.006621649577619159,10036.224000000031,8654.465501386492,1,2,False
sender,1.75,48.5,0.4,0.0075,feedback,minimum_traffic_feasible,0.5284675285560001,0.511061665740272,0.024241522903033896,0.006513192094817184,10036.224000000031,8654.465501386492,1,2,False
sender,2.0,48.5,0.4,0.0075,feedback,minimum_traffic_feasible,0.5284675285560001,0.511061665740272,0.024241522903033896,0.006513192094817184,10036.224000000031,8654.465501386492,1,2,False
sender,2.25,48.5,0.4,0.0075,infeasible,no_communication_case_meets_requirements,0.5284675285560001,0.0,0.024241522903033896,0.0,10036.224000000031,8654.465501386492,1,2,False
sender,2.5,48.5,0.4,0.0075,infeasible,no_communication_case_meets_requirements,0.5284675285560001,0.0,0.024241522903033896,0.0,10036.224000000031,8654.465501386492,1,2,False
sender,2.75,48.5,0.4,0.0075,infeasible,no_communication_case_meets_requirements,0.5284675285560001,0.0,0.024241522903033896,0.0,10036.224000000031,8654.465501386492,1,2,False
sender,3.0,48.5,0.4,0.0075,infeasible,no_communication_case_meets_requirements,0.5284675285560001,0.0,0.024241522903033896,0.0,10036.224000000031,8654.465501386492,1,2,False
sender,3.25,48.5,0.4,0.0075,infeasible,no_communication_case_meets_requirements,0.5284675285560001,0.0,0.024241522903033896,0.0,10036.224000000031,8654.465501386492,1,2,False
sender,3.5,48.5,0.4,0.0075,infeasible,no_communication_case_meets_requirements,0.5284675285560001,0.0,0.024241522903033896,0.0,10036.224000000031,8654.465501386492,1,2,False
sender,3.75,48.5,0.4,0.0075,infeasible,no_communication_case_meets_requirements,0.5284675285560001,0.0,0.024241522903033896,0.0,10036.224000000031,8654.465501386492,1,2,False
sender,4.0,48.5,0.4,0.0075,infeasible,no_communication_case_meets_requirements,0.5284675285560001,0.0,0.024241522903033896,0.0,10036.224000000031,8654.465501386492,1,2,False
sender,4.25,48.5,0.4,0.0075,infeasible,no_communication_case_meets_requirements,0.0,0.0,0.0,0.0,10036.224000000031,8654.465501386492,1,2,False
sender,4.5,48.5,0.4,0.0075,infeasible,no_communication_case_meets_requirements,0.0,0.0,0.0,0.0,10036.224000000031,8654.465501386492,1,2,False
sender,4.75,48.5,0.4,0.0075,infeasible,no_communication_case_meets_requirements,0.0,0.0,0.0,0.0,10036.224000000031,8654.465501386492,1,2,False
sender,5.0,48.5,0.4,0.0075,infeasible,no_communication_case_meets_requirements,0.0,0.0,0.0,0.0,10036.224000000031,8654.465501386492,1,2,False
sender,5.25,48.5,0.4,0.0075,infeasible,no_communication_case_meets_requirements,0.0,0.0,0.0,0.0,10036.224000000031,8654.465501386492,1,2,False
sender,5.5,48.5,0.4,0.0075,infeasible,no_communication_case_meets_requirements,0.0,0.0,0.0,0.0,10036.224000000031,8654.465501386492,1,2,False
sender,5.75,48.5,0.4,0.0075,infeasible,no_communication_case_meets_requirements,0.0,0.0,0.0,0.0,10036.224000000031,8654.465501386492,1,2,False
sender,6.0,48.5,0.4,0.0075,infeasible,no_communication_case_meets_requirements,0.0,0.0,0.0,0.0,10036.224000000031,8654.465501386492,1,2,False
sender,6.25,48.5,0.4,0.0075,infeasible,no_communication_case_meets_requirements,0.0,0.0,0.0,0.0,10036.224000000031,8654.465501386492,1,2,False
sender,6.5,48.5,0.4,0.0075,infeasible,no_communication_case_meets_requirements,0.0,0.0,0.0,0.0,10036.224000000031,8654.465501386492,1,2,False
sender,6.75,48.5,0.4,0.0075,infeasible,no_communication_case_meets_requirements,0.0,0.0,0.0,0.0,10036.224000000031,8654.465501386492,1,2,False
sender,7.0,48.5,0.4,0.0075,infeasible,no_communication_case_meets_requirements,0.0,0.0,0.0,0.0,10036.224000000031,8654.465501386492,1,2,False
sender,7.25,48.5,0.4,0.0075,infeasible,no_communication_case_meets_requirements,0.0,0.0,0.0,0.0,10036.224000000031,8654.465501386492,1,2,False
sender,7.5,48.5,0.4,0.0075,infeasible,no_communication_case_meets_requirements,0.0,0.0,0.0,0.0,10036.224000000031,8654.465501386492,1,2,False
sender,7.75,48.5,0.4,0.0075,infeasible,no_communication_case_meets_requirements,0.0,0.0,0.0,0.0,10036.224000000031,8654.465501386492,1,2,False
sender,8.0,48.5,0.4,0.0075,infeasible,no_communication_case_meets_requirements,0.0,0.0,0.0,0.0,10036.224000000031,8654.465501386492,1,2,False
sender,0.0,49.0,0.4,0.0075,feedback,minimum_traffic_feasible,0.5284675285560001,0.5115928239419154,0.024241522903033896,0.006621649577619159,10036.224000000031,8654.465501386492,1,2,False
sender,0.25,49.0,0.4,0.0075,feedback,minimum_traffic_feasible,0.5284675285560001,0.5115928239419154,0.024241522903033896,0.006621649577619159,10036.224000000031,8654.465501386492,1,2,False
sender,0.5,49.0,0.4,0.0075,feedback,minimum_traffic_feasible,0.5284675285560001,0.5115928239419154,0.024241522903033896,0.006621649577619159,10036.224000000031,8654.465501386492,1,2,False
sender,0.75,49.0,0.4,0.0075,feedback,minimum_traffic_feasible,0.5284675285560001,0.5115928239419154,0.024241522903033896,0.006621649577619159,10036.224000000031,8654.465501386492,1,2,False
sender,1.0,49.0,0.4,0.0075,feedback,minimum_traffic_feasible,0.5284675285560001,0.5115928239419154,0.024241522903033896,0.006621649577619159,10036.224000000031,8654.465501386492,1,2,False
sender,1.25,49.0,0.4,0.0075,feedback,minimum_traffic_feasible,0.5284675285560001,0.5115928239419154,0.024241522903033896,0.006621649577619159,10036.224000000031,8654.465501386492,1,2,False
sender,1.5,49.0,0.4,0.0075,feedback,minimum_traffic_feasible,0.5284675285560001,0.5115928239419154,0.024241522903033896,0.006621649577619159,10036.224000000031,8654.465501386492,1,2,False
sender,1.75,49.0,0.4,0.0075,feedback,minimum_traffic_feasible,0.5284675285560001,0.511061665740272,0.024241522903033896,0.006513192094817184,10036.224000000031,8654.465501386492,1,2,False
sender,2.0,49.0,0.4,0.0075,feedback,minimum_traffic_feasible,0.5284675285560001,0.511061665740272,0.024241522903033896,0.006513192094817184,10036.224000000031,8654.465501386492,1,2,False
sender,2.25,49.0,0.4,0.0075,infeasible,no_communication_case_meets_requirements,0.5284675285560001,0.0,0.024241522903033896,0.0,10036.224000000031,8654.465501386492,1,2,False
sender,2.5,49.0,0.4,0.0075,infeasible,no_communication_case_meets_requirements,0.5284675285560001,0.0,0.024241522903033896,0.0,10036.224000000031,8654.465501386492,1,2,False
sender,2.75,49.0,0.4,0.0075,infeasible,no_communication_case_meets_requirements,0.5284675285560001,0.0,0.024241522903033896,0.0,10036.224000000031,8654.465501386492,1,2,False
sender,3.0,49.0,0.4,0.0075,infeasible,no_communication_case_meets_requirements,0.5284675285560001,0.0,0.024241522903033896,0.0,10036.224000000031,8654.465501386492,1,2,False
sender,3.25,49.0,0.4,0.0075,infeasible,no_communication_case_meets_requirements,0.5284675285560001,0.0,0.024241522903033896,0.0,10036.224000000031,8654.465501386492,1,2,False
sender,3.5,49.0,0.4,0.0075,infeasible,no_communication_case_meets_requirements,0.5284675285560001,0.0,0.024241522903033896,0.0,10036.224000000031,8654.465501386492,1,2,False
sender,3.75,49.0,0.4,0.0075,infeasible,no_communication_case_meets_requirements,0.5284675285560001,0.0,0.024241522903033896,0.0,10036.224000000031,8654.465501386492,1,2,False
sender,4.0,49.0,0.4,0.0075,infeasible,no_communication_case_meets_requirements,0.5284675285560001,0.0,0.024241522903033896,0.0,10036.224000000031,8654.465501386492,1,2,False
sender,4.25,49.0,0.4,0.0075,infeasible,no_communication_case_meets_requirements,0.0,0.0,0.0,0.0,10036.224000000031,8654.465501386492,1,2,False
sender,4.5,49.0,0.4,0.0075,infeasible,no_communication_case_meets_requirements,0.0,0.0,0.0,0.0,10036.224000000031,8654.465501386492,1,2,False
sender,4.75,49.0,0.4,0.0075,infeasible,no_communication_case_meets_requirements,0.0,0.0,0.0,0.0,10036.224000000031,8654.465501386492,1,2,False
sender,5.0,49.0,0.4,0.0075,infeasible,no_communication_case_meets_requirements,0.0,0.0,0.0,0.0,10036.224000000031,8654.465501386492,1,2,False
sender,5.25,49.0,0.4,0.0075,infeasible,no_communication_case_meets_requirements,0.0,0.0,0.0,0.0,10036.224000000031,8654.465501386492,1,2,False
sender,5.5,49.0,0.4,0.0075,infeasible,no_communication_case_meets_requirements,0.0,0.0,0.0,0.0,10036.224000000031,8654.465501386492,1,2,False
sender,5.75,49.0,0.4,0.0075,infeasible,no_communication_case_meets_requirements,0.0,0.0,0.0,0.0,10036.224000000031,8654.465501386492,1,2,False
sender,6.0,49.0,0.4,0.0075,infeasible,no_communication_case_meets_requirements,0.0,0.0,0.0,0.0,10036.224000000031,8654.465501386492,1,2,False
sender,6.25,49.0,0.4,0.0075,infeasible,no_communication_case_meets_requirements,0.0,0.0,0.0,0.0,10036.224000000031,8654.465501386492,1,2,False
sender,6.5,49.0,0.4,0.0075,infeasible,no_communication_case_meets_requirements,0.0,0.0,0.0,0.0,10036.224000000031,8654.465501386492,1,2,False
sender,6.75,49.0,0.4,0.0075,infeasible,no_communication_case_meets_requirements,0.0,0.0,0.0,0.0,10036.224000000031,8654.465501386492,1,2,False
sender,7.0,49.0,0.4,0.0075,infeasible,no_communication_case_meets_requirements,0.0,0.0,0.0,0.0,10036.224000000031,8654.465501386492,1,2,False
sender,7.25,49.0,0.4,0.0075,infeasible,no_communication_case_meets_requirements,0.0,0.0,0.0,0.0,10036.224000000031,8654.465501386492,1,2,False
sender,7.5,49.0,0.4,0.0075,infeasible,no_communication_case_meets_requirements,0.0,0.0,0.0,0.0,10036.224000000031,8654.465501386492,1,2,False
sender,7.75,49.0,0.4,0.0075,infeasible,no_communication_case_meets_requirements,0.0,0.0,0.0,0.0,10036.224000000031,8654.465501386492,1,2,False
sender,8.0,49.0,0.4,0.0075,infeasible,no_communication_case_meets_requirements,0.0,0.0,0.0,0.0,10036.224000000031,8654.465501386492,1,2,False
sender,0.0,49.5,0.4,0.0075,feedback,minimum_traffic_feasible,0.5284675285560001,0.5115928239419154,0.024241522903033896,0.006621649577619159,10036.224000000031,8654.465501386492,1,2,False
sender,0.25,49.5,0.4,0.0075,feedback,minimum_traffic_feasible,0.5284675285560001,0.5115928239419154,0.024241522903033896,0.006621649577619159,10036.224000000031,8654.465501386492,1,2,False
sender,0.5,49.5,0.4,0.0075,feedback,minimum_traffic_feasible,0.5284675285560001,0.5115928239419154,0.024241522903033896,0.006621649577619159,10036.224000000031,8654.465501386492,1,2,False
sender,0.75,49.5,0.4,0.0075,feedback,minimum_traffic_feasible,0.5284675285560001,0.5115928239419154,0.024241522903033896,0.006621649577619159,10036.224000000031,8654.465501386492,1,2,False
sender,1.0,49.5,0.4,0.0075,feedback,minimum_traffic_feasible,0.5284675285560001,0.5115928239419154,0.024241522903033896,0.006621649577619159,10036.224000000031,8654.465501386492,1,2,False
sender,1.25,49.5,0.4,0.0075,feedback,minimum_traffic_feasible,0.5284675285560001,0.5115928239419154,0.024241522903033896,0.006621649577619159,10036.224000000031,8654.465501386492,1,2,False
sender,1.5,49.5,0.4,0.0075,feedback,minimum_traffic_feasible,0.5284675285560001,0.5115928239419154,0.024241522903033896,0.006621649577619159,10036.224000000031,8654.465501386492,1,2,False
sender,1.75,49.5,0.4,0.0075,feedback,minimum_traffic_feasible,0.5284675285560001,0.511061665740272,0.024241522903033896,0.006513192094817184,10036.224000000031,8654.465501386492,1,2,False
sender,2.0,49.5,0.4,0.0075,feedback,minimum_traffic_feasible,0.5284675285560001,0.511061665740272,0.024241522903033896,0.006513192094817184,10036.224000000031,8654.465501386492,1,2,False
sender,2.25,49.5,0.4,0.0075,infeasible,no_communication_case_meets_requirements,0.5284675285560001,0.0,0.024241522903033896,0.0,10036.224000000031,8654.465501386492,1,2,False
sender,2.5,49.5,0.4,0.0075,infeasible,no_communication_case_meets_requirements,0.5284675285560001,0.0,0.024241522903033896,0.0,10036.224000000031,8654.465501386492,1,2,False
sender,2.75,49.5,0.4,0.0075,infeasible,no_communication_case_meets_requirements,0.5284675285560001,0.0,0.024241522903033896,0.0,10036.224000000031,8654.465501386492,1,2,False
sender,3.0,49.5,0.4,0.0075,infeasible,no_communication_case_meets_requirements,0.5284675285560001,0.0,0.024241522903033896,0.0,10036.224000000031,8654.465501386492,1,2,False
sender,3.25,49.5,0.4,0.0075,infeasible,no_communication_case_meets_requirements,0.5284675285560001,0.0,0.024241522903033896,0.0,10036.224000000031,8654.465501386492,1,2,False
sender,3.5,49.5,0.4,0.0075,infeasible,no_communication_case_meets_requirements,0.5284675285560001,0.0,0.024241522903033896,0.0,10036.224000000031,8654.465501386492,1,2,False
sender,3.75,49.5,0.4,0.0075,infeasible,no_communication_case_meets_requirements,0.5284675285560001,0.0,0.024241522903033896,0.0,10036.224000000031,8654.465501386492,1,2,False
sender,4.0,49.5,0.4,0.0075,infeasible,no_communication_case_meets_requirements,0.5284675285560001,0.0,0.024241522903033896,0.0,10036.224000000031,8654.465501386492,1,2,False
sender,4.25,49.5,0.4,0.0075,infeasible,no_communication_case_meets_requirements,0.0,0.0,0.0,0.0,10036.224000000031,8654.465501386492,1,2,False
sender,4.5,49.5,0.4,0.0075,infeasible,no_communication_case_meets_requirements,0.0,0.0,0.0,0.0,10036.224000000031,8654.465501386492,1,2,False
sender,4.75,49.5,0.4,0.0075,infeasible,no_communication_case_meets_requirements,0.0,0.0,0.0,0.0,10036.224000000031,8654.465501386492,1,2,False
sender,5.0,49.5,0.4,0.0075,infeasible,no_communication_case_meets_requirements,0.0,0.0,0.0,0.0,10036.224000000031,8654.465501386492,1,2,False
sender,5.25,49.5,0.4,0.0075,infeasible,no_communication_case_meets_requirements,0.0,0.0,0.0,0.0,10036.224000000031,8654.465501386492,1,2,False
sender,5.5,49.5,0.4,0.0075,infeasible,no_communication_case_meets_requirements,0.0,0.0,0.0,0.0,10036.224000000031,8654.465501386492,1,2,False
sender,5.75,49.5,0.4,0.0075,infeasible,no_communication_case_meets_requirements,0.0,0.0,0.0,0.0,10036.224000000031,8654.465501386492,1,2,False
sender,6.0,49.5,0.4,0.0075,infeasible,no_communication_case_meets_requirements,0.0,0.0,0.0,0.0,10036.224000000031,8654.465501386492,1,2,False
sender,6.25,49.5,0.4,0.0075,infeasible,no_communication_case_meets_requirements,0.0,0.0,0.0,0.0,10036.224000000031,8654.465501386492,1,2,False
sender,6.5,49.5,0.4,0.0075,infeasible,no_communication_case_meets_requirements,0.0,0.0,0.0,0.0,10036.224000000031,8654.465501386492,1,2,False
sender,6.75,49.5,0.4,0.0075,infeasible,no_communication_case_meets_requirements,0.0,0.0,0.0,0.0,10036.224000000031,8654.465501386492,1,2,False
sender,7.0,49.5,0.4,0.0075,infeasible,no_communication_case_meets_requirements,0.0,0.0,0.0,0.0,10036.224000000031,8654.465501386492,1,2,False
sender,7.25,49.5,0.4,0.0075,infeasible,no_communication_case_meets_requirements,0.0,0.0,0.0,0.0,10036.224000000031,8654.465501386492,1,2,False
sender,7.5,49.5,0.4,0.0075,infeasible,no_communication_case_meets_requirements,0.0,0.0,0.0,0.0,10036.224000000031,8654.465501386492,1,2,False
sender,7.75,49.5,0.4,0.0075,infeasible,no_communication_case_meets_requirements,0.0,0.0,0.0,0.0,10036.224000000031,8654.465501386492,1,2,False
sender,8.0,49.5,0.4,0.0075,infeasible,no_communication_case_meets_requirements,0.0,0.0,0.0,0.0,10036.224000000031,8654.465501386492,1,2,False
sender,0.0,50.0,0.4,0.0075,feedback,minimum_traffic_feasible,0.5284675285560001,0.5115928239419154,0.024241522903033896,0.006621649577619159,10036.224000000031,8654.465501386492,1,2,False
sender,0.25,50.0,0.4,0.0075,feedback,minimum_traffic_feasible,0.5284675285560001,0.5115928239419154,0.024241522903033896,0.006621649577619159,10036.224000000031,8654.465501386492,1,2,False
sender,0.5,50.0,0.4,0.0075,feedback,minimum_traffic_feasible,0.5284675285560001,0.5115928239419154,0.024241522903033896,0.006621649577619159,10036.224000000031,8654.465501386492,1,2,False
sender,0.75,50.0,0.4,0.0075,feedback,minimum_traffic_feasible,0.5284675285560001,0.5115928239419154,0.024241522903033896,0.006621649577619159,10036.224000000031,8654.465501386492,1,2,False
sender,1.0,50.0,0.4,0.0075,feedback,minimum_traffic_feasible,0.5284675285560001,0.5115928239419154,0.024241522903033896,0.006621649577619159,10036.224000000031,8654.465501386492,1,2,False
sender,1.25,50.0,0.4,0.0075,feedback,minimum_traffic_feasible,0.5284675285560001,0.5115928239419154,0.024241522903033896,0.006621649577619159,10036.224000000031,8654.465501386492,1,2,False
sender,1.5,50.0,0.4,0.0075,feedback,minimum_traffic_feasible,0.5284675285560001,0.5115928239419154,0.024241522903033896,0.006621649577619159,10036.224000000031,8654.465501386492,1,2,False
sender,1.75,50.0,0.4,0.0075,feedback,minimum_traffic_feasible,0.5284675285560001,0.511061665740272,0.024241522903033896,0.006513192094817184,10036.224000000031,8654.465501386492,1,2,False
sender,2.0,50.0,0.4,0.0075,feedback,minimum_traffic_feasible,0.5284675285560001,0.511061665740272,0.024241522903033896,0.006513192094817184,10036.224000000031,8654.465501386492,1,2,False
sender,2.25,50.0,0.4,0.0075,infeasible,no_communication_case_meets_requirements,0.5284675285560001,0.0,0.024241522903033896,0.0,10036.224000000031,8654.465501386492,1,2,False
sender,2.5,50.0,0.4,0.0075,infeasible,no_communication_case_meets_requirements,0.5284675285560001,0.0,0.024241522903033896,0.0,10036.224000000031,8654.465501386492,1,2,False
sender,2.75,50.0,0.4,0.0075,infeasible,no_communication_case_meets_requirements,0.5284675285560001,0.0,0.024241522903033896,0.0,10036.224000000031,8654.465501386492,1,2,False
sender,3.0,50.0,0.4,0.0075,infeasible,no_communication_case_meets_requirements,0.5284675285560001,0.0,0.024241522903033896,0.0,10036.224000000031,8654.465501386492,1,2,False
sender,3.25,50.0,0.4,0.0075,infeasible,no_communication_case_meets_requirements,0.5284675285560001,0.0,0.024241522903033896,0.0,10036.224000000031,8654.465501386492,1,2,False
sender,3.5,50.0,0.4,0.0075,infeasible,no_communication_case_meets_requirements,0.5284675285560001,0.0,0.024241522903033896,0.0,10036.224000000031,8654.465501386492,1,2,False
sender,3.75,50.0,0.4,0.0075,infeasible,no_communication_case_meets_requirements,0.5284675285560001,0.0,0.024241522903033896,0.0,10036.224000000031,8654.465501386492,1,2,False
sender,4.0,50.0,0.4,0.0075,infeasible,no_communication_case_meets_requirements,0.5284675285560001,0.0,0.024241522903033896,0.0,10036.224000000031,8654.465501386492,1,2,False
sender,4.25,50.0,0.4,0.0075,infeasible,no_communication_case_meets_requirements,0.0,0.0,0.0,0.0,10036.224000000031,8654.465501386492,1,2,False
sender,4.5,50.0,0.4,0.0075,infeasible,no_communication_case_meets_requirements,0.0,0.0,0.0,0.0,10036.224000000031,8654.465501386492,1,2,False
sender,4.75,50.0,0.4,0.0075,infeasible,no_communication_case_meets_requirements,0.0,0.0,0.0,0.0,10036.224000000031,8654.465501386492,1,2,False
sender,5.0,50.0,0.4,0.0075,infeasible,no_communication_case_meets_requirements,0.0,0.0,0.0,0.0,10036.224000000031,8654.465501386492,1,2,False
sender,5.25,50.0,0.4,0.0075,infeasible,no_communication_case_meets_requirements,0.0,0.0,0.0,0.0,10036.224000000031,8654.465501386492,1,2,False
sender,5.5,50.0,0.4,0.0075,infeasible,no_communication_case_meets_requirements,0.0,0.0,0.0,0.0,10036.224000000031,8654.465501386492,1,2,False
sender,5.75,50.0,0.4,0.0075,infeasible,no_communication_case_meets_requirements,0.0,0.0,0.0,0.0,10036.224000000031,8654.465501386492,1,2,False
sender,6.0,50.0,0.4,0.0075,infeasible,no_communication_case_meets_requirements,0.0,0.0,0.0,0.0,10036.224000000031,8654.465501386492,1,2,False
sender,6.25,50.0,0.4,0.0075,infeasible,no_communication_case_meets_requirements,0.0,0.0,0.0,0.0,10036.224000000031,8654.465501386492,1,2,False
sender,6.5,50.0,0.4,0.0075,infeasible,no_communication_case_meets_requirements,0.0,0.0,0.0,0.0,10036.224000000031,8654.465501386492,1,2,False
sender,6.75,50.0,0.4,0.0075,infeasible,no_communication_case_meets_requirements,0.0,0.0,0.0,0.0,10036.224000000031,8654.465501386492,1,2,False
sender,7.0,50.0,0.4,0.0075,infeasible,no_communication_case_meets_requirements,0.0,0.0,0.0,0.0,10036.224000000031,8654.465501386492,1,2,False
sender,7.25,50.0,0.4,0.0075,infeasible,no_communication_case_meets_requirements,0.0,0.0,0.0,0.0,10036.224000000031,8654.465501386492,1,2,False
sender,7.5,50.0,0.4,0.0075,infeasible,no_communication_case_meets_requirements,0.0,0.0,0.0,0.0,10036.224000000031,8654.465501386492,1,2,False
sender,7.75,50.0,0.4,0.0075,infeasible,no_communication_case_meets_requirements,0.0,0.0,0.0,0.0,10036.224000000031,8654.465501386492,1,2,False
sender,8.0,50.0,0.4,0.0075,infeasible,no_communication_case_meets_requirements,0.0,0.0,0.0,0.0,10036.224000000031,8654.465501386492,1,2,False
receiver,0.0,10.0,0.4,0.0075,feedback,minimum_traffic_feasible,0.0037510955469110237,0.42333627978502897,0.024241522903033906,0.004763645807870683,10036.224000000031,3394.125253094383,1,2,False
receiver,0.25,10.0,0.4,0.0075,infeasible,no_communication_case_meets_requirements,0.0,0.0,0.0,0.0,10036.224000000031,3394.125253094383,1,2,False
receiver,0.5,10.0,0.4,0.0075,infeasible,no_communication_case_meets_requirements,0.0,0.0,0.0,0.0,10036.224000000031,3394.125253094383,1,2,False
receiver,0.75,10.0,0.4,0.0075,infeasible,no_communication_case_meets_requirements,0.0,0.0,0.0,0.0,10036.224000000031,3394.125253094383,1,2,False
receiver,1.0,10.0,0.4,0.0075,infeasible,no_communication_case_meets_requirements,0.0,0.0,0.0,0.0,10036.224000000031,3394.125253094383,1,2,False
receiver,1.25,10.0,0.4,0.0075,infeasible,no_communication_case_meets_requirements,0.0,0.0,0.0,0.0,10036.224000000031,3394.125253094383,1,2,False
receiver,1.5,10.0,0.4,0.0075,infeasible,no_communication_case_meets_requirements,0.0,0.0,0.0,0.0,10036.224000000031,3394.125253094383,1,2,False
receiver,1.75,10.0,0.4,0.0075,infeasible,no_communication_case_meets_requirements,0.0,0.0,0.0,0.0,10036.224000000031,3394.125253094383,1,2,False
receiver,2.0,10.0,0.4,0.0075,infeasible,no_communication_case_meets_requirements,0.0,0.0,0.0,0.0,10036.224000000031,3394.125253094383,1,2,False
receiver,2.25,10.0,0.4,0.0075,infeasible,no_communication_case_meets_requirements,0.0,0.0,0.0,0.0,10036.224000000031,3394.125253094383,1,2,False
receiver,2.5,10.0,0.4,0.0075,infeasible,no_communication_case_meets_requirements,0.0,0.0,0.0,0.0,10036.224000000031,3394.125253094383,1,2,False
receiver,2.75,10.0,0.4,0.0075,infeasible,no_communication_case_meets_requirements,0.0,0.0,0.0,0.0,10036.224000000031,3394.125253094383,1,2,False
receiver,3.0,10.0,0.4,0.0075,infeasible,no_communication_case_meets_requirements,0.0,0.0,0.0,0.0,10036.224000000031,3394.125253094383,1,2,False
receiver,3.25,10.0,0.4,0.0075,infeasible,no_communication_case_meets_requirements,0.0,0.0,0.0,0.0,10036.224000000031,3394.125253094383,1,2,False
receiver,3.5,10.0,0.4,0.0075,infeasible,no_communication_case_meets_requirements,0.0,0.0,0.0,0.0,10036.224000000031,3394.125253094383,1,2,False
receiver,3.75,10.0,0.4,0.0075,infeasible,no_communication_case_meets_requirements,0.0,0.0,0.0,0.0,10036.224000000031,3394.125253094383,1,2,False
receiver,4.0,10.0,0.4,0.0075,infeasible,no_communication_case_meets_requirements,0.0,0.0,0.0,0.0,10036.224000000031,3394.125253094383,1,2,False
receiver,4.25,10.0,0.4,0.0075,infeasible,no_communication_case_meets_requirements,0.0,0.0,0.0,0.0,10036.224000000031,3394.125253094383,1,2,False
receiver,4.5,10.0,0.4,0.0075,infeasible,no_communication_case_meets_requirements,0.0,0.0,0.0,0.0,10036.224000000031,3394.125253094383,1,2,False
receiver,4.75,10.0,0.4,0.0075,infeasible,no_communication_case_meets_requirements,0.0,0.0,0.0,0.0,10036.224000000031,3394.125253094383,1,2,False
receiver,5.0,10.0,0.4,0.0075,infeasible,no_communication_case_meets_requirements,0.0,0.0,0.0,0.0,10036.224000000031,3394.125253094383,1,2,False
receiver,5.25,10.0,0.4,0.0075,infeasible,no_communication_case_meets_requirements,0.0,0.0,0.0,0.0,10036.224000000031,3394.125253094383,1,2,False
receiver,5.5,10.0,0.4,0.0075,infeasible,no_communication_case_meets_requirements,0.0,0.0,0.0,0.0,10036.224000000031,3394.125253094383,1,2,False
receiver,5.75,10.0,0.4,0.0075,infeasible,no_communication_case_meets_requirements,0.0,0.0,0.0,0.0,10036.224000000031,3394.125253094383,1,2,False
receiver,6.0,10.0,0.4,0.0075,infeasible,no_communication_case_meets_requirements,0.0,0.0,0.0,0.0,10036.224000000031,3394.125253094383,1,2,False
receiver,6.25,10.0,0.4,0.0075,infeasible,no_communication_case_meets_requirements,0.0,0.0,0.0,0.0,10036.224000000031,3394.125253094383,1,2,False
receiver,6.5,10.0,0.4,0.0075,infeasible,no_communication_case_meets_requirements,0.0,0.0,0.0,0.0,10036.224000000031,3394.125253094383,1,2,False
receiver,6.75,10.0,0.4,0.0075,infeasible,no_communication_case_meets_requirements,0.0,0.0,0.0,0.0,10036.224000000031,3394.125253094383,1,2,False
receiver,7.0,10.0,0.4,0.0075,infeasible,no_communication_case_meets_requirements,0.0,0.0,0.0,0.0,10036.224000000031,3394.125253094383,1,2,False
receiver,7.25,10.0,0.4,0.0075,infeasible,no_communication_case_meets_requirements,0.0,0.0,0.0,0.0,10036.224000000031,3394.125253094383,1,2,False
receiver,7.5,10.0,0.4,0.0075,infeasible,no_communication_case_meets_requirements,0.0,0.0,0.0,0.0,10036.224000000031,3394.125253094383,1,2,False
receiver,7.75,10.0,0.4,0.0075,infeasible,no_communication_case_meets_requirements,0.0,0.0,0.0,0.0,10036.224000000031,3394.125253094383,1,2,False
receiver,8.0,10.0,0.4,0.0075,infeasible,no_communication_case_meets_requirements,0.0,0.0,0.0,0.0,10036.224000000031,3394.125253094383,1,2,False
receiver,0.0,10.5,0.4,0.0075,feedback,minimum_traffic_feasible,0.04379947697890785,0.46338466121702576,0.015379870979270549,0.005609426354281838,10036.224000000031,3394.125253094383,1,2,False
receiver,0.25,10.5,0.4,0.0075,feedback,minimum_traffic_feasible,0.04379947697890785,0.42333627978502897,0.015379870979270549,0.004763645807870683,10036.224000000031,3394.125253094383,1,2,False
receiver,0.5,10.5,0.4,0.0075,infeasible,no_communication_case_meets_requirements,0.0037510955469110237,0.0,0.024241522903033906,0.0,10036.224000000031,3394.125253094383,1,2,False
receiver,0.75,10.5,0.4,0.0075,infeasible,no_communication_case_meets_requirements,0.0,0.0,0.0,0.0,10036.224000000031,3394.125253094383,1,2,False
receiver,1.0,10.5,0.4,0.0075,infeasible,no_communication_case_meets_requirements,0.0,0.0,0.0,0.0,10036.224000000031,3394.125253094383,1,2,False
receiver,1.25,10.5,0.4,0.0075,infeasible,no_communication_case_meets_requirements,0.0,0.0,0.0,0.0,10036.224000000031,3394.125253094383,1,2,False
receiver,1.5,10.5,0.4,0.0075,infeasible,no_communication_case_meets_requirements,0.0,0.0,0.0,0.0,10036.224000000031,3394.125253094383,1,2,False
receiver,1.75,10.5,0.4,0.0075,infeasible,no_communication_case_meets_requirements,0.0,0.0,0.0,0.0,10036.224000000031,3394.125253094383,1,2,False
receiver,2.0,10.5,0.4,0.0075,infeasible,no_communication_case_meets_requirements,0.0,0.0,0.0,0.0,10036.224000000031,3394.125253094383,1,2,False
receiver,2.25,10.5,0.4,0.0075,infeasible,no_communication_case_meets_requirements,0.0,0.0,0.0,0.0,10036.224000000031,3394.125253094383,1,2,False
receiver,2.5,10.5,0.4,0.0075,infeasible,no_communication_case_meets_requirements,0.0,0.0,0.0,0.0,10036.224000000031,3394.125253094383,1,2,False
receiver,2.75,10.5,0.4,0.0075,infeasible,no_communication_case_meets_requirements,0.0,0.0,0.0,0.0,10036.224000000031,3394.125253094383,1,2,False
receiver,3.0,10.5,0.4,0.0075,infeasible,no_communication_case_meets_requirements,0.0,0.0,0.0,0.0,10036.224000000031,3394.125253094383,1,2,False
receiver,3.25,10.5,0.4,0.0075,infeasible,no_communication_case_meets_requirements,0.0,0.0,0.0,0.0,10036.224000000031,3394.125253094383,1,2,False
receiver,3.5,10.5,0.4,0.0075,infeasible,no_communication_case_meets_requirements,0.0,0.0,0.0,0.0,10036.224000000031,3394.125253094383,1,2,False
receiver,3.75,10.5,0.4,0.0075,infeasible,no_communication_case_meets_requirements,0.0,0.0,0.0,0.0,10036.224000000031,3394.125253094383,1,2,False
receiver,4.0,10.5,0.4,0.0075,infeasible,no_communication_case_meets_requirements,0.0,0.0,0.0,0.0,10036.224000000031,3394.125253094383,1,2,False
receiver,4.25,10.5,0.4,0.0075,infeasible,no_communication_case_meets_requirements,0.0,0.0,0.0,0.0,10036.224000000031,3394.125253094383,1,2,False
receiver,4.5,10.5,0.4,0.0075,infeasible,no_communication_case_meets_requirements,0.0,0.0,0.0,0.0,10036.224000000031,3394.125253094383,1,2,False
receiver,4.75,10.5,0.4,0.0075,infeasible,no_communication_case_meets_requirements,0.0,0.0,0.0,0.0,10036.224000000031,3394.125253094383,1,2,False
receiver,5.0,10.5,0.4,0.0075,infeasible,no_communication_case_meets_requirements,0.0,0.0,0.0,0.0,10036.224000000031,3394.125253094383,1,2,False
receiver,5.25,10.5,0.4,0.0075,infeasible,no_communication_case_meets_requirements,0.0,0.0,0.0,0.0,10036.224000000031,3394.125253094383,1,2,False
receiver,5.5,10.5,0.4,0.0075,infeasible,no_communication_case_meets_requirements,0.0,0.0,0.0,0.0,10036.224000000031,3394.125253094383,1,2,False
receiver,5.75,10.5,0.4,0.0075,infeasible,no_communication_case_meets_requirements,0.0,0.0,0.0,0.0,10036.224000000031,3394.125253094383,1,2,False
receiver,6.0,10.5,0.4,0.0075,infeasible,no_communication_case_meets_requirements,0.0,0.0,0.0,0.0,10036.224000000031,3394.125253094383,1,2,False
receiver,6.25,10.5,0.4,0.0075,infeasible,no_communication_case_meets_requirements,0.0,0.0,0.0,0.0,10036.224000000031,3394.125253094383,1,2,False
receiver,6.5,10.5,0.4,0.0075,infeasible,no_communication_case_meets_requirements,0.0,0.0,0.0,0.0,10036.224000000031,3394.125253094383,1,2,False
receiver,6.75,10.5,0.4,0.0075,infeasible,no_communication_case_meets_requirements,0.0,0.0,0.0,0.0,10036.224000000031,3394.125253094383,1,2,False
receiver,7.0,10.5,0.4,0.0075,infeasible,no_communication_case_meets_requirements,0.0,0.0,0.0,0.0,10036.224000000031,3394.125253094383,1,2,False
receiver,7.25,10.5,0.4,0.0075,infeasible,no_communication_case_meets_requirements,0.0,0.0,0.0,0.0,10036.224000000031,3394.125253094383,1,2,False
receiver,7.5,10.5,0.4,0.0075,infeasible,no_communication_case_meets_requirements,0.0,0.0,0.0,0.0,10036.224000000031,3394.125253094383,1,2,False
receiver,7.75,10.5,0.4,0.0075,infeasible,no_communication_case_meets_requirements,0.0,0.0,0.0,0.0,10036.224000000031,3394.125253094383,1,2,False
receiver,8.0,10.5,0.4,0.0075,infeasible,no_communication_case_meets_requirements,0.0,0.0,0.0,0.0,10036.224000000031,3394.125253094383,1,2,False
receiver,0.0,11.0,0.4,0.0075,feedback,minimum_traffic_feasible,0.511422372380157,0.511422372380157,0.006437739227085344,0.006437739227085344,10036.224000000031,3394.125253094383,1,2,False
receiver,0.25,11.0,0.4,0.0075,feedback,minimum_traffic_feasible,0.04379947697890785,0.46338466121702576,0.015379870979270549,0.005609426354281838,10036.224000000031,3394.125253094383,1,2,False
receiver,0.5,11.0,0.4,0.0075,feedback,minimum_traffic_feasible,0.04379947697890785,0.42333627978502897,0.015379870979270549,0.004763645807870683,10036.224000000031,3394.125253094383,1,2,False
receiver,0.75,11.0,0.4,0.0075,infeasible,no_communication_case_meets_requirements,0.04379947697890785,0.0,0.015379870979270549,0.0,10036.224000000031,3394.125253094383,1,2,False
receiver,1.0,11.0,0.4,0.0075,infeasible,no_communication_case_meets_requirements,0.0037510955469110237,0.0,0.024241522903033906,0.0,10036.224000000031,3394.125253094383,1,2,False
receiver,1.25,11.0,0.4,0.0075,infeasible,no_communication_case_meets_requirements,0.0,0.0,0.0,0.0,10036.224000000031,3394.125253094383,1,2,False
receiver,1.5,11.0,0.4,0.0075,infeasible,no_communication_case_meets_requirements,0.0,0.0,0.0,0.0,10036.224000000031,3394.125253094383,1,2,False
receiver,1.75,11.0,0.4,0.0075,infeasible,no_communication_case_meets_requirements,0.0,0.0,0.0,0.0,10036.224000000031,3394.125253094383,1,2,False
receiver,2.0,11.0,0.4,0.0075,infeasible,no_communication_case_meets_requirements,0.0,0.0,0.0,0.0,10036.224000000031,3394.125253094383,1,2,False
receiver,2.25,11.0,0.4,0.0075,infeasible,no_communication_case_meets_requirements,0.0,0.0,0.0,0.0,10036.224000000031,3394.125253094383,1,2,False
receiver,2.5,11.0,0.4,0.0075,infeasible,no_communication_case_meets_requirements,0.0,0.0,0.0,0.0,10036.224000000031,3394.125253094383,1,2,False
receiver,2.75,11.0,0.4,0.0075,infeasible,no_communication_case_meets_requirements,0.0,0.0,0.0,0.0,10036.224000000031,3394.125253094383,1,2,False
receiver,3.0,11.0,0.4,0.0075,infeasible,no_communication_case_meets_requirements,0.0,0.0,0.0,0.0,10036.224000000031,3394.125253094383,1,2,False
receiver,3.25,11.0,0.4,0.0075,infeasible,no_communication_case_meets_requirements,0.0,0.0,0.0,0.0,10036.224000000031,3394.125253094383,1,2,False
receiver,3.5,11.0,0.4,0.0075,infeasible,no_communication_case_meets_requirements,0.0,0.0,0.0,0.0,10036.224000000031,3394.125253094383,1,2,False
receiver,3.75,11.0,0.4,0.0075,infeasible,no_communication_case_meets_requirements,0.0,0.0,0.0,0.0,10036.224000000031,3394.125253094383,1,2,False
receiver,4.0,11.0,0.4,0.0075,infeasible,no_communication_case_meets_requirements,0.0,0.0,0.0,0.0,10036.224000000031,3394.125253094383,1,2,False
receiver,4.25,11.0,0.4,0.0075,infeasible,no_communication_case_meets_requirements,0.0,0.0,0.0,0.0,10036.224000000031,3394.125253094383,1,2,False
receiver,4.5,11.0,0.4,0.0075,infeasible,no_communication_case_meets_requirements,0.0,0.0,0.0,0.0,10036.224000000031,3394.125253094383,1,2,False
receiver,4.75,11.0,0.4,0.0075,infeasible,no_communication_case_meets_requirements,0.0,0.0,0.0,0.0,10036.224000000031,3394.125253094383,1,2,False
receiver,5.0,11.0,0.4,0.0075,infeasible,no_communication_case_meets_requirements,0.0,0.0,0.0,0.0,10036.224000000031,3394.125253094383,1,2,False
receiver,5.25,11.0,0.4,0.0075,infeasible,no_communication_case_meets_requirements,0.0,0.0,0.0,0.0,10036.224000000031,3394.125253094383,1,2,False
receiver,5.5,11.0,0.4,0.0075,infeasible,no_communication_case_meets_requirements,0.0,0.0,0.0,0.0,10036.224000000031,3394.125253094383,1,2,False
receiver,5.75,11.0,0.4,0.0075,infeasible,no_communication_case_meets_requirements,0.0,0.0,0.0,0.0,10036.224000000031,3394.125253094383,1,2,False
receiver,6.0,11.0,0.4,0.0075,infeasible,no_communication_case_meets_requirements,0.0,0.0,0.0,0.0,10036.224000000031,3394.125253094383,1,2,False
receiver,6.25,11.0,0.4,0.0075,infeasible,no_communication_case_meets_requirements,0.0,0.0,0.0,0.0,10036.224000000031,3394.125253094383,1,2,False
receiver,6.5,11.0,0.4,0.0075,infeasible,no_communication_case_meets_requirements,0.0,0.0,0.0,0.0,10036.224000000031,3394.125253094383,1,2,False
receiver,6.75,11.0,0.4,0.0075,infeasible,no_communication_case_meets_requirements,0.0,0.0,0.0,0.0,10036.224000000031,3394.125253094383,1,2,False
receiver,7.0,11.0,0.4,0.0075,infeasible,no_communication_case_meets_requirements,0.0,0.0,0.0,0.0,10036.224000000031,3394.125253094383,1,2,False
receiver,7.25,11.0,0.4,0.0075,infeasible,no_communication_case_meets_requirements,0.0,0.0,0.0,0.0,10036.224000000031,3394.125253094383,1,2,False
receiver,7.5,11.0,0.4,0.0075,infeasible,no_communication_case_meets_requirements,0.0,0.0,0.0,0.0,10036.224000000031,3394.125253094383,1,2,False
receiver,7.75,11.0,0.4,0.0075,infeasible,no_communication_case_meets_requirements,0.0,0.0,0.0,0.0,10036.224000000031,3394.125253094383,1,2,False
receiver,8.0,11.0,0.4,0.0075,infeasible,no_communication_case_meets_requirements,0.0,0.0,0.0,0.0,10036.224000000031,3394.125253094383,1,2,False
receiver,0.0,11.5,0.4,0.0075,feedback,minimum_traffic_feasible,0.511422372380157,0.511422372380157,0.006437739227085344,0.006437739227085344,10036.224000000031,3394.125253094383,1,2,False
receiver,0.25,11.5,0.4,0.0075,feedback,minimum_traffic_feasible,0.511422372380157,0.511422372380157,0.006437739227085344,0.006437739227085344,10036.224000000031,3394.125253094383,1,2,False
receiver,0.5,11.5,0.4,0.0075,feedback,minimum_traffic_feasible,0.511422372380157,0.46338466121702576,0.006437739227085344,0.005609426354281838,10036.224000000031,3394.125253094383,1,2,False
receiver,0.75,11.5,0.4,0.0075,feedback,minimum_traffic_feasible,0.04379947697890785,0.42333627978502897,0.015379870979270549,0.004763645807870683,10036.224000000031,3394.125253094383,1,2,False
receiver,1.0,11.5,0.4,0.0075,infeasible,no_communication_case_meets_requirements,0.04379947697890785,0.0,0.015379870979270549,0.0,10036.224000000031,3394.125253094383,1,2,False
receiver,1.25,11.5,0.4,0.0075,infeasible,no_communication_case_meets_requirements,0.04379947697890785,0.0,0.015379870979270549,0.0,10036.224000000031,3394.125253094383,1,2,False
receiver,1.5,11.5,0.4,0.0075,infeasible,no_communication_case_meets_requirements,0.0037510955469110237,0.0,0.024241522903033906,0.0,10036.224000000031,3394.125253094383,1,2,False
receiver,1.75,11.5,0.4,0.0075,infeasible,no_communication_case_meets_requirements,0.0,0.0,0.0,0.0,10036.224000000031,3394.125253094383,1,2,False
receiver,2.0,11.5,0.4,0.0075,infeasible,no_communication_case_meets_requirements,0.0,0.0,0.0,0.0,10036.224000000031,3394.125253094383,1,2,False
receiver,2.25,11.5,0.4,0.0075,infeasible,no_communication_case_meets_requirements,0.0,0.0,0.0,0.0,10036.224000000031,3394.125253094383,1,2,False
receiver,2.5,11.5,0.4,0.0075,infeasible,no_communication_case_meets_requirements,0.0,0.0,0.0,0.0,10036.224000000031,3394.125253094383,1,2,False
receiver,2.75,11.5,0.4,0.0075,infeasible,no_communication_case_meets_requirements,0.0,0.0,0.0,0.0,10036.224000000031,3394.125253094383,1,2,False
receiver,3.0,11.5,0.4,0.0075,infeasible,no_communication_case_meets_requirements,0.0,0.0,0.0,0.0,10036.224000000031,3394.125253094383,1,2,False
receiver,3.25,11.5,0.4,0.0075,infeasible,no_communication_case_meets_requirements,0.0,0.0,0.0,0.0,10036.224000000031,3394.125253094383,1,2,False
receiver,3.5,11.5,0.4,0.0075,infeasible,no_communication_case_meets_requirements,0.0,0.0,0.0,0.0,10036.224000000031,3394.125253094383,1,2,False
receiver,3.75,11.5,0.4,0.0075,infeasible,no_communication_case_meets_requirements,0.0,0.0,0.0,0.0,10036.224000000031,3394.125253094383,1,2,False
receiver,4.0,11.5,0.4,0.0075,infeasible,no_communication_case_meets_requirements,0.0,0.0,0.0,0.0,10036.224000000031,3394.125253094383,1,2,False
receiver,4.25,11.5,0.4,0.0075,infeasible,no_communication_case_meets_requirements,0.0,0.0,0.0,0.0,10036.224000000031,3394.125253094383,1,2,False
receiver,4.5,11.5,0.4,0.0075,infeasible,no_communication_case_meets_requirements,0.0,0.0,0.0,0.0,10036.224000000031,3394.125253094383,1,2,False
receiver,4.75,11.5,0.4,0.0075,infeasible,no_communication_case_meets_requirements,0.0,0.0,0.0,0.0,10036.224000000031,3394.125253094383,1,2,False
receiver,5.0,11.5,0.4,0.0075,infeasible,no_communication_case_meets_requirements,0.0,0.0,0.0,0.0,10036.224000000031,3394.125253094383,1,2,False
receiver,5.25,11.5,0.4,0.0075,infeasible,no_communication_case_meets_requirements,0.0,0.0,0.0,0.0,10036.224000000031,3394.125253094383,1,2,False
receiver,5.5,11.5,0.4,0.0075,infeasible,no_communication_case_meets_requirements,0.0,0.0,0.0,0.0,10036.224000000031,3394.125253094383,1,2,False
receiver,5.75,11.5,0.4,0.0075,infeasible,no_communication_case_meets_requirements,0.0,0.0,0.0,0.0,10036.224000000031,3394.125253094383,1,2,False
receiver,6.0,11.5,0.4,0.0075,infeasible,no_communication_case_meets_requirements,0.0,0.0,0.0,0.0,10036.224000000031,3394.125253094383,1,2,False
receiver,6.25,11.5,0.4,0.0075,infeasible,no_communication_case_meets_requirements,0.0,0.0,0.0,0.0,10036.224000000031,3394.125253094383,1,2,False
receiver,6.5,11.5,0.4,0.0075,infeasible,no_communication_case_meets_requirements,0.0,0.0,0.0,0.0,10036.224000000031,3394.125253094383,1,2,False
receiver,6.75,11.5,0.4,0.0075,infeasible,no_communication_case_meets_requirements,0.0,0.0,0.0,0.0,10036.224000000031,3394.125253094383,1,2,False
receiver,7.0,11.5,0.4,0.0075,infeasible,no_communication_case_meets_requirements,0.0,0.0,0.0,0.0,10036.224000000031,3394.125253094383,1,2,False
receiver,7.25,11.5,0.4,0.0075,infeasible,no_communication_case_meets_requirements,0.0,0.0,0.0,0.0,10036.224000000031,3394.125253094383,1,2,False
receiver,7.5,11.5,0.4,0.0075,infeasible,no_communication_case_meets_requirements,0.0,0.0,0.0,0.0,10036.224000000031,3394.125253094383,1,2,False
receiver,7.75,11.5,0.4,0.0075,infeasible,no_communication_case_meets_requirements,0.0,0.0,0.0,0.0,10036.224000000031,3394.125253094383,1,2,False
receiver,8.0,11.5,0.4,0.0075,infeasible,no_communication_case_meets_requirements,0.0,0.0,0.0,0.0,10036.224000000031,3394.125253094383,1,2,False
receiver,0.0,12.0,0.4,0.0075,feedback,minimum_traffic_feasible,0.511422372380157,0.511422372380157,0.006437739227085344,0.006437739227085344,10036.224000000031,3394.125253094383,1,2,False
receiver,0.25,12.0,0.4,0.0075,feedback,minimum_traffic_feasible,0.511422372380157,0.511422372380157,0.006437739227085344,0.006437739227085344,10036.224000000031,3394.125253094383,1,2,False
receiver,0.5,12.0,0.4,0.0075,feedback,minimum_traffic_feasible,0.511422372380157,0.511422372380157,0.006437739227085344,0.006437739227085344,10036.224000000031,3394.125253094383,1,2,False
receiver,0.75,12.0,0.4,0.0075,feedback,minimum_traffic_feasible,0.511422372380157,0.46338466121702576,0.006437739227085344,0.005609426354281838,10036.224000000031,3394.125253094383,1,2,False
receiver,1.0,12.0,0.4,0.0075,feedback,minimum_traffic_feasible,0.511422372380157,0.42333627978502897,0.006437739227085344,0.004763645807870683,10036.224000000031,3394.125253094383,1,2,False
receiver,1.25,12.0,0.4,0.0075,infeasible,no_communication_case_meets_requirements,0.04379947697890785,0.0,0.015379870979270549,0.0,10036.224000000031,3394.125253094383,1,2,False
receiver,1.5,12.0,0.4,0.0075,infeasible,no_communication_case_meets_requirements,0.04379947697890785,0.0,0.015379870979270549,0.0,10036.224000000031,3394.125253094383,1,2,False
receiver,1.75,12.0,0.4,0.0075,infeasible,no_communication_case_meets_requirements,0.04379947697890785,0.0,0.015379870979270549,0.0,10036.224000000031,3394.125253094383,1,2,False
receiver,2.0,12.0,0.4,0.0075,infeasible,no_communication_case_meets_requirements,0.0037510955469110237,0.0,0.024241522903033906,0.0,10036.224000000031,3394.125253094383,1,2,False
receiver,2.25,12.0,0.4,0.0075,infeasible,no_communication_case_meets_requirements,0.0,0.0,0.0,0.0,10036.224000000031,3394.125253094383,1,2,False
receiver,2.5,12.0,0.4,0.0075,infeasible,no_communication_case_meets_requirements,0.0,0.0,0.0,0.0,10036.224000000031,3394.125253094383,1,2,False
receiver,2.75,12.0,0.4,0.0075,infeasible,no_communication_case_meets_requirements,0.0,0.0,0.0,0.0,10036.224000000031,3394.125253094383,1,2,False
receiver,3.0,12.0,0.4,0.0075,infeasible,no_communication_case_meets_requirements,0.0,0.0,0.0,0.0,10036.224000000031,3394.125253094383,1,2,False
receiver,3.25,12.0,0.4,0.0075,infeasible,no_communication_case_meets_requirements,0.0,0.0,0.0,0.0,10036.224000000031,3394.125253094383,1,2,False
receiver,3.5,12.0,0.4,0.0075,infeasible,no_communication_case_meets_requirements,0.0,0.0,0.0,0.0,10036.224000000031,3394.125253094383,1,2,False
receiver,3.75,12.0,0.4,0.0075,infeasible,no_communication_case_meets_requirements,0.0,0.0,0.0,0.0,10036.224000000031,3394.125253094383,1,2,False
receiver,4.0,12.0,0.4,0.0075,infeasible,no_communication_case_meets_requirements,0.0,0.0,0.0,0.0,10036.224000000031,3394.125253094383,1,2,False
receiver,4.25,12.0,0.4,0.0075,infeasible,no_communication_case_meets_requirements,0.0,0.0,0.0,0.0,10036.224000000031,3394.125253094383,1,2,False
receiver,4.5,12.0,0.4,0.0075,infeasible,no_communication_case_meets_requirements,0.0,0.0,0.0,0.0,10036.224000000031,3394.125253094383,1,2,False
receiver,4.75,12.0,0.4,0.0075,infeasible,no_communication_case_meets_requirements,0.0,0.0,0.0,0.0,10036.224000000031,3394.125253094383,1,2,False
receiver,5.0,12.0,0.4,0.0075,infeasible,no_communication_case_meets_requirements,0.0,0.0,0.0,0.0,10036.224000000031,3394.125253094383,1,2,False
receiver,5.25,12.0,0.4,0.0075,infeasible,no_communication_case_meets_requirements,0.0,0.0,0.0,0.0,10036.224000000031,3394.125253094383,1,2,False
receiver,5.5,12.0,0.4,0.0075,infeasible,no_communication_case_meets_requirements,0.0,0.0,0.0,0.0,10036.224000000031,3394.125253094383,1,2,False
receiver,5.75,12.0,0.4,0.0075,infeasible,no_communication_case_meets_requirements,0.0,0.0,0.0,0.0,10036.224000000031,3394.125253094383,1,2,False
receiver,6.0,12.0,0.4,0.0075,infeasible,no_communication_case_meets_requirements,0.0,0.0,0.0,0.0,10036.224000000031,3394.125253094383,1,2,False
receiver,6.25,12.0,0.4,0.0075,infeasible,no_communication_case_meets_requirements,0.0,0.0,0.0,0.0,10036.224000000031,3394.125253094383,1,2,False
receiver,6.5,12.0,0.4,0.0075,infeasible,no_communication_case_meets_requirements,0.0,0.0,0.0,0.0,10036.224000000031,3394.125253094383,1,2,False
receiver,6.75,12.0,0.4,0.0075,infeasible,no_communication_case_meets_requirements,0.0,0.0,0.0,0.0,10036.224000000031,3394.125253094383,1,2,False
receiver,7.0,12.0,0.4,0.0075,infeasible,no_communication_case_meets_requirements,0.0,0.0,0.0,0.0,10036.224000000031,3394.125253094383,1,2,False
receiver,7.25,12.0,0.4,0.0075,infeasible,no_communication_case_meets_requirements,0.0,0.0,0.0,0.0,10036.224000000031,3394.125253094383,1,2,False
receiver,7.5,12.0,0.4,0.0075,infeasible,no_communication_case_meets_requirements,0.0,0.0,0.0,0.0,10036.224000000031,3394.125253094383,1,2,False
receiver,7.75,12.0,0.4,0.0075,infeasible,no_communication_case_meets_requirements,0.0,0.0,0.0,0.0,10036.224000000031,3394.125253094383,1,2,False
receiver,8.0,12.0,0.4,0.0075,infeasible,no_communication_case_meets_requirements,0.0,0.0,0.0,0.0,10036.224000000031,3394.125253094383,1,2,False
receiver,0.0,12.5,0.4,0.0075,feedback,minimum_traffic_feasible,0.511422372380157,0.511422372380157,0.006437739227085344,0.006437739227085344,10036.224000000031,3394.125253094383,1,2,False
receiver,0.25,12.5,0.4,0.0075,feedback,minimum_traffic_feasible,0.511422372380157,0.511422372380157,0.006437739227085344,0.006437739227085344,10036.224000000031,3394.125253094383,1,2,False
receiver,0.5,12.5,0.4,0.0075,feedback,minimum_traffic_feasible,0.511422372380157,0.511422372380157,0.006437739227085344,0.006437739227085344,10036.224000000031,3394.125253094383,1,2,False
receiver,0.75,12.5,0.4,0.0075,feedback,minimum_traffic_feasible,0.511422372380157,0.511422372380157,0.006437739227085344,0.006437739227085344,10036.224000000031,3394.125253094383,1,2,False
receiver,1.0,12.5,0.4,0.0075,feedback,minimum_traffic_feasible,0.511422372380157,0.46338466121702576,0.006437739227085344,0.005609426354281838,10036.224000000031,3394.125253094383,1,2,False
receiver,1.25,12.5,0.4,0.0075,feedback,minimum_traffic_feasible,0.511422372380157,0.42333627978502897,0.006437739227085344,0.004763645807870683,10036.224000000031,3394.125253094383,1,2,False
receiver,1.5,12.5,0.4,0.0075,one_way,minimum_traffic_feasible,0.511422372380157,0.0,0.006437739227085344,0.0,10036.224000000031,3394.125253094383,1,2,False
receiver,1.75,12.5,0.4,0.0075,infeasible,no_communication_case_meets_requirements,0.04379947697890785,0.0,0.015379870979270549,0.0,10036.224000000031,3394.125253094383,1,2,False
receiver,2.0,12.5,0.4,0.0075,infeasible,no_communication_case_meets_requirements,0.04379947697890785,0.0,0.015379870979270549,0.0,10036.224000000031,3394.125253094383,1,2,False
receiver,2.25,12.5,0.4,0.0075,infeasible,no_communication_case_meets_requirements,0.04379947697890785,0.0,0.015379870979270549,0.0,10036.224000000031,3394.125253094383,1,2,False
receiver,2.5,12.5,0.4,0.0075,infeasible,no_communication_case_meets_requirements,0.0037510955469110237,0.0,0.024241522903033906,0.0,10036.224000000031,3394.125253094383,1,2,False
receiver,2.75,12.5,0.4,0.0075,infeasible,no_communication_case_meets_requirements,0.0,0.0,0.0,0.0,10036.224000000031,3394.125253094383,1,2,False
receiver,3.0,12.5,0.4,0.0075,infeasible,no_communication_case_meets_requirements,0.0,0.0,0.0,0.0,10036.224000000031,3394.125253094383,1,2,False
receiver,3.25,12.5,0.4,0.0075,infeasible,no_communication_case_meets_requirements,0.0,0.0,0.0,0.0,10036.224000000031,3394.125253094383,1,2,False
receiver,3.5,12.5,0.4,0.0075,infeasible,no_communication_case_meets_requirements,0.0,0.0,0.0,0.0,10036.224000000031,3394.125253094383,1,2,False
receiver,3.75,12.5,0.4,0.0075,infeasible,no_communication_case_meets_requirements,0.0,0.0,0.0,0.0,10036.224000000031,3394.125253094383,1,2,False
receiver,4.0,12.5,0.4,0.0075,infeasible,no_communication_case_meets_requirements,0.0,0.0,0.0,0.0,10036.224000000031,3394.125253094383,1,2,False
receiver,4.25,12.5,0.4,0.0075,infeasible,no_communication_case_meets_requirements,0.0,0.0,0.0,0.0,10036.224000000031,3394.125253094383,1,2,False
receiver,4.5,12.5,0.4,0.0075,infeasible,no_communication_case_meets_requirements,0.0,0.0,0.0,0.0,10036.224000000031,3394.125253094383,1,2,False
receiver,4.75,12.5,0.4,0.0075,infeasible,no_communication_case_meets_requirements,0.0,0.0,0.0,0.0,10036.224000000031,3394.125253094383,1,2,False
receiver,5.0,12.5,0.4,0.0075,infeasible,no_communication_case_meets_requirements,0.0,0.0,0.0,0.0,10036.224000000031,3394.125253094383,1,2,False
receiver,5.25,12.5,0.4,0.0075,infeasible,no_communication_case_meets_requirements,0.0,0.0,0.0,0.0,10036.224000000031,3394.125253094383,1,2,False
receiver,5.5,12.5,0.4,0.0075,infeasible,no_communication_case_meets_requirements,0.0,0.0,0.0,0.0,10036.224000000031,3394.125253094383,1,2,False
receiver,5.75,12.5,0.4,0.0075,infeasible,no_communication_case_meets_requirements,0.0,0.0,0.0,0.0,10036.224000000031,3394.125253094383,1,2,False
receiver,6.0,12.5,0.4,0.0075,infeasible,no_communication_case_meets_requirements,0.0,0.0,0.0,0.0,10036.224000000031,3394.125253094383,1,2,False
receiver,6.25,12.5,0.4,0.0075,infeasible,no_communication_case_meets_requirements,0.0,0.0,0.0,0.0,10036.224000000031,3394.125253094383,1,2,False
receiver,6.5,12.5,0.4,0.0075,infeasible,no_communication_case_meets_requirements,0.0,0.0,0.0,0.0,10036.224000000031,3394.125253094383,1,2,False
receiver,6.75,12.5,0.4,0.0075,infeasible,no_communication_case_meets_requirements,0.0,0.0,0.0,0.0,10036.224000000031,3394.125253094383,1,2,False
receiver,7.0,12.5,0.4,0.0075,infeasible,no_communication_case_meets_requirements,0.0,0.0,0.0,0.0,10036.224000000031,3394.125253094383,1,2,False
receiver,7.25,12.5,0.4,0.0075,infeasible,no_communication_case_meets_requirements,0.0,0.0,0.0,0.0,10036.224000000031,3394.125253094383,1,2,False
receiver,7.5,12.5,0.4,0.0075,infeasible,no_communication_case_meets_requirements,0.0,0.0,0.0,0.0,10036.224000000031,3394.125253094383,1,2,False
receiver,7.75,12.5,0.4,0.0075,infeasible,no_communication_case_meets_requirements,0.0,0.0,0.0,0.0,10036.224000000031,3394.125253094383,1,2,False
receiver,8.0,12.5,0.4,0.0075,infeasible,no_communication_case_meets_requirements,0.0,0.0,0.0,0.0,10036.224000000031,3394.125253094383,1,2,False
receiver,0.0,13.0,0.4,0.0075,feedback,minimum_traffic_feasible,0.511422372380157,0.511422372380157,0.006437739227085344,0.006437739227085344,10036.224000000031,3394.125253094383,1,2,False
receiver,0.25,13.0,0.4,0.0075,feedback,minimum_traffic_feasible,0.511422372380157,0.511422372380157,0.006437739227085344,0.006437739227085344,10036.224000000031,3394.125253094383,1,2,False
receiver,0.5,13.0,0.4,0.0075,feedback,minimum_traffic_feasible,0.511422372380157,0.511422372380157,0.006437739227085344,0.006437739227085344,10036.224000000031,3394.125253094383,1,2,False
receiver,0.75,13.0,0.4,0.0075,feedback,minimum_traffic_feasible,0.511422372380157,0.511422372380157,0.006437739227085344,0.006437739227085344,10036.224000000031,3394.125253094383,1,2,False
receiver,1.0,13.0,0.4,0.0075,feedback,minimum_traffic_feasible,0.511422372380157,0.511422372380157,0.006437739227085344,0.006437739227085344,10036.224000000031,3394.125253094383,1,2,False
receiver,1.25,13.0,0.4,0.0075,feedback,minimum_traffic_feasible,0.511422372380157,0.46338466121702576,0.006437739227085344,0.005609426354281838,10036.224000000031,3394.125253094383,1,2,False
receiver,1.5,13.0,0.4,0.0075,feedback,minimum_traffic_feasible,0.511422372380157,0.42333627978502897,0.006437739227085344,0.004763645807870683,10036.224000000031,3394.125253094383,1,2,False
receiver,1.75,13.0,0.4,0.0075,one_way,minimum_traffic_feasible,0.511422372380157,0.0,0.006437739227085344,0.0,10036.224000000031,3394.125253094383,1,2,False
receiver,2.0,13.0,0.4,0.0075,one_way,minimum_traffic_feasible,0.511422372380157,0.0,0.006437739227085344,0.0,10036.224000000031,3394.125253094383,1,2,False
receiver,2.25,13.0,0.4,0.0075,infeasible,no_communication_case_meets_requirements,0.04379947697890785,0.0,0.015379870979270549,0.0,10036.224000000031,3394.125253094383,1,2,False
receiver,2.5,13.0,0.4,0.0075,infeasible,no_communication_case_meets_requirements,0.04379947697890785,0.0,0.015379870979270549,0.0,10036.224000000031,3394.125253094383,1,2,False
receiver,2.75,13.0,0.4,0.0075,infeasible,no_communication_case_meets_requirements,0.04379947697890785,0.0,0.015379870979270549,0.0,10036.224000000031,3394.125253094383,1,2,False
receiver,3.0,13.0,0.4,0.0075,infeasible,no_communication_case_meets_requirements,0.0037510955469110237,0.0,0.024241522903033906,0.0,10036.224000000031,3394.125253094383,1,2,False
receiver,3.25,13.0,0.4,0.0075,infeasible,no_communication_case_meets_requirements,0.0,0.0,0.0,0.0,10036.224000000031,3394.125253094383,1,2,False
receiver,3.5,13.0,0.4,0.0075,infeasible,no_communication_case_meets_requirements,0.0,0.0,0.0,0.0,10036.224000000031,3394.125253094383,1,2,False
receiver,3.75,13.0,0.4,0.0075,infeasible,no_communication_case_meets_requirements,0.0,0.0,0.0,0.0,10036.224000000031,3394.125253094383,1,2,False
receiver,4.0,13.0,0.4,0.0075,infeasible,no_communication_case_meets_requirements,0.0,0.0,0.0,0.0,10036.224000000031,3394.125253094383,1,2,False
receiver,4.25,13.0,0.4,0.0075,infeasible,no_communication_case_meets_requirements,0.0,0.0,0.0,0.0,10036.224000000031,3394.125253094383,1,2,False
receiver,4.5,13.0,0.4,0.0075,infeasible,no_communication_case_meets_requirements,0.0,0.0,0.0,0.0,10036.224000000031,3394.125253094383,1,2,False
receiver,4.75,13.0,0.4,0.0075,infeasible,no_communication_case_meets_requirements,0.0,0.0,0.0,0.0,10036.224000000031,3394.125253094383,1,2,False
receiver,5.0,13.0,0.4,0.0075,infeasible,no_communication_case_meets_requirements,0.0,0.0,0.0,0.0,10036.224000000031,3394.125253094383,1,2,False
receiver,5.25,13.0,0.4,0.0075,infeasible,no_communication_case_meets_requirements,0.0,0.0,0.0,0.0,10036.224000000031,3394.125253094383,1,2,False
receiver,5.5,13.0,0.4,0.0075,infeasible,no_communication_case_meets_requirements,0.0,0.0,0.0,0.0,10036.224000000031,3394.125253094383,1,2,False
receiver,5.75,13.0,0.4,0.0075,infeasible,no_communication_case_meets_requirements,0.0,0.0,0.0,0.0,10036.224000000031,3394.125253094383,1,2,False
receiver,6.0,13.0,0.4,0.0075,infeasible,no_communication_case_meets_requirements,0.0,0.0,0.0,0.0,10036.224000000031,3394.125253094383,1,2,False
receiver,6.25,13.0,0.4,0.0075,infeasible,no_communication_case_meets_requirements,0.0,0.0,0.0,0.0,10036.224000000031,3394.125253094383,1,2,False
receiver,6.5,13.0,0.4,0.0075,infeasible,no_communication_case_meets_requirements,0.0,0.0,0.0,0.0,10036.224000000031,3394.125253094383,1,2,False
receiver,6.75,13.0,0.4,0.0075,infeasible,no_communication_case_meets_requirements,0.0,0.0,0.0,0.0,10036.224000000031,3394.125253094383,1,2,False
receiver,7.0,13.0,0.4,0.0075,infeasible,no_communication_case_meets_requirements,0.0,0.0,0.0,0.0,10036.224000000031,3394.125253094383,1,2,False
receiver,7.25,13.0,0.4,0.0075,infeasible,no_communication_case_meets_requirements,0.0,0.0,0.0,0.0,10036.224000000031,3394.125253094383,1,2,False
receiver,7.5,13.0,0.4,0.0075,infeasible,no_communication_case_meets_requirements,0.0,0.0,0.0,0.0,10036.224000000031,3394.125253094383,1,2,False
receiver,7.75,13.0,0.4,0.0075,infeasible,no_communication_case_meets_requirements,0.0,0.0,0.0,0.0,10036.224000000031,3394.125253094383,1,2,False
receiver,8.0,13.0,0.4,0.0075,infeasible,no_communication_case_meets_requirements,0.0,0.0,0.0,0.0,10036.224000000031,3394.125253094383,1,2,False
receiver,0.0,13.5,0.4,0.0075,feedback,minimum_traffic_feasible,0.511422372380157,0.511422372380157,0.006437739227085344,0.006437739227085344,10036.224000000031,3394.125253094383,1,2,False
receiver,0.25,13.5,0.4,0.0075,feedback,minimum_traffic_feasible,0.511422372380157,0.511422372380157,0.006437739227085344,0.006437739227085344,10036.224000000031,3394.125253094383,1,2,False
receiver,0.5,13.5,0.4,0.0075,feedback,minimum_traffic_feasible,0.511422372380157,0.511422372380157,0.006437739227085344,0.006437739227085344,10036.224000000031,3394.125253094383,1,2,False
receiver,0.75,13.5,0.4,0.0075,feedback,minimum_traffic_feasible,0.511422372380157,0.511422372380157,0.006437739227085344,0.006437739227085344,10036.224000000031,3394.125253094383,1,2,False
receiver,1.0,13.5,0.4,0.0075,feedback,minimum_traffic_feasible,0.511422372380157,0.511422372380157,0.006437739227085344,0.006437739227085344,10036.224000000031,3394.125253094383,1,2,False
receiver,1.25,13.5,0.4,0.0075,feedback,minimum_traffic_feasible,0.511422372380157,0.511422372380157,0.006437739227085344,0.006437739227085344,10036.224000000031,3394.125253094383,1,2,False
receiver,1.5,13.5,0.4,0.0075,feedback,minimum_traffic_feasible,0.511422372380157,0.46338466121702576,0.006437739227085344,0.005609426354281838,10036.224000000031,3394.125253094383,1,2,False
receiver,1.75,13.5,0.4,0.0075,feedback,minimum_traffic_feasible,0.511422372380157,0.42333627978502897,0.006437739227085344,0.004763645807870683,10036.224000000031,3394.125253094383,1,2,False
receiver,2.0,13.5,0.4,0.0075,one_way,minimum_traffic_feasible,0.511422372380157,0.0,0.006437739227085344,0.0,10036.224000000031,3394.125253094383,1,2,False
receiver,2.25,13.5,0.4,0.0075,one_way,minimum_traffic_feasible,0.511422372380157,0.0,0.006437739227085344,0.0,10036.224000000031,3394.125253094383,1,2,False
receiver,2.5,13.5,0.4,0.0075,one_way,minimum_traffic_feasible,0.511422372380157,0.0,0.006437739227085344,0.0,10036.224000000031,3394.125253094383,1,2,False
receiver,2.75,13.5,0.4,0.0075,infeasible,no_communication_case_meets_requirements,0.04379947697890785,0.0,0.015379870979270549,0.0,10036.224000000031,3394.125253094383,1,2,False
receiver,3.0,13.5,0.4,0.0075,infeasible,no_communication_case_meets_requirements,0.04379947697890785,0.0,0.015379870979270549,0.0,10036.224000000031,3394.125253094383,1,2,False
receiver,3.25,13.5,0.4,0.0075,infeasible,no_communication_case_meets_requirements,0.04379947697890785,0.0,0.015379870979270549,0.0,10036.224000000031,3394.125253094383,1,2,False
receiver,3.5,13.5,0.4,0.0075,infeasible,no_communication_case_meets_requirements,0.0037510955469110237,0.0,0.024241522903033906,0.0,10036.224000000031,3394.125253094383,1,2,False
receiver,3.75,13.5,0.4,0.0075,infeasible,no_communication_case_meets_requirements,0.0,0.0,0.0,0.0,10036.224000000031,3394.125253094383,1,2,False
receiver,4.0,13.5,0.4,0.0075,infeasible,no_communication_case_meets_requirements,0.0,0.0,0.0,0.0,10036.224000000031,3394.125253094383,1,2,False
receiver,4.25,13.5,0.4,0.0075,infeasible,no_communication_case_meets_requirements,0.0,0.0,0.0,0.0,10036.224000000031,3394.125253094383,1,2,False
receiver,4.5,13.5,0.4,0.0075,infeasible,no_communication_case_meets_requirements,0.0,0.0,0.0,0.0,10036.224000000031,3394.125253094383,1,2,False
receiver,4.75,13.5,0.4,0.0075,infeasible,no_communication_case_meets_requirements,0.0,0.0,0.0,0.0,10036.224000000031,3394.125253094383,1,2,False
receiver,5.0,13.5,0.4,0.0075,infeasible,no_communication_case_meets_requirements,0.0,0.0,0.0,0.0,10036.224000000031,3394.125253094383,1,2,False
receiver,5.25,13.5,0.4,0.0075,infeasible,no_communication_case_meets_requirements,0.0,0.0,0.0,0.0,10036.224000000031,3394.125253094383,1,2,False
receiver,5.5,13.5,0.4,0.0075,infeasible,no_communication_case_meets_requirements,0.0,0.0,0.0,0.0,10036.224000000031,3394.125253094383,1,2,False
receiver,5.75,13.5,0.4,0.0075,infeasible,no_communication_case_meets_requirements,0.0,0.0,0.0,0.0,10036.224000000031,3394.125253094383,1,2,False
receiver,6.0,13.5,0.4,0.0075,infeasible,no_communication_case_meets_requirements,0.0,0.0,0.0,0.0,10036.224000000031,3394.125253094383,1,2,False
receiver,6.25,13.5,0.4,0.0075,infeasible,no_communication_case_meets_requirements,0.0,0.0,0.0,0.0,10036.224000000031,3394.125253094383,1,2,False
receiver,6.5,13.5,0.4,0.0075,infeasible,no_communication_case_meets_requirements,0.0,0.0,0.0,0.0,10036.224000000031,3394.125253094383,1,2,False
receiver,6.75,13.5,0.4,0.0075,infeasible,no_communication_case_meets_requirements,0.0,0.0,0.0,0.0,10036.224000000031,3394.125253094383,1,2,False
receiver,7.0,13.5,0.4,0.0075,infeasible,no_communication_case_meets_requirements,0.0,0.0,0.0,0.0,10036.224000000031,3394.125253094383,1,2,False
receiver,7.25,13.5,0.4,0.0075,infeasible,no_communication_case_meets_requirements,0.0,0.0,0.0,0.0,10036.224000000031,3394.125253094383,1,2,False
receiver,7.5,13.5,0.4,0.0075,infeasible,no_communication_case_meets_requirements,0.0,0.0,0.0,0.0,10036.224000000031,3394.125253094383,1,2,False
receiver,7.75,13.5,0.4,0.0075,infeasible,no_communication_case_meets_requirements,0.0,0.0,0.0,0.0,10036.224000000031,3394.125253094383,1,2,False
receiver,8.0,13.5,0.4,0.0075,infeasible,no_communication_case_meets_requirements,0.0,0.0,0.0,0.0,10036.224000000031,3394.125253094383,1,2,False
receiver,0.0,14.0,0.4,0.0075,feedback,minimum_traffic_feasible,0.511422372380157,0.511422372380157,0.006437739227085344,0.006437739227085344,10036.224000000031,3394.125253094383,1,2,False
receiver,0.25,14.0,0.4,0.0075,feedback,minimum_traffic_feasible,0.511422372380157,0.511422372380157,0.006437739227085344,0.006437739227085344,10036.224000000031,3394.125253094383,1,2,False
receiver,0.5,14.0,0.4,0.0075,feedback,minimum_traffic_feasible,0.511422372380157,0.511422372380157,0.006437739227085344,0.006437739227085344,10036.224000000031,3394.125253094383,1,2,False
receiver,0.75,14.0,0.4,0.0075,feedback,minimum_traffic_feasible,0.511422372380157,0.511422372380157,0.006437739227085344,0.006437739227085344,10036.224000000031,3394.125253094383,1,2,False
receiver,1.0,14.0,0.4,0.0075,feedback,minimum_traffic_feasible,0.511422372380157,0.511422372380157,0.006437739227085344,0.006437739227085344,10036.224000000031,3394.125253094383,1,2,False
receiver,1.25,14.0,0.4,0.0075,feedback,minimum_traffic_feasible,0.511422372380157,0.511422372380157,0.006437739227085344,0.006437739227085344,10036.224000000031,3394.125253094383,1,2,False
receiver,1.5,14.0,0.4,0.0075,feedback,minimum_traffic_feasible,0.511422372380157,0.511422372380157,0.006437739227085344,0.006437739227085344,10036.224000000031,3394.125253094383,1,2,False
receiver,1.75,14.0,0.4,0.0075,feedback,minimum_traffic_feasible,0.511422372380157,0.46338466121702576,0.006437739227085344,0.005609426354281838,10036.224000000031,3394.125253094383,1,2,False
receiver,2.0,14.0,0.4,0.0075,feedback,minimum_traffic_feasible,0.511422372380157,0.42333627978502897,0.006437739227085344,0.004763645807870683,10036.224000000031,3394.125253094383,1,2,False
receiver,2.25,14.0,0.4,0.0075,one_way,minimum_traffic_feasible,0.511422372380157,0.0,0.006437739227085344,0.0,10036.224000000031,3394.125253094383,1,2,False
receiver,2.5,14.0,0.4,0.0075,one_way,minimum_traffic_feasible,0.511422372380157,0.0,0.006437739227085344,0.0,10036.224000000031,3394.125253094383,1,2,False
receiver,2.75,14.0,0.4,0.0075,one_way,minimum_traffic_feasible,0.511422372380157,0.0,0.006437739227085344,0.0,10036.224000000031,3394.125253094383,1,2,False
receiver,3.0,14.0,0.4,0.0075,one_way,minimum_traffic_feasible,0.511422372380157,0.0,0.006437739227085344,0.0,10036.224000000031,3394.125253094383,1,2,False
receiver,3.25,14.0,0.4,0.0075,infeasible,no_communication_case_meets_requirements,0.04379947697890785,0.0,0.015379870979270549,0.0,10036.224000000031,3394.125253094383,1,2,False
receiver,3.5,14.0,0.4,0.0075,infeasible,no_communication_case_meets_requirements,0.04379947697890785,0.0,0.015379870979270549,0.0,10036.224000000031,3394.125253094383,1,2,False
receiver,3.75,14.0,0.4,0.0075,infeasible,no_communication_case_meets_requirements,0.04379947697890785,0.0,0.015379870979270549,0.0,10036.224000000031,3394.125253094383,1,2,False
receiver,4.0,14.0,0.4,0.0075,infeasible,no_communication_case_meets_requirements,0.0037510955469110237,0.0,0.024241522903033906,0.0,10036.224000000031,3394.125253094383,1,2,False
receiver,4.25,14.0,0.4,0.0075,infeasible,no_communication_case_meets_requirements,0.0,0.0,0.0,0.0,10036.224000000031,3394.125253094383,1,2,False
receiver,4.5,14.0,0.4,0.0075,infeasible,no_communication_case_meets_requirements,0.0,0.0,0.0,0.0,10036.224000000031,3394.125253094383,1,2,False
receiver,4.75,14.0,0.4,0.0075,infeasible,no_communication_case_meets_requirements,0.0,0.0,0.0,0.0,10036.224000000031,3394.125253094383,1,2,False
receiver,5.0,14.0,0.4,0.0075,infeasible,no_communication_case_meets_requirements,0.0,0.0,0.0,0.0,10036.224000000031,3394.125253094383,1,2,False
receiver,5.25,14.0,0.4,0.0075,infeasible,no_communication_case_meets_requirements,0.0,0.0,0.0,0.0,10036.224000000031,3394.125253094383,1,2,False
receiver,5.5,14.0,0.4,0.0075,infeasible,no_communication_case_meets_requirements,0.0,0.0,0.0,0.0,10036.224000000031,3394.125253094383,1,2,False
receiver,5.75,14.0,0.4,0.0075,infeasible,no_communication_case_meets_requirements,0.0,0.0,0.0,0.0,10036.224000000031,3394.125253094383,1,2,False
receiver,6.0,14.0,0.4,0.0075,infeasible,no_communication_case_meets_requirements,0.0,0.0,0.0,0.0,10036.224000000031,3394.125253094383,1,2,False
receiver,6.25,14.0,0.4,0.0075,infeasible,no_communication_case_meets_requirements,0.0,0.0,0.0,0.0,10036.224000000031,3394.125253094383,1,2,False
receiver,6.5,14.0,0.4,0.0075,infeasible,no_communication_case_meets_requirements,0.0,0.0,0.0,0.0,10036.224000000031,3394.125253094383,1,2,False
receiver,6.75,14.0,0.4,0.0075,infeasible,no_communication_case_meets_requirements,0.0,0.0,0.0,0.0,10036.224000000031,3394.125253094383,1,2,False
receiver,7.0,14.0,0.4,0.0075,infeasible,no_communication_case_meets_requirements,0.0,0.0,0.0,0.0,10036.224000000031,3394.125253094383,1,2,False
receiver,7.25,14.0,0.4,0.0075,infeasible,no_communication_case_meets_requirements,0.0,0.0,0.0,0.0,10036.224000000031,3394.125253094383,1,2,False
receiver,7.5,14.0,0.4,0.0075,infeasible,no_communication_case_meets_requirements,0.0,0.0,0.0,0.0,10036.224000000031,3394.125253094383,1,2,False
receiver,7.75,14.0,0.4,0.0075,infeasible,no_communication_case_meets_requirements,0.0,0.0,0.0,0.0,10036.224000000031,3394.125253094383,1,2,False
receiver,8.0,14.0,0.4,0.0075,infeasible,no_communication_case_meets_requirements,0.0,0.0,0.0,0.0,10036.224000000031,3394.125253094383,1,2,False
receiver,0.0,14.5,0.4,0.0075,feedback,minimum_traffic_feasible,0.511422372380157,0.511422372380157,0.006437739227085344,0.006437739227085344,10036.224000000031,3394.125253094383,1,2,False
receiver,0.25,14.5,0.4,0.0075,feedback,minimum_traffic_feasible,0.511422372380157,0.511422372380157,0.006437739227085344,0.006437739227085344,10036.224000000031,3394.125253094383,1,2,False
receiver,0.5,14.5,0.4,0.0075,feedback,minimum_traffic_feasible,0.511422372380157,0.511422372380157,0.006437739227085344,0.006437739227085344,10036.224000000031,3394.125253094383,1,2,False
receiver,0.75,14.5,0.4,0.0075,feedback,minimum_traffic_feasible,0.511422372380157,0.511422372380157,0.006437739227085344,0.006437739227085344,10036.224000000031,3394.125253094383,1,2,False
receiver,1.0,14.5,0.4,0.0075,feedback,minimum_traffic_feasible,0.511422372380157,0.511422372380157,0.006437739227085344,0.006437739227085344,10036.224000000031,3394.125253094383,1,2,False
receiver,1.25,14.5,0.4,0.0075,feedback,minimum_traffic_feasible,0.511422372380157,0.511422372380157,0.006437739227085344,0.006437739227085344,10036.224000000031,3394.125253094383,1,2,False
receiver,1.5,14.5,0.4,0.0075,feedback,minimum_traffic_feasible,0.511422372380157,0.511422372380157,0.006437739227085344,0.006437739227085344,10036.224000000031,3394.125253094383,1,2,False
receiver,1.75,14.5,0.4,0.0075,feedback,minimum_traffic_feasible,0.511422372380157,0.511422372380157,0.006437739227085344,0.006437739227085344,10036.224000000031,3394.125253094383,1,2,False
receiver,2.0,14.5,0.4,0.0075,feedback,minimum_traffic_feasible,0.511422372380157,0.46338466121702576,0.006437739227085344,0.005609426354281838,10036.224000000031,3394.125253094383,1,2,False
receiver,2.25,14.5,0.4,0.0075,feedback,minimum_traffic_feasible,0.511422372380157,0.42333627978502897,0.006437739227085344,0.004763645807870683,10036.224000000031,3394.125253094383,1,2,False
receiver,2.5,14.5,0.4,0.0075,one_way,minimum_traffic_feasible,0.511422372380157,0.0,0.006437739227085344,0.0,10036.224000000031,3394.125253094383,1,2,False
receiver,2.75,14.5,0.4,0.0075,one_way,minimum_traffic_feasible,0.511422372380157,0.0,0.006437739227085344,0.0,10036.224000000031,3394.125253094383,1,2,False
receiver,3.0,14.5,0.4,0.0075,one_way,minimum_traffic_feasible,0.511422372380157,0.0,0.006437739227085344,0.0,10036.224000000031,3394.125253094383,1,2,False
receiver,3.25,14.5,0.4,0.0075,one_way,minimum_traffic_feasible,0.511422372380157,0.0,0.006437739227085344,0.0,10036.224000000031,3394.125253094383,1,2,False
receiver,3.5,14.5,0.4,0.0075,one_way,minimum_traffic_feasible,0.511422372380157,0.0,0.006437739227085344,0.0,10036.224000000031,3394.125253094383,1,2,False
receiver,3.75,14.5,0.4,0.0075,infeasible,no_communication_case_meets_requirements,0.04379947697890785,0.0,0.015379870979270549,0.0,10036.224000000031,3394.125253094383,1,2,False
receiver,4.0,14.5,0.4,0.0075,infeasible,no_communication_case_meets_requirements,0.04379947697890785,0.0,0.015379870979270549,0.0,10036.224000000031,3394.125253094383,1,2,False
receiver,4.25,14.5,0.4,0.0075,infeasible,no_communication_case_meets_requirements,0.04379947697890785,0.0,0.015379870979270549,0.0,10036.224000000031,3394.125253094383,1,2,False
receiver,4.5,14.5,0.4,0.0075,infeasible,no_communication_case_meets_requirements,0.0037510955469110237,0.0,0.024241522903033906,0.0,10036.224000000031,3394.125253094383,1,2,False
receiver,4.75,14.5,0.4,0.0075,infeasible,no_communication_case_meets_requirements,0.0,0.0,0.0,0.0,10036.224000000031,3394.125253094383,1,2,False
receiver,5.0,14.5,0.4,0.0075,infeasible,no_communication_case_meets_requirements,0.0,0.0,0.0,0.0,10036.224000000031,3394.125253094383,1,2,False
receiver,5.25,14.5,0.4,0.0075,infeasible,no_communication_case_meets_requirements,0.0,0.0,0.0,0.0,10036.224000000031,3394.125253094383,1,2,False
receiver,5.5,14.5,0.4,0.0075,infeasible,no_communication_case_meets_requirements,0.0,0.0,0.0,0.0,10036.224000000031,3394.125253094383,1,2,False
receiver,5.75,14.5,0.4,0.0075,infeasible,no_communication_case_meets_requirements,0.0,0.0,0.0,0.0,10036.224000000031,3394.125253094383,1,2,False
receiver,6.0,14.5,0.4,0.0075,infeasible,no_communication_case_meets_requirements,0.0,0.0,0.0,0.0,10036.224000000031,3394.125253094383,1,2,False
receiver,6.25,14.5,0.4,0.0075,infeasible,no_communication_case_meets_requirements,0.0,0.0,0.0,0.0,10036.224000000031,3394.125253094383,1,2,False
receiver,6.5,14.5,0.4,0.0075,infeasible,no_communication_case_meets_requirements,0.0,0.0,0.0,0.0,10036.224000000031,3394.125253094383,1,2,False
receiver,6.75,14.5,0.4,0.0075,infeasible,no_communication_case_meets_requirements,0.0,0.0,0.0,0.0,10036.224000000031,3394.125253094383,1,2,False
receiver,7.0,14.5,0.4,0.0075,infeasible,no_communication_case_meets_requirements,0.0,0.0,0.0,0.0,10036.224000000031,3394.125253094383,1,2,False
receiver,7.25,14.5,0.4,0.0075,infeasible,no_communication_case_meets_requirements,0.0,0.0,0.0,0.0,10036.224000000031,3394.125253094383,1,2,False
receiver,7.5,14.5,0.4,0.0075,infeasible,no_communication_case_meets_requirements,0.0,0.0,0.0,0.0,10036.224000000031,3394.125253094383,1,2,False
receiver,7.75,14.5,0.4,0.0075,infeasible,no_communication_case_meets_requirements,0.0,0.0,0.0,0.0,10036.224000000031,3394.125253094383,1,2,False
receiver,8.0,14.5,0.4,0.0075,infeasible,no_communication_case_meets_requirements,0.0,0.0,0.0,0.0,10036.224000000031,3394.125253094383,1,2,False
receiver,0.0,15.0,0.4,0.0075,feedback,minimum_traffic_feasible,0.511422372380157,0.511422372380157,0.006437739227085344,0.006437739227085344,10036.224000000031,3394.125253094383,1,2,False
receiver,0.25,15.0,0.4,0.0075,feedback,minimum_traffic_feasible,0.511422372380157,0.511422372380157,0.006437739227085344,0.006437739227085344,10036.224000000031,3394.125253094383,1,2,False
receiver,0.5,15.0,0.4,0.0075,feedback,minimum_traffic_feasible,0.511422372380157,0.511422372380157,0.006437739227085344,0.006437739227085344,10036.224000000031,3394.125253094383,1,2,False
receiver,0.75,15.0,0.4,0.0075,feedback,minimum_traffic_feasible,0.511422372380157,0.511422372380157,0.006437739227085344,0.006437739227085344,10036.224000000031,3394.125253094383,1,2,False
receiver,1.0,15.0,0.4,0.0075,feedback,minimum_traffic_feasible,0.511422372380157,0.511422372380157,0.006437739227085344,0.006437739227085344,10036.224000000031,3394.125253094383,1,2,False
receiver,1.25,15.0,0.4,0.0075,feedback,minimum_traffic_feasible,0.511422372380157,0.511422372380157,0.006437739227085344,0.006437739227085344,10036.224000000031,3394.125253094383,1,2,False
receiver,1.5,15.0,0.4,0.0075,feedback,minimum_traffic_feasible,0.511422372380157,0.511422372380157,0.006437739227085344,0.006437739227085344,10036.224000000031,3394.125253094383,1,2,False
receiver,1.75,15.0,0.4,0.0075,feedback,minimum_traffic_feasible,0.511422372380157,0.511422372380157,0.006437739227085344,0.006437739227085344,10036.224000000031,3394.125253094383,1,2,False
receiver,2.0,15.0,0.4,0.0075,feedback,minimum_traffic_feasible,0.511422372380157,0.511422372380157,0.006437739227085344,0.006437739227085344,10036.224000000031,3394.125253094383,1,2,False
receiver,2.25,15.0,0.4,0.0075,feedback,minimum_traffic_feasible,0.511422372380157,0.46338466121702576,0.006437739227085344,0.005609426354281838,10036.224000000031,3394.125253094383,1,2,False
receiver,2.5,15.0,0.4,0.0075,feedback,minimum_traffic_feasible,0.511422372380157,0.42333627978502897,0.006437739227085344,0.004763645807870683,10036.224000000031,3394.125253094383,1,2,False
receiver,2.75,15.0,0.4,0.0075,one_way,minimum_traffic_feasible,0.511422372380157,0.0,0.006437739227085344,0.0,10036.224000000031,3394.125253094383,1,2,False
receiver,3.0,15.0,0.4,0.0075,one_way,minimum_traffic_feasible,0.511422372380157,0.0,0.006437739227085344,0.0,10036.224000000031,3394.125253094383,1,2,False
receiver,3.25,15.0,0.4,0.0075,one_way,minimum_traffic_feasible,0.511422372380157,0.0,0.006437739227085344,0.0,10036.224000000031,3394.125253094383,1,2,False
receiver,3.5,15.0,0.4,0.0075,one_way,minimum_traffic_feasible,0.511422372380157,0.0,0.006437739227085344,0.0,10036.224000000031,3394.125253094383,1,2,False
receiver,3.75,15.0,0.4,0.0075,one_way,minimum_traffic_feasible,0.511422372380157,0.0,0.006437739227085344,0.0,10036.224000000031,3394.125253094383,1,2,False
receiver,4.0,15.0,0.4,0.0075,one_way,minimum_traffic_feasible,0.511422372380157,0.0,0.006437739227085344,0.0,10036.224000000031,3394.125253094383,1,2,False
receiver,4.25,15.0,0.4,0.0075,infeasible,no_communication_case_meets_requirements,0.04379947697890785,0.0,0.015379870979270549,0.0,10036.224000000031,3394.125253094383,1,2,False
receiver,4.5,15.0,0.4,0.0075,infeasible,no_communication_case_meets_requirements,0.04379947697890785,0.0,0.015379870979270549,0.0,10036.224000000031,3394.125253094383,1,2,False
receiver,4.75,15.0,0.4,0.0075,infeasible,no_communication_case_meets_requirements,0.04379947697890785,0.0,0.015379870979270549,0.0,10036.224000000031,3394.125253094383,1,2,False
receiver,5.0,15.0,0.4,0.0075,infeasible,no_communication_case_meets_requirements,0.0037510955469110237,0.0,0.024241522903033906,0.0,10036.224000000031,3394.125253094383,1,2,False
receiver,5.25,15.0,0.4,0.0075,infeasible,no_communication_case_meets_requirements,0.0,0.0,0.0,0.0,10036.224000000031,3394.125253094383,1,2,False
receiver,5.5,15.0,0.4,0.0075,infeasible,no_communication_case_meets_requirements,0.0,0.0,0.0,0.0,10036.224000000031,3394.125253094383,1,2,False
receiver,5.75,15.0,0.4,0.0075,infeasible,no_communication_case_meets_requirements,0.0,0.0,0.0,0.0,10036.224000000031,3394.125253094383,1,2,False
receiver,6.0,15.0,0.4,0.0075,infeasible,no_communication_case_meets_requirements,0.0,0.0,0.0,0.0,10036.224000000031,3394.125253094383,1,2,False
receiver,6.25,15.0,0.4,0.0075,infeasible,no_communication_case_meets_requirements,0.0,0.0,0.0,0.0,10036.224000000031,3394.125253094383,1,2,False
receiver,6.5,15.0,0.4,0.0075,infeasible,no_communication_case_meets_requirements,0.0,0.0,0.0,0.0,10036.224000000031,3394.125253094383,1,2,False
receiver,6.75,15.0,0.4,0.0075,infeasible,no_communication_case_meets_requirements,0.0,0.0,0.0,0.0,10036.224000000031,3394.125253094383,1,2,False
receiver,7.0,15.0,0.4,0.0075,infeasible,no_communication_case_meets_requirements,0.0,0.0,0.0,0.0,10036.224000000031,3394.125253094383,1,2,False
receiver,7.25,15.0,0.4,0.0075,infeasible,no_communication_case_meets_requirements,0.0,0.0,0.0,0.0,10036.224000000031,3394.125253094383,1,2,False
receiver,7.5,15.0,0.4,0.0075,infeasible,no_communication_case_meets_requirements,0.0,0.0,0.0,0.0,10036.224000000031,3394.125253094383,1,2,False
receiver,7.75,15.0,0.4,0.0075,infeasible,no_communication_case_meets_requirements,0.0,0.0,0.0,0.0,10036.224000000031,3394.125253094383,1,2,False
receiver,8.0,15.0,0.4,0.0075,infeasible,no_communication_case_meets_requirements,0.0,0.0,0.0,0.0,10036.224000000031,3394.125253094383,1,2,False
receiver,0.0,15.5,0.4,0.0075,feedback,minimum_traffic_feasible,0.511422372380157,0.511422372380157,0.006437739227085344,0.006437739227085344,10036.224000000031,3394.125253094383,1,2,False
receiver,0.25,15.5,0.4,0.0075,feedback,minimum_traffic_feasible,0.511422372380157,0.511422372380157,0.006437739227085344,0.006437739227085344,10036.224000000031,3394.125253094383,1,2,False
receiver,0.5,15.5,0.4,0.0075,feedback,minimum_traffic_feasible,0.511422372380157,0.511422372380157,0.006437739227085344,0.006437739227085344,10036.224000000031,3394.125253094383,1,2,False
receiver,0.75,15.5,0.4,0.0075,feedback,minimum_traffic_feasible,0.511422372380157,0.511422372380157,0.006437739227085344,0.006437739227085344,10036.224000000031,3394.125253094383,1,2,False
receiver,1.0,15.5,0.4,0.0075,feedback,minimum_traffic_feasible,0.511422372380157,0.511422372380157,0.006437739227085344,0.006437739227085344,10036.224000000031,3394.125253094383,1,2,False
receiver,1.25,15.5,0.4,0.0075,feedback,minimum_traffic_feasible,0.511422372380157,0.511422372380157,0.006437739227085344,0.006437739227085344,10036.224000000031,3394.125253094383,1,2,False
receiver,1.5,15.5,0.4,0.0075,feedback,minimum_traffic_feasible,0.511422372380157,0.511422372380157,0.006437739227085344,0.006437739227085344,10036.224000000031,3394.125253094383,1,2,False
receiver,1.75,15.5,0.4,0.0075,feedback,minimum_traffic_feasible,0.511422372380157,0.511422372380157,0.006437739227085344,0.006437739227085344,10036.224000000031,3394.125253094383,1,2,False
receiver,2.0,15.5,0.4,0.0075,feedback,minimum_traffic_feasible,0.511422372380157,0.511422372380157,0.006437739227085344,0.006437739227085344,10036.224000000031,3394.125253094383,1,2,False
receiver,2.25,15.5,0.4,0.0075,feedback,minimum_traffic_feasible,0.511422372380157,0.46338466121702576,0.006437739227085344,0.005609426354281838,10036.224000000031,3394.125253094383,1,2,False
receiver,2.5,15.5,0.4,0.0075,feedback,minimum_traffic_feasible,0.511422372380157,0.42333627978502897,0.006437739227085344,0.004763645807870683,10036.224000000031,3394.125253094383,1,2,False
receiver,2.75,15.5,0.4,0.0075,one_way,minimum_traffic_feasible,0.511422372380157,0.0,0.006437739227085344,0.0,10036.224000000031,3394.125253094383,1,2,False
receiver,3.0,15.5,0.4,0.0075,one_way,minimum_traffic_feasible,0.511422372380157,0.0,0.006437739227085344,0.0,10036.224000000031,3394.125253094383,1,2,False
receiver,3.25,15.5,0.4,0.0075,one_way,minimum_traffic_feasible,0.511422372380157,0.0,0.006437739227085344,0.0,10036.224000000031,3394.125253094383,1,2,False
receiver,3.5,15.5,0.4,0.0075,one_way,minimum_traffic_feasible,0.511422372380157,0.0,0.006437739227085344,0.0,10036.224000000031,3394.125253094383,1,2,False
receiver,3.75,15.5,0.4,0.0075,one_way,minimum_traffic_feasible,0.511422372380157,0.0,0.006437739227085344,0.0,10036.224000000031,3394.125253094383,1,2,False
receiver,4.0,15.5,0.4,0.0075,one_way,minimum_traffic_feasible,0.511422372380157,0.0,0.006437739227085344,0.0,10036.224000000031,3394.125253094383,1,2,False
receiver,4.25,15.5,0.4,0.0075,infeasible,no_communication_case_meets_requirements,0.04379947697890785,0.0,0.015379870979270549,0.0,10036.224000000031,3394.125253094383,1,2,False
receiver,4.5,15.5,0.4,0.0075,infeasible,no_communication_case_meets_requirements,0.04379947697890785,0.0,0.015379870979270549,0.0,10036.224000000031,3394.125253094383,1,2,False
receiver,4.75,15.5,0.4,0.0075,infeasible,no_communication_case_meets_requirements,0.04379947697890785,0.0,0.015379870979270549,0.0,10036.224000000031,3394.125253094383,1,2,False
receiver,5.0,15.5,0.4,0.0075,infeasible,no_communication_case_meets_requirements,0.0037510955469110237,0.0,0.024241522903033906,0.0,10036.224000000031,3394.125253094383,1,2,False
receiver,5.25,15.5,0.4,0.0075,infeasible,no_communication_case_meets_requirements,0.0,0.0,0.0,0.0,10036.224000000031,3394.125253094383,1,2,False
receiver,5.5,15.5,0.4,0.0075,infeasible,no_communication_case_meets_requirements,0.0,0.0,0.0,0.0,10036.224000000031,3394.125253094383,1,2,False
receiver,5.75,15.5,0.4,0.0075,infeasible,no_communication_case_meets_requirements,0.0,0.0,0.0,0.0,10036.224000000031,3394.125253094383,1,2,False
receiver,6.0,15.5,0.4,0.0075,infeasible,no_communication_case_meets_requirements,0.0,0.0,0.0,0.0,10036.224000000031,3394.125253094383,1,2,False
receiver,6.25,15.5,0.4,0.0075,infeasible,no_communication_case_meets_requirements,0.0,0.0,0.0,0.0,10036.224000000031,3394.125253094383,1,2,False
receiver,6.5,15.5,0.4,0.0075,infeasible,no_communication_case_meets_requirements,0.0,0.0,0.0,0.0,10036.224000000031,3394.125253094383,1,2,False
receiver,6.75,15.5,0.4,0.0075,infeasible,no_communication_case_meets_requirements,0.0,0.0,0.0,0.0,10036.224000000031,3394.125253094383,1,2,False
receiver,7.0,15.5,0.4,0.0075,infeasible,no_communication_case_meets_requirements,0.0,0.0,0.0,0.0,10036.224000000031,3394.125253094383,1,2,False
receiver,7.25,15.5,0.4,0.0075,infeasible,no_communication_case_meets_requirements,0.0,0.0,0.0,0.0,10036.224000000031,3394.125253094383,1,2,False
receiver,7.5,15.5,0.4,0.0075,infeasible,no_communication_case_meets_requirements,0.0,0.0,0.0,0.0,10036.224000000031,3394.125253094383,1,2,False
receiver,7.75,15.5,0.4,0.0075,infeasible,no_communication_case_meets_requirements,0.0,0.0,0.0,0.0,10036.224000000031,3394.125253094383,1,2,False
receiver,8.0,15.5,0.4,0.0075,infeasible,no_communication_case_meets_requirements,0.0,0.0,0.0,0.0,10036.224000000031,3394.125253094383,1,2,False
receiver,0.0,16.0,0.4,0.0075,feedback,minimum_traffic_feasible,0.511422372380157,0.511422372380157,0.006437739227085344,0.006437739227085344,10036.224000000031,3394.125253094383,1,2,False
receiver,0.25,16.0,0.4,0.0075,feedback,minimum_traffic_feasible,0.511422372380157,0.511422372380157,0.006437739227085344,0.006437739227085344,10036.224000000031,3394.125253094383,1,2,False
receiver,0.5,16.0,0.4,0.0075,feedback,minimum_traffic_feasible,0.511422372380157,0.511422372380157,0.006437739227085344,0.006437739227085344,10036.224000000031,3394.125253094383,1,2,False
receiver,0.75,16.0,0.4,0.0075,feedback,minimum_traffic_feasible,0.511422372380157,0.511422372380157,0.006437739227085344,0.006437739227085344,10036.224000000031,3394.125253094383,1,2,False
receiver,1.0,16.0,0.4,0.0075,feedback,minimum_traffic_feasible,0.511422372380157,0.511422372380157,0.006437739227085344,0.006437739227085344,10036.224000000031,3394.125253094383,1,2,False
receiver,1.25,16.0,0.4,0.0075,feedback,minimum_traffic_feasible,0.511422372380157,0.511422372380157,0.006437739227085344,0.006437739227085344,10036.224000000031,3394.125253094383,1,2,False
receiver,1.5,16.0,0.4,0.0075,feedback,minimum_traffic_feasible,0.511422372380157,0.511422372380157,0.006437739227085344,0.006437739227085344,10036.224000000031,3394.125253094383,1,2,False
receiver,1.75,16.0,0.4,0.0075,feedback,minimum_traffic_feasible,0.511422372380157,0.511422372380157,0.006437739227085344,0.006437739227085344,10036.224000000031,3394.125253094383,1,2,False
receiver,2.0,16.0,0.4,0.0075,feedback,minimum_traffic_feasible,0.511422372380157,0.511422372380157,0.006437739227085344,0.006437739227085344,10036.224000000031,3394.125253094383,1,2,False
receiver,2.25,16.0,0.4,0.0075,feedback,minimum_traffic_feasible,0.511422372380157,0.46338466121702576,0.006437739227085344,0.005609426354281838,10036.224000000031,3394.125253094383,1,2,False
receiver,2.5,16.0,0.4,0.0075,feedback,minimum_traffic_feasible,0.511422372380157,0.42333627978502897,0.006437739227085344,0.004763645807870683,10036.224000000031,3394.125253094383,1,2,False
receiver,2.75,16.0,0.4,0.0075,one_way,minimum_traffic_feasible,0.511422372380157,0.0,0.006437739227085344,0.0,10036.224000000031,3394.125253094383,1,2,False
receiver,3.0,16.0,0.4,0.0075,one_way,minimum_traffic_feasible,0.511422372380157,0.0,0.006437739227085344,0.0,10036.224000000031,3394.125253094383,1,2,False
receiver,3.25,16.0,0.4,0.0075,one_way,minimum_traffic_feasible,0.511422372380157,0.0,0.006437739227085344,0.0,10036.224000000031,3394.125253094383,1,2,False
receiver,3.5,16.0,0.4,0.0075,one_way,minimum_traffic_feasible,0.511422372380157,0.0,0.006437739227085344,0.0,10036.224000000031,3394.125253094383,1,2,False
receiver,3.75,16.0,0.4,0.0075,one_way,minimum_traffic_feasible,0.511422372380157,0.0,0.006437739227085344,0.0,10036.224000000031,3394.125253094383,1,2,False
receiver,4.0,16.0,0.4,0.0075,one_way,minimum_traffic_feasible,0.511422372380157,0.0,0.006437739227085344,0.0,10036.224000000031,3394.125253094383,1,2,False
receiver,4.25,16.0,0.4,0.0075,infeasible,no_communication_case_meets_requirements,0.04379947697890785,0.0,0.015379870979270549,0.0,10036.224000000031,3394.125253094383,1,2,False
receiver,4.5,16.0,0.4,0.0075,infeasible,no_communication_case_meets_requirements,0.04379947697890785,0.0,0.015379870979270549,0.0,10036.224000000031,3394.125253094383,1,2,False
receiver,4.75,16.0,0.4,0.0075,infeasible,no_communication_case_meets_requirements,0.04379947697890785,0.0,0.015379870979270549,0.0,10036.224000000031,3394.125253094383,1,2,False
receiver,5.0,16.0,0.4,0.0075,infeasible,no_communication_case_meets_requirements,0.0037510955469110237,0.0,0.024241522903033906,0.0,10036.224000000031,3394.125253094383,1,2,False
receiver,5.25,16.0,0.4,0.0075,infeasible,no_communication_case_meets_requirements,0.0,0.0,0.0,0.0,10036.224000000031,3394.125253094383,1,2,False
receiver,5.5,16.0,0.4,0.0075,infeasible,no_communication_case_meets_requirements,0.0,0.0,0.0,0.0,10036.224000000031,3394.125253094383,1,2,False
receiver,5.75,16.0,0.4,0.0075,infeasible,no_communication_case_meets_requirements,0.0,0.0,0.0,0.0,10036.224000000031,3394.125253094383,1,2,False
receiver,6.0,16.0,0.4,0.0075,infeasible,no_communication_case_meets_requirements,0.0,0.0,0.0,0.0,10036.224000000031,3394.125253094383,1,2,False
receiver,6.25,16.0,0.4,0.0075,infeasible,no_communication_case_meets_requirements,0.0,0.0,0.0,0.0,10036.224000000031,3394.125253094383,1,2,False
receiver,6.5,16.0,0.4,0.0075,infeasible,no_communication_case_meets_requirements,0.0,0.0,0.0,0.0,10036.224000000031,3394.125253094383,1,2,False
receiver,6.75,16.0,0.4,0.0075,infeasible,no_communication_case_meets_requirements,0.0,0.0,0.0,0.0,10036.224000000031,3394.125253094383,1,2,False
receiver,7.0,16.0,0.4,0.0075,infeasible,no_communication_case_meets_requirements,0.0,0.0,0.0,0.0,10036.224000000031,3394.125253094383,1,2,False
receiver,7.25,16.0,0.4,0.0075,infeasible,no_communication_case_meets_requirements,0.0,0.0,0.0,0.0,10036.224000000031,3394.125253094383,1,2,False
receiver,7.5,16.0,0.4,0.0075,infeasible,no_communication_case_meets_requirements,0.0,0.0,0.0,0.0,10036.224000000031,3394.125253094383,1,2,False
receiver,7.75,16.0,0.4,0.0075,infeasible,no_communication_case_meets_requirements,0.0,0.0,0.0,0.0,10036.224000000031,3394.125253094383,1,2,False
receiver,8.0,16.0,0.4,0.0075,infeasible,no_communication_case_meets_requirements,0.0,0.0,0.0,0.0,10036.224000000031,3394.125253094383,1,2,False
receiver,0.0,16.5,0.4,0.0075,feedback,minimum_traffic_feasible,0.511422372380157,0.511422372380157,0.006437739227085344,0.006437739227085344,10036.224000000031,3394.125253094383,1,2,False
receiver,0.25,16.5,0.4,0.0075,feedback,minimum_traffic_feasible,0.511422372380157,0.511422372380157,0.006437739227085344,0.006437739227085344,10036.224000000031,3394.125253094383,1,2,False
receiver,0.5,16.5,0.4,0.0075,feedback,minimum_traffic_feasible,0.511422372380157,0.511422372380157,0.006437739227085344,0.006437739227085344,10036.224000000031,3394.125253094383,1,2,False
receiver,0.75,16.5,0.4,0.0075,feedback,minimum_traffic_feasible,0.511422372380157,0.511422372380157,0.006437739227085344,0.006437739227085344,10036.224000000031,3394.125253094383,1,2,False
receiver,1.0,16.5,0.4,0.0075,feedback,minimum_traffic_feasible,0.511422372380157,0.511422372380157,0.006437739227085344,0.006437739227085344,10036.224000000031,3394.125253094383,1,2,False
receiver,1.25,16.5,0.4,0.0075,feedback,minimum_traffic_feasible,0.511422372380157,0.511422372380157,0.006437739227085344,0.006437739227085344,10036.224000000031,3394.125253094383,1,2,False
receiver,1.5,16.5,0.4,0.0075,feedback,minimum_traffic_feasible,0.511422372380157,0.511422372380157,0.006437739227085344,0.006437739227085344,10036.224000000031,3394.125253094383,1,2,False
receiver,1.75,16.5,0.4,0.0075,feedback,minimum_traffic_feasible,0.511422372380157,0.511422372380157,0.006437739227085344,0.006437739227085344,10036.224000000031,3394.125253094383,1,2,False
receiver,2.0,16.5,0.4,0.0075,feedback,minimum_traffic_feasible,0.511422372380157,0.511422372380157,0.006437739227085344,0.006437739227085344,10036.224000000031,3394.125253094383,1,2,False
receiver,2.25,16.5,0.4,0.0075,feedback,minimum_traffic_feasible,0.511422372380157,0.46338466121702576,0.006437739227085344,0.005609426354281838,10036.224000000031,3394.125253094383,1,2,False
receiver,2.5,16.5,0.4,0.0075,feedback,minimum_traffic_feasible,0.511422372380157,0.42333627978502897,0.006437739227085344,0.004763645807870683,10036.224000000031,3394.125253094383,1,2,False
receiver,2.75,16.5,0.4,0.0075,one_way,minimum_traffic_feasible,0.511422372380157,0.0,0.006437739227085344,0.0,10036.224000000031,3394.125253094383,1,2,False
receiver,3.0,16.5,0.4,0.0075,one_way,minimum_traffic_feasible,0.511422372380157,0.0,0.006437739227085344,0.0,10036.224000000031,3394.125253094383,1,2,False
receiver,3.25,16.5,0.4,0.0075,one_way,minimum_traffic_feasible,0.511422372380157,0.0,0.006437739227085344,0.0,10036.224000000031,3394.125253094383,1,2,False
receiver,3.5,16.5,0.4,0.0075,one_way,minimum_traffic_feasible,0.511422372380157,0.0,0.006437739227085344,0.0,10036.224000000031,3394.125253094383,1,2,False
receiver,3.75,16.5,0.4,0.0075,one_way,minimum_traffic_feasible,0.511422372380157,0.0,0.006437739227085344,0.0,10036.224000000031,3394.125253094383,1,2,False
receiver,4.0,16.5,0.4,0.0075,one_way,minimum_traffic_feasible,0.511422372380157,0.0,0.006437739227085344,0.0,10036.224000000031,3394.125253094383,1,2,False
receiver,4.25,16.5,0.4,0.0075,infeasible,no_communication_case_meets_requirements,0.04379947697890785,0.0,0.015379870979270549,0.0,10036.224000000031,3394.125253094383,1,2,False
receiver,4.5,16.5,0.4,0.0075,infeasible,no_communication_case_meets_requirements,0.04379947697890785,0.0,0.015379870979270549,0.0,10036.224000000031,3394.125253094383,1,2,False
receiver,4.75,16.5,0.4,0.0075,infeasible,no_communication_case_meets_requirements,0.04379947697890785,0.0,0.015379870979270549,0.0,10036.224000000031,3394.125253094383,1,2,False
receiver,5.0,16.5,0.4,0.0075,infeasible,no_communication_case_meets_requirements,0.0037510955469110237,0.0,0.024241522903033906,0.0,10036.224000000031,3394.125253094383,1,2,False
receiver,5.25,16.5,0.4,0.0075,infeasible,no_communication_case_meets_requirements,0.0,0.0,0.0,0.0,10036.224000000031,3394.125253094383,1,2,False
receiver,5.5,16.5,0.4,0.0075,infeasible,no_communication_case_meets_requirements,0.0,0.0,0.0,0.0,10036.224000000031,3394.125253094383,1,2,False
receiver,5.75,16.5,0.4,0.0075,infeasible,no_communication_case_meets_requirements,0.0,0.0,0.0,0.0,10036.224000000031,3394.125253094383,1,2,False
receiver,6.0,16.5,0.4,0.0075,infeasible,no_communication_case_meets_requirements,0.0,0.0,0.0,0.0,10036.224000000031,3394.125253094383,1,2,False
receiver,6.25,16.5,0.4,0.0075,infeasible,no_communication_case_meets_requirements,0.0,0.0,0.0,0.0,10036.224000000031,3394.125253094383,1,2,False
receiver,6.5,16.5,0.4,0.0075,infeasible,no_communication_case_meets_requirements,0.0,0.0,0.0,0.0,10036.224000000031,3394.125253094383,1,2,False
receiver,6.75,16.5,0.4,0.0075,infeasible,no_communication_case_meets_requirements,0.0,0.0,0.0,0.0,10036.224000000031,3394.125253094383,1,2,False
receiver,7.0,16.5,0.4,0.0075,infeasible,no_communication_case_meets_requirements,0.0,0.0,0.0,0.0,10036.224000000031,3394.125253094383,1,2,False
receiver,7.25,16.5,0.4,0.0075,infeasible,no_communication_case_meets_requirements,0.0,0.0,0.0,0.0,10036.224000000031,3394.125253094383,1,2,False
receiver,7.5,16.5,0.4,0.0075,infeasible,no_communication_case_meets_requirements,0.0,0.0,0.0,0.0,10036.224000000031,3394.125253094383,1,2,False
receiver,7.75,16.5,0.4,0.0075,infeasible,no_communication_case_meets_requirements,0.0,0.0,0.0,0.0,10036.224000000031,3394.125253094383,1,2,False
receiver,8.0,16.5,0.4,0.0075,infeasible,no_communication_case_meets_requirements,0.0,0.0,0.0,0.0,10036.224000000031,3394.125253094383,1,2,False
receiver,0.0,17.0,0.4,0.0075,feedback,minimum_traffic_feasible,0.511422372380157,0.511422372380157,0.006437739227085344,0.006437739227085344,10036.224000000031,3394.125253094383,1,2,False
receiver,0.25,17.0,0.4,0.0075,feedback,minimum_traffic_feasible,0.511422372380157,0.511422372380157,0.006437739227085344,0.006437739227085344,10036.224000000031,3394.125253094383,1,2,False
receiver,0.5,17.0,0.4,0.0075,feedback,minimum_traffic_feasible,0.511422372380157,0.511422372380157,0.006437739227085344,0.006437739227085344,10036.224000000031,3394.125253094383,1,2,False
receiver,0.75,17.0,0.4,0.0075,feedback,minimum_traffic_feasible,0.511422372380157,0.511422372380157,0.006437739227085344,0.006437739227085344,10036.224000000031,3394.125253094383,1,2,False
receiver,1.0,17.0,0.4,0.0075,feedback,minimum_traffic_feasible,0.511422372380157,0.511422372380157,0.006437739227085344,0.006437739227085344,10036.224000000031,3394.125253094383,1,2,False
receiver,1.25,17.0,0.4,0.0075,feedback,minimum_traffic_feasible,0.511422372380157,0.511422372380157,0.006437739227085344,0.006437739227085344,10036.224000000031,3394.125253094383,1,2,False
receiver,1.5,17.0,0.4,0.0075,feedback,minimum_traffic_feasible,0.511422372380157,0.511422372380157,0.006437739227085344,0.006437739227085344,10036.224000000031,3394.125253094383,1,2,False
receiver,1.75,17.0,0.4,0.0075,feedback,minimum_traffic_feasible,0.511422372380157,0.511422372380157,0.006437739227085344,0.006437739227085344,10036.224000000031,3394.125253094383,1,2,False
receiver,2.0,17.0,0.4,0.0075,feedback,minimum_traffic_feasible,0.511422372380157,0.511422372380157,0.006437739227085344,0.006437739227085344,10036.224000000031,3394.125253094383,1,2,False
receiver,2.25,17.0,0.4,0.0075,feedback,minimum_traffic_feasible,0.511422372380157,0.46338466121702576,0.006437739227085344,0.005609426354281838,10036.224000000031,3394.125253094383,1,2,False
receiver,2.5,17.0,0.4,0.0075,feedback,minimum_traffic_feasible,0.511422372380157,0.42333627978502897,0.006437739227085344,0.004763645807870683,10036.224000000031,3394.125253094383,1,2,False
receiver,2.75,17.0,0.4,0.0075,one_way,minimum_traffic_feasible,0.511422372380157,0.0,0.006437739227085344,0.0,10036.224000000031,3394.125253094383,1,2,False
receiver,3.0,17.0,0.4,0.0075,one_way,minimum_traffic_feasible,0.511422372380157,0.0,0.006437739227085344,0.0,10036.224000000031,3394.125253094383,1,2,False
receiver,3.25,17.0,0.4,0.0075,one_way,minimum_traffic_feasible,0.511422372380157,0.0,0.006437739227085344,0.0,10036.224000000031,3394.125253094383,1,2,False
receiver,3.5,17.0,0.4,0.0075,one_way,minimum_traffic_feasible,0.511422372380157,0.0,0.006437739227085344,0.0,10036.224000000031,3394.125253094383,1,2,False
receiver,3.75,17.0,0.4,0.0075,one_way,minimum_traffic_feasible,0.511422372380157,0.0,0.006437739227085344,0.0,10036.224000000031,3394.125253094383,1,2,False
receiver,4.0,17.0,0.4,0.0075,one_way,minimum_traffic_feasible,0.511422372380157,0.0,0.006437739227085344,0.0,10036.224000000031,3394.125253094383,1,2,False
receiver,4.25,17.0,0.4,0.0075,infeasible,no_communication_case_meets_requirements,0.04379947697890785,0.0,0.015379870979270549,0.0,10036.224000000031,3394.125253094383,1,2,False
receiver,4.5,17.0,0.4,0.0075,infeasible,no_communication_case_meets_requirements,0.04379947697890785,0.0,0.015379870979270549,0.0,10036.224000000031,3394.125253094383,1,2,False
receiver,4.75,17.0,0.4,0.0075,infeasible,no_communication_case_meets_requirements,0.04379947697890785,0.0,0.015379870979270549,0.0,10036.224000000031,3394.125253094383,1,2,False
receiver,5.0,17.0,0.4,0.0075,infeasible,no_communication_case_meets_requirements,0.0037510955469110237,0.0,0.024241522903033906,0.0,10036.224000000031,3394.125253094383,1,2,False
receiver,5.25,17.0,0.4,0.0075,infeasible,no_communication_case_meets_requirements,0.0,0.0,0.0,0.0,10036.224000000031,3394.125253094383,1,2,False
receiver,5.5,17.0,0.4,0.0075,infeasible,no_communication_case_meets_requirements,0.0,0.0,0.0,0.0,10036.224000000031,3394.125253094383,1,2,False
receiver,5.75,17.0,0.4,0.0075,infeasible,no_communication_case_meets_requirements,0.0,0.0,0.0,0.0,10036.224000000031,3394.125253094383,1,2,False
receiver,6.0,17.0,0.4,0.0075,infeasible,no_communication_case_meets_requirements,0.0,0.0,0.0,0.0,10036.224000000031,3394.125253094383,1,2,False
receiver,6.25,17.0,0.4,0.0075,infeasible,no_communication_case_meets_requirements,0.0,0.0,0.0,0.0,10036.224000000031,3394.125253094383,1,2,False
receiver,6.5,17.0,0.4,0.0075,infeasible,no_communication_case_meets_requirements,0.0,0.0,0.0,0.0,10036.224000000031,3394.125253094383,1,2,False
receiver,6.75,17.0,0.4,0.0075,infeasible,no_communication_case_meets_requirements,0.0,0.0,0.0,0.0,10036.224000000031,3394.125253094383,1,2,False
receiver,7.0,17.0,0.4,0.0075,infeasible,no_communication_case_meets_requirements,0.0,0.0,0.0,0.0,10036.224000000031,3394.125253094383,1,2,False
receiver,7.25,17.0,0.4,0.0075,infeasible,no_communication_case_meets_requirements,0.0,0.0,0.0,0.0,10036.224000000031,3394.125253094383,1,2,False
receiver,7.5,17.0,0.4,0.0075,infeasible,no_communication_case_meets_requirements,0.0,0.0,0.0,0.0,10036.224000000031,3394.125253094383,1,2,False
receiver,7.75,17.0,0.4,0.0075,infeasible,no_communication_case_meets_requirements,0.0,0.0,0.0,0.0,10036.224000000031,3394.125253094383,1,2,False
receiver,8.0,17.0,0.4,0.0075,infeasible,no_communication_case_meets_requirements,0.0,0.0,0.0,0.0,10036.224000000031,3394.125253094383,1,2,False
receiver,0.0,17.5,0.4,0.0075,feedback,minimum_traffic_feasible,0.511422372380157,0.511422372380157,0.006437739227085344,0.006437739227085344,10036.224000000031,3394.125253094383,1,2,False
receiver,0.25,17.5,0.4,0.0075,feedback,minimum_traffic_feasible,0.511422372380157,0.511422372380157,0.006437739227085344,0.006437739227085344,10036.224000000031,3394.125253094383,1,2,False
receiver,0.5,17.5,0.4,0.0075,feedback,minimum_traffic_feasible,0.511422372380157,0.511422372380157,0.006437739227085344,0.006437739227085344,10036.224000000031,3394.125253094383,1,2,False
receiver,0.75,17.5,0.4,0.0075,feedback,minimum_traffic_feasible,0.511422372380157,0.511422372380157,0.006437739227085344,0.006437739227085344,10036.224000000031,3394.125253094383,1,2,False
receiver,1.0,17.5,0.4,0.0075,feedback,minimum_traffic_feasible,0.511422372380157,0.511422372380157,0.006437739227085344,0.006437739227085344,10036.224000000031,3394.125253094383,1,2,False
receiver,1.25,17.5,0.4,0.0075,feedback,minimum_traffic_feasible,0.511422372380157,0.511422372380157,0.006437739227085344,0.006437739227085344,10036.224000000031,3394.125253094383,1,2,False
receiver,1.5,17.5,0.4,0.0075,feedback,minimum_traffic_feasible,0.511422372380157,0.511422372380157,0.006437739227085344,0.006437739227085344,10036.224000000031,3394.125253094383,1,2,False
receiver,1.75,17.5,0.4,0.0075,feedback,minimum_traffic_feasible,0.511422372380157,0.511422372380157,0.006437739227085344,0.006437739227085344,10036.224000000031,3394.125253094383,1,2,False
receiver,2.0,17.5,0.4,0.0075,feedback,minimum_traffic_feasible,0.511422372380157,0.511422372380157,0.006437739227085344,0.006437739227085344,10036.224000000031,3394.125253094383,1,2,False
receiver,2.25,17.5,0.4,0.0075,feedback,minimum_traffic_feasible,0.511422372380157,0.46338466121702576,0.006437739227085344,0.005609426354281838,10036.224000000031,3394.125253094383,1,2,False
receiver,2.5,17.5,0.4,0.0075,feedback,minimum_traffic_feasible,0.511422372380157,0.42333627978502897,0.006437739227085344,0.004763645807870683,10036.224000000031,3394.125253094383,1,2,False
receiver,2.75,17.5,0.4,0.0075,one_way,minimum_traffic_feasible,0.511422372380157,0.0,0.006437739227085344,0.0,10036.224000000031,3394.125253094383,1,2,False
receiver,3.0,17.5,0.4,0.0075,one_way,minimum_traffic_feasible,0.511422372380157,0.0,0.006437739227085344,0.0,10036.224000000031,3394.125253094383,1,2,False
receiver,3.25,17.5,0.4,0.0075,one_way,minimum_traffic_feasible,0.511422372380157,0.0,0.006437739227085344,0.0,10036.224000000031,3394.125253094383,1,2,False
receiver,3.5,17.5,0.4,0.0075,one_way,minimum_traffic_feasible,0.511422372380157,0.0,0.006437739227085344,0.0,10036.224000000031,3394.125253094383,1,2,False
receiver,3.75,17.5,0.4,0.0075,one_way,minimum_traffic_feasible,0.511422372380157,0.0,0.006437739227085344,0.0,10036.224000000031,3394.125253094383,1,2,False
receiver,4.0,17.5,0.4,0.0075,one_way,minimum_traffic_feasible,0.511422372380157,0.0,0.006437739227085344,0.0,10036.224000000031,3394.125253094383,1,2,False
receiver,4.25,17.5,0.4,0.0075,infeasible,no_communication_case_meets_requirements,0.04379947697890785,0.0,0.015379870979270549,0.0,10036.224000000031,3394.125253094383,1,2,False
receiver,4.5,17.5,0.4,0.0075,infeasible,no_communication_case_meets_requirements,0.04379947697890785,0.0,0.015379870979270549,0.0,10036.224000000031,3394.125253094383,1,2,False
receiver,4.75,17.5,0.4,0.0075,infeasible,no_communication_case_meets_requirements,0.04379947697890785,0.0,0.015379870979270549,0.0,10036.224000000031,3394.125253094383,1,2,False
receiver,5.0,17.5,0.4,0.0075,infeasible,no_communication_case_meets_requirements,0.0037510955469110237,0.0,0.024241522903033906,0.0,10036.224000000031,3394.125253094383,1,2,False
receiver,5.25,17.5,0.4,0.0075,infeasible,no_communication_case_meets_requirements,0.0,0.0,0.0,0.0,10036.224000000031,3394.125253094383,1,2,False
receiver,5.5,17.5,0.4,0.0075,infeasible,no_communication_case_meets_requirements,0.0,0.0,0.0,0.0,10036.224000000031,3394.125253094383,1,2,False
receiver,5.75,17.5,0.4,0.0075,infeasible,no_communication_case_meets_requirements,0.0,0.0,0.0,0.0,10036.224000000031,3394.125253094383,1,2,False
receiver,6.0,17.5,0.4,0.0075,infeasible,no_communication_case_meets_requirements,0.0,0.0,0.0,0.0,10036.224000000031,3394.125253094383,1,2,False
receiver,6.25,17.5,0.4,0.0075,infeasible,no_communication_case_meets_requirements,0.0,0.0,0.0,0.0,10036.224000000031,3394.125253094383,1,2,False
receiver,6.5,17.5,0.4,0.0075,infeasible,no_communication_case_meets_requirements,0.0,0.0,0.0,0.0,10036.224000000031,3394.125253094383,1,2,False
receiver,6.75,17.5,0.4,0.0075,infeasible,no_communication_case_meets_requirements,0.0,0.0,0.0,0.0,10036.224000000031,3394.125253094383,1,2,False
receiver,7.0,17.5,0.4,0.0075,infeasible,no_communication_case_meets_requirements,0.0,0.0,0.0,0.0,10036.224000000031,3394.125253094383,1,2,False
receiver,7.25,17.5,0.4,0.0075,infeasible,no_communication_case_meets_requirements,0.0,0.0,0.0,0.0,10036.224000000031,3394.125253094383,1,2,False
receiver,7.5,17.5,0.4,0.0075,infeasible,no_communication_case_meets_requirements,0.0,0.0,0.0,0.0,10036.224000000031,3394.125253094383,1,2,False
receiver,7.75,17.5,0.4,0.0075,infeasible,no_communication_case_meets_requirements,0.0,0.0,0.0,0.0,10036.224000000031,3394.125253094383,1,2,False
receiver,8.0,17.5,0.4,0.0075,infeasible,no_communication_case_meets_requirements,0.0,0.0,0.0,0.0,10036.224000000031,3394.125253094383,1,2,False
receiver,0.0,18.0,0.4,0.0075,feedback,minimum_traffic_feasible,0.511422372380157,0.511422372380157,0.006437739227085344,0.006437739227085344,10036.224000000031,3394.125253094383,1,2,False
receiver,0.25,18.0,0.4,0.0075,feedback,minimum_traffic_feasible,0.511422372380157,0.511422372380157,0.006437739227085344,0.006437739227085344,10036.224000000031,3394.125253094383,1,2,False
receiver,0.5,18.0,0.4,0.0075,feedback,minimum_traffic_feasible,0.511422372380157,0.511422372380157,0.006437739227085344,0.006437739227085344,10036.224000000031,3394.125253094383,1,2,False
receiver,0.75,18.0,0.4,0.0075,feedback,minimum_traffic_feasible,0.511422372380157,0.511422372380157,0.006437739227085344,0.006437739227085344,10036.224000000031,3394.125253094383,1,2,False
receiver,1.0,18.0,0.4,0.0075,feedback,minimum_traffic_feasible,0.511422372380157,0.511422372380157,0.006437739227085344,0.006437739227085344,10036.224000000031,3394.125253094383,1,2,False
receiver,1.25,18.0,0.4,0.0075,feedback,minimum_traffic_feasible,0.511422372380157,0.511422372380157,0.006437739227085344,0.006437739227085344,10036.224000000031,3394.125253094383,1,2,False
receiver,1.5,18.0,0.4,0.0075,feedback,minimum_traffic_feasible,0.511422372380157,0.511422372380157,0.006437739227085344,0.006437739227085344,10036.224000000031,3394.125253094383,1,2,False
receiver,1.75,18.0,0.4,0.0075,feedback,minimum_traffic_feasible,0.511422372380157,0.511422372380157,0.006437739227085344,0.006437739227085344,10036.224000000031,3394.125253094383,1,2,False
receiver,2.0,18.0,0.4,0.0075,feedback,minimum_traffic_feasible,0.511422372380157,0.511422372380157,0.006437739227085344,0.006437739227085344,10036.224000000031,3394.125253094383,1,2,False
receiver,2.25,18.0,0.4,0.0075,feedback,minimum_traffic_feasible,0.511422372380157,0.46338466121702576,0.006437739227085344,0.005609426354281838,10036.224000000031,3394.125253094383,1,2,False
receiver,2.5,18.0,0.4,0.0075,feedback,minimum_traffic_feasible,0.511422372380157,0.42333627978502897,0.006437739227085344,0.004763645807870683,10036.224000000031,3394.125253094383,1,2,False
receiver,2.75,18.0,0.4,0.0075,one_way,minimum_traffic_feasible,0.511422372380157,0.0,0.006437739227085344,0.0,10036.224000000031,3394.125253094383,1,2,False
receiver,3.0,18.0,0.4,0.0075,one_way,minimum_traffic_feasible,0.511422372380157,0.0,0.006437739227085344,0.0,10036.224000000031,3394.125253094383,1,2,False
receiver,3.25,18.0,0.4,0.0075,one_way,minimum_traffic_feasible,0.511422372380157,0.0,0.006437739227085344,0.0,10036.224000000031,3394.125253094383,1,2,False
receiver,3.5,18.0,0.4,0.0075,one_way,minimum_traffic_feasible,0.511422372380157,0.0,0.006437739227085344,0.0,10036.224000000031,3394.125253094383,1,2,False
receiver,3.75,18.0,0.4,0.0075,one_way,minimum_traffic_feasible,0.511422372380157,0.0,0.006437739227085344,0.0,10036.224000000031,3394.125253094383,1,2,False
receiver,4.0,18.0,0.4,0.0075,one_way,minimum_traffic_feasible,0.511422372380157,0.0,0.006437739227085344,0.0,10036.224000000031,3394.125253094383,1,2,False
receiver,4.25,18.0,0.4,0.0075,infeasible,no_communication_case_meets_requirements,0.04379947697890785,0.0,0.015379870979270549,0.0,10036.224000000031,3394.125253094383,1,2,False
receiver,4.5,18.0,0.4,0.0075,infeasible,no_communication_case_meets_requirements,0.04379947697890785,0.0,0.015379870979270549,0.0,10036.224000000031,3394.125253094383,1,2,False
receiver,4.75,18.0,0.4,0.0075,infeasible,no_communication_case_meets_requirements,0.04379947697890785,0.0,0.015379870979270549,0.0,10036.224000000031,3394.125253094383,1,2,False
receiver,5.0,18.0,0.4,0.0075,infeasible,no_communication_case_meets_requirements,0.0037510955469110237,0.0,0.024241522903033906,0.0,10036.224000000031,3394.125253094383,1,2,False
receiver,5.25,18.0,0.4,0.0075,infeasible,no_communication_case_meets_requirements,0.0,0.0,0.0,0.0,10036.224000000031,3394.125253094383,1,2,False
receiver,5.5,18.0,0.4,0.0075,infeasible,no_communication_case_meets_requirements,0.0,0.0,0.0,0.0,10036.224000000031,3394.125253094383,1,2,False
receiver,5.75,18.0,0.4,0.0075,infeasible,no_communication_case_meets_requirements,0.0,0.0,0.0,0.0,10036.224000000031,3394.125253094383,1,2,False
receiver,6.0,18.0,0.4,0.0075,infeasible,no_communication_case_meets_requirements,0.0,0.0,0.0,0.0,10036.224000000031,3394.125253094383,1,2,False
receiver,6.25,18.0,0.4,0.0075,infeasible,no_communication_case_meets_requirements,0.0,0.0,0.0,0.0,10036.224000000031,3394.125253094383,1,2,False
receiver,6.5,18.0,0.4,0.0075,infeasible,no_communication_case_meets_requirements,0.0,0.0,0.0,0.0,10036.224000000031,3394.125253094383,1,2,False
receiver,6.75,18.0,0.4,0.0075,infeasible,no_communication_case_meets_requirements,0.0,0.0,0.0,0.0,10036.224000000031,3394.125253094383,1,2,False
receiver,7.0,18.0,0.4,0.0075,infeasible,no_communication_case_meets_requirements,0.0,0.0,0.0,0.0,10036.224000000031,3394.125253094383,1,2,False
receiver,7.25,18.0,0.4,0.0075,infeasible,no_communication_case_meets_requirements,0.0,0.0,0.0,0.0,10036.224000000031,3394.125253094383,1,2,False
receiver,7.5,18.0,0.4,0.0075,infeasible,no_communication_case_meets_requirements,0.0,0.0,0.0,0.0,10036.224000000031,3394.125253094383,1,2,False
receiver,7.75,18.0,0.4,0.0075,infeasible,no_communication_case_meets_requirements,0.0,0.0,0.0,0.0,10036.224000000031,3394.125253094383,1,2,False
receiver,8.0,18.0,0.4,0.0075,infeasible,no_communication_case_meets_requirements,0.0,0.0,0.0,0.0,10036.224000000031,3394.125253094383,1,2,False
receiver,0.0,18.5,0.4,0.0075,feedback,minimum_traffic_feasible,0.511422372380157,0.511422372380157,0.006437739227085344,0.006437739227085344,10036.224000000031,3394.125253094383,1,2,False
receiver,0.25,18.5,0.4,0.0075,feedback,minimum_traffic_feasible,0.511422372380157,0.511422372380157,0.006437739227085344,0.006437739227085344,10036.224000000031,3394.125253094383,1,2,False
receiver,0.5,18.5,0.4,0.0075,feedback,minimum_traffic_feasible,0.511422372380157,0.511422372380157,0.006437739227085344,0.006437739227085344,10036.224000000031,3394.125253094383,1,2,False
receiver,0.75,18.5,0.4,0.0075,feedback,minimum_traffic_feasible,0.511422372380157,0.511422372380157,0.006437739227085344,0.006437739227085344,10036.224000000031,3394.125253094383,1,2,False
receiver,1.0,18.5,0.4,0.0075,feedback,minimum_traffic_feasible,0.511422372380157,0.511422372380157,0.006437739227085344,0.006437739227085344,10036.224000000031,3394.125253094383,1,2,False
receiver,1.25,18.5,0.4,0.0075,feedback,minimum_traffic_feasible,0.511422372380157,0.511422372380157,0.006437739227085344,0.006437739227085344,10036.224000000031,3394.125253094383,1,2,False
receiver,1.5,18.5,0.4,0.0075,feedback,minimum_traffic_feasible,0.511422372380157,0.511422372380157,0.006437739227085344,0.006437739227085344,10036.224000000031,3394.125253094383,1,2,False
receiver,1.75,18.5,0.4,0.0075,feedback,minimum_traffic_feasible,0.511422372380157,0.511422372380157,0.006437739227085344,0.006437739227085344,10036.224000000031,3394.125253094383,1,2,False
receiver,2.0,18.5,0.4,0.0075,feedback,minimum_traffic_feasible,0.511422372380157,0.511422372380157,0.006437739227085344,0.006437739227085344,10036.224000000031,3394.125253094383,1,2,False
receiver,2.25,18.5,0.4,0.0075,feedback,minimum_traffic_feasible,0.511422372380157,0.46338466121702576,0.006437739227085344,0.005609426354281838,10036.224000000031,3394.125253094383,1,2,False
receiver,2.5,18.5,0.4,0.0075,feedback,minimum_traffic_feasible,0.511422372380157,0.42333627978502897,0.006437739227085344,0.004763645807870683,10036.224000000031,3394.125253094383,1,2,False
receiver,2.75,18.5,0.4,0.0075,one_way,minimum_traffic_feasible,0.511422372380157,0.0,0.006437739227085344,0.0,10036.224000000031,3394.125253094383,1,2,False
receiver,3.0,18.5,0.4,0.0075,one_way,minimum_traffic_feasible,0.511422372380157,0.0,0.006437739227085344,0.0,10036.224000000031,3394.125253094383,1,2,False
receiver,3.25,18.5,0.4,0.0075,one_way,minimum_traffic_feasible,0.511422372380157,0.0,0.006437739227085344,0.0,10036.224000000031,3394.125253094383,1,2,False
receiver,3.5,18.5,0.4,0.0075,one_way,minimum_traffic_feasible,0.511422372380157,0.0,0.006437739227085344,0.0,10036.224000000031,3394.125253094383,1,2,False
receiver,3.75,18.5,0.4,0.0075,one_way,minimum_traffic_feasible,0.511422372380157,0.0,0.006437739227085344,0.0,10036.224000000031,3394.125253094383,1,2,False
receiver,4.0,18.5,0.4,0.0075,one_way,minimum_traffic_feasible,0.511422372380157,0.0,0.006437739227085344,0.0,10036.224000000031,3394.125253094383,1,2,False
receiver,4.25,18.5,0.4,0.0075,infeasible,no_communication_case_meets_requirements,0.04379947697890785,0.0,0.015379870979270549,0.0,10036.224000000031,3394.125253094383,1,2,False
receiver,4.5,18.5,0.4,0.0075,infeasible,no_communication_case_meets_requirements,0.04379947697890785,0.0,0.015379870979270549,0.0,10036.224000000031,3394.125253094383,1,2,False
receiver,4.75,18.5,0.4,0.0075,infeasible,no_communication_case_meets_requirements,0.04379947697890785,0.0,0.015379870979270549,0.0,10036.224000000031,3394.125253094383,1,2,False
receiver,5.0,18.5,0.4,0.0075,infeasible,no_communication_case_meets_requirements,0.0037510955469110237,0.0,0.024241522903033906,0.0,10036.224000000031,3394.125253094383,1,2,False
receiver,5.25,18.5,0.4,0.0075,infeasible,no_communication_case_meets_requirements,0.0,0.0,0.0,0.0,10036.224000000031,3394.125253094383,1,2,False
receiver,5.5,18.5,0.4,0.0075,infeasible,no_communication_case_meets_requirements,0.0,0.0,0.0,0.0,10036.224000000031,3394.125253094383,1,2,False
receiver,5.75,18.5,0.4,0.0075,infeasible,no_communication_case_meets_requirements,0.0,0.0,0.0,0.0,10036.224000000031,3394.125253094383,1,2,False
receiver,6.0,18.5,0.4,0.0075,infeasible,no_communication_case_meets_requirements,0.0,0.0,0.0,0.0,10036.224000000031,3394.125253094383,1,2,False
receiver,6.25,18.5,0.4,0.0075,infeasible,no_communication_case_meets_requirements,0.0,0.0,0.0,0.0,10036.224000000031,3394.125253094383,1,2,False
receiver,6.5,18.5,0.4,0.0075,infeasible,no_communication_case_meets_requirements,0.0,0.0,0.0,0.0,10036.224000000031,3394.125253094383,1,2,False
receiver,6.75,18.5,0.4,0.0075,infeasible,no_communication_case_meets_requirements,0.0,0.0,0.0,0.0,10036.224000000031,3394.125253094383,1,2,False
receiver,7.0,18.5,0.4,0.0075,infeasible,no_communication_case_meets_requirements,0.0,0.0,0.0,0.0,10036.224000000031,3394.125253094383,1,2,False
receiver,7.25,18.5,0.4,0.0075,infeasible,no_communication_case_meets_requirements,0.0,0.0,0.0,0.0,10036.224000000031,3394.125253094383,1,2,False
receiver,7.5,18.5,0.4,0.0075,infeasible,no_communication_case_meets_requirements,0.0,0.0,0.0,0.0,10036.224000000031,3394.125253094383,1,2,False
receiver,7.75,18.5,0.4,0.0075,infeasible,no_communication_case_meets_requirements,0.0,0.0,0.0,0.0,10036.224000000031,3394.125253094383,1,2,False
receiver,8.0,18.5,0.4,0.0075,infeasible,no_communication_case_meets_requirements,0.0,0.0,0.0,0.0,10036.224000000031,3394.125253094383,1,2,False
receiver,0.0,19.0,0.4,0.0075,feedback,minimum_traffic_feasible,0.511422372380157,0.511422372380157,0.006437739227085344,0.006437739227085344,10036.224000000031,3394.125253094383,1,2,False
receiver,0.25,19.0,0.4,0.0075,feedback,minimum_traffic_feasible,0.511422372380157,0.511422372380157,0.006437739227085344,0.006437739227085344,10036.224000000031,3394.125253094383,1,2,False
receiver,0.5,19.0,0.4,0.0075,feedback,minimum_traffic_feasible,0.511422372380157,0.511422372380157,0.006437739227085344,0.006437739227085344,10036.224000000031,3394.125253094383,1,2,False
receiver,0.75,19.0,0.4,0.0075,feedback,minimum_traffic_feasible,0.511422372380157,0.511422372380157,0.006437739227085344,0.006437739227085344,10036.224000000031,3394.125253094383,1,2,False
receiver,1.0,19.0,0.4,0.0075,feedback,minimum_traffic_feasible,0.511422372380157,0.511422372380157,0.006437739227085344,0.006437739227085344,10036.224000000031,3394.125253094383,1,2,False
receiver,1.25,19.0,0.4,0.0075,feedback,minimum_traffic_feasible,0.511422372380157,0.511422372380157,0.006437739227085344,0.006437739227085344,10036.224000000031,3394.125253094383,1,2,False
receiver,1.5,19.0,0.4,0.0075,feedback,minimum_traffic_feasible,0.511422372380157,0.511422372380157,0.006437739227085344,0.006437739227085344,10036.224000000031,3394.125253094383,1,2,False
receiver,1.75,19.0,0.4,0.0075,feedback,minimum_traffic_feasible,0.511422372380157,0.511422372380157,0.006437739227085344,0.006437739227085344,10036.224000000031,3394.125253094383,1,2,False
receiver,2.0,19.0,0.4,0.0075,feedback,minimum_traffic_feasible,0.511422372380157,0.511422372380157,0.006437739227085344,0.006437739227085344,10036.224000000031,3394.125253094383,1,2,False
receiver,2.25,19.0,0.4,0.0075,feedback,minimum_traffic_feasible,0.511422372380157,0.46338466121702576,0.006437739227085344,0.005609426354281838,10036.224000000031,3394.125253094383,1,2,False
receiver,2.5,19.0,0.4,0.0075,feedback,minimum_traffic_feasible,0.511422372380157,0.42333627978502897,0.006437739227085344,0.004763645807870683,10036.224000000031,3394.125253094383,1,2,False
receiver,2.75,19.0,0.4,0.0075,one_way,minimum_traffic_feasible,0.511422372380157,0.0,0.006437739227085344,0.0,10036.224000000031,3394.125253094383,1,2,False
receiver,3.0,19.0,0.4,0.0075,one_way,minimum_traffic_feasible,0.511422372380157,0.0,0.006437739227085344,0.0,10036.224000000031,3394.125253094383,1,2,False
receiver,3.25,19.0,0.4,0.0075,one_way,minimum_traffic_feasible,0.511422372380157,0.0,0.006437739227085344,0.0,10036.224000000031,3394.125253094383,1,2,False
receiver,3.5,19.0,0.4,0.0075,one_way,minimum_traffic_feasible,0.511422372380157,0.0,0.006437739227085344,0.0,10036.224000000031,3394.125253094383,1,2,False
receiver,3.75,19.0,0.4,0.0075,one_way,minimum_traffic_feasible,0.511422372380157,0.0,0.006437739227085344,0.0,10036.224000000031,3394.125253094383,1,2,False
receiver,4.0,19.0,0.4,0.0075,one_way,minimum_traffic_feasible,0.511422372380157,0.0,0.006437739227085344,0.0,10036.224000000031,3394.125253094383,1,2,False
receiver,4.25,19.0,0.4,0.0075,infeasible,no_communication_case_meets_requirements,0.04379947697890785,0.0,0.015379870979270549,0.0,10036.224000000031,3394.125253094383,1,2,False
receiver,4.5,19.0,0.4,0.0075,infeasible,no_communication_case_meets_requirements,0.04379947697890785,0.0,0.015379870979270549,0.0,10036.224000000031,3394.125253094383,1,2,False
receiver,4.75,19.0,0.4,0.0075,infeasible,no_communication_case_meets_requirements,0.04379947697890785,0.0,0.015379870979270549,0.0,10036.224000000031,3394.125253094383,1,2,False
receiver,5.0,19.0,0.4,0.0075,infeasible,no_communication_case_meets_requirements,0.0037510955469110237,0.0,0.024241522903033906,0.0,10036.224000000031,3394.125253094383,1,2,False
receiver,5.25,19.0,0.4,0.0075,infeasible,no_communication_case_meets_requirements,0.0,0.0,0.0,0.0,10036.224000000031,3394.125253094383,1,2,False
receiver,5.5,19.0,0.4,0.0075,infeasible,no_communication_case_meets_requirements,0.0,0.0,0.0,0.0,10036.224000000031,3394.125253094383,1,2,False
receiver,5.75,19.0,0.4,0.0075,infeasible,no_communication_case_meets_requirements,0.0,0.0,0.0,0.0,10036.224000000031,3394.125253094383,1,2,False
receiver,6.0,19.0,0.4,0.0075,infeasible,no_communication_case_meets_requirements,0.0,0.0,0.0,0.0,10036.224000000031,3394.125253094383,1,2,False
receiver,6.25,19.0,0.4,0.0075,infeasible,no_communication_case_meets_requirements,0.0,0.0,0.0,0.0,10036.224000000031,3394.125253094383,1,2,False
receiver,6.5,19.0,0.4,0.0075,infeasible,no_communication_case_meets_requirements,0.0,0.0,0.0,0.0,10036.224000000031,3394.125253094383,1,2,False
receiver,6.75,19.0,0.4,0.0075,infeasible,no_communication_case_meets_requirements,0.0,0.0,0.0,0.0,10036.224000000031,3394.125253094383,1,2,False
receiver,7.0,19.0,0.4,0.0075,infeasible,no_communication_case_meets_requirements,0.0,0.0,0.0,0.0,10036.224000000031,3394.125253094383,1,2,False
receiver,7.25,19.0,0.4,0.0075,infeasible,no_communication_case_meets_requirements,0.0,0.0,0.0,0.0,10036.224000000031,3394.125253094383,1,2,False
receiver,7.5,19.0,0.4,0.0075,infeasible,no_communication_case_meets_requirements,0.0,0.0,0.0,0.0,10036.224000000031,3394.125253094383,1,2,False
receiver,7.75,19.0,0.4,0.0075,infeasible,no_communication_case_meets_requirements,0.0,0.0,0.0,0.0,10036.224000000031,3394.125253094383,1,2,False
receiver,8.0,19.0,0.4,0.0075,infeasible,no_communication_case_meets_requirements,0.0,0.0,0.0,0.0,10036.224000000031,3394.125253094383,1,2,False
receiver,0.0,19.5,0.4,0.0075,feedback,minimum_traffic_feasible,0.511422372380157,0.511422372380157,0.006437739227085344,0.006437739227085344,10036.224000000031,3394.125253094383,1,2,False
receiver,0.25,19.5,0.4,0.0075,feedback,minimum_traffic_feasible,0.511422372380157,0.511422372380157,0.006437739227085344,0.006437739227085344,10036.224000000031,3394.125253094383,1,2,False
receiver,0.5,19.5,0.4,0.0075,feedback,minimum_traffic_feasible,0.511422372380157,0.511422372380157,0.006437739227085344,0.006437739227085344,10036.224000000031,3394.125253094383,1,2,False
receiver,0.75,19.5,0.4,0.0075,feedback,minimum_traffic_feasible,0.511422372380157,0.511422372380157,0.006437739227085344,0.006437739227085344,10036.224000000031,3394.125253094383,1,2,False
receiver,1.0,19.5,0.4,0.0075,feedback,minimum_traffic_feasible,0.511422372380157,0.511422372380157,0.006437739227085344,0.006437739227085344,10036.224000000031,3394.125253094383,1,2,False
receiver,1.25,19.5,0.4,0.0075,feedback,minimum_traffic_feasible,0.511422372380157,0.511422372380157,0.006437739227085344,0.006437739227085344,10036.224000000031,3394.125253094383,1,2,False
receiver,1.5,19.5,0.4,0.0075,feedback,minimum_traffic_feasible,0.511422372380157,0.511422372380157,0.006437739227085344,0.006437739227085344,10036.224000000031,3394.125253094383,1,2,False
receiver,1.75,19.5,0.4,0.0075,feedback,minimum_traffic_feasible,0.511422372380157,0.511422372380157,0.006437739227085344,0.006437739227085344,10036.224000000031,3394.125253094383,1,2,False
receiver,2.0,19.5,0.4,0.0075,feedback,minimum_traffic_feasible,0.511422372380157,0.511422372380157,0.006437739227085344,0.006437739227085344,10036.224000000031,3394.125253094383,1,2,False
receiver,2.25,19.5,0.4,0.0075,feedback,minimum_traffic_feasible,0.511422372380157,0.46338466121702576,0.006437739227085344,0.005609426354281838,10036.224000000031,3394.125253094383,1,2,False
receiver,2.5,19.5,0.4,0.0075,feedback,minimum_traffic_feasible,0.511422372380157,0.42333627978502897,0.006437739227085344,0.004763645807870683,10036.224000000031,3394.125253094383,1,2,False
receiver,2.75,19.5,0.4,0.0075,one_way,minimum_traffic_feasible,0.511422372380157,0.0,0.006437739227085344,0.0,10036.224000000031,3394.125253094383,1,2,False
receiver,3.0,19.5,0.4,0.0075,one_way,minimum_traffic_feasible,0.511422372380157,0.0,0.006437739227085344,0.0,10036.224000000031,3394.125253094383,1,2,False
receiver,3.25,19.5,0.4,0.0075,one_way,minimum_traffic_feasible,0.511422372380157,0.0,0.006437739227085344,0.0,10036.224000000031,3394.125253094383,1,2,False
receiver,3.5,19.5,0.4,0.0075,one_way,minimum_traffic_feasible,0.511422372380157,0.0,0.006437739227085344,0.0,10036.224000000031,3394.125253094383,1,2,False
receiver,3.75,19.5,0.4,0.0075,one_way,minimum_traffic_feasible,0.511422372380157,0.0,0.006437739227085344,0.0,10036.224000000031,3394.125253094383,1,2,False
receiver,4.0,19.5,0.4,0.0075,one_way,minimum_traffic_feasible,0.511422372380157,0.0,0.006437739227085344,0.0,10036.224000000031,3394.125253094383,1,2,False
receiver,4.25,19.5,0.4,0.0075,infeasible,no_communication_case_meets_requirements,0.04379947697890785,0.0,0.015379870979270549,0.0,10036.224000000031,3394.125253094383,1,2,False
receiver,4.5,19.5,0.4,0.0075,infeasible,no_communication_case_meets_requirements,0.04379947697890785,0.0,0.015379870979270549,0.0,10036.224000000031,3394.125253094383,1,2,False
receiver,4.75,19.5,0.4,0.0075,infeasible,no_communication_case_meets_requirements,0.04379947697890785,0.0,0.015379870979270549,0.0,10036.224000000031,3394.125253094383,1,2,False
receiver,5.0,19.5,0.4,0.0075,infeasible,no_communication_case_meets_requirements,0.0037510955469110237,0.0,0.024241522903033906,0.0,10036.224000000031,3394.125253094383,1,2,False
receiver,5.25,19.5,0.4,0.0075,infeasible,no_communication_case_meets_requirements,0.0,0.0,0.0,0.0,10036.224000000031,3394.125253094383,1,2,False
receiver,5.5,19.5,0.4,0.0075,infeasible,no_communication_case_meets_requirements,0.0,0.0,0.0,0.0,10036.224000000031,3394.125253094383,1,2,False
receiver,5.75,19.5,0.4,0.0075,infeasible,no_communication_case_meets_requirements,0.0,0.0,0.0,0.0,10036.224000000031,3394.125253094383,1,2,False
receiver,6.0,19.5,0.4,0.0075,infeasible,no_communication_case_meets_requirements,0.0,0.0,0.0,0.0,10036.224000000031,3394.125253094383,1,2,False
receiver,6.25,19.5,0.4,0.0075,infeasible,no_communication_case_meets_requirements,0.0,0.0,0.0,0.0,10036.224000000031,3394.125253094383,1,2,False
receiver,6.5,19.5,0.4,0.0075,infeasible,no_communication_case_meets_requirements,0.0,0.0,0.0,0.0,10036.224000000031,3394.125253094383,1,2,False
receiver,6.75,19.5,0.4,0.0075,infeasible,no_communication_case_meets_requirements,0.0,0.0,0.0,0.0,10036.224000000031,3394.125253094383,1,2,False
receiver,7.0,19.5,0.4,0.0075,infeasible,no_communication_case_meets_requirements,0.0,0.0,0.0,0.0,10036.224000000031,3394.125253094383,1,2,False
receiver,7.25,19.5,0.4,0.0075,infeasible,no_communication_case_meets_requirements,0.0,0.0,0.0,0.0,10036.224000000031,3394.125253094383,1,2,False
receiver,7.5,19.5,0.4,0.0075,infeasible,no_communication_case_meets_requirements,0.0,0.0,0.0,0.0,10036.224000000031,3394.125253094383,1,2,False
receiver,7.75,19.5,0.4,0.0075,infeasible,no_communication_case_meets_requirements,0.0,0.0,0.0,0.0,10036.224000000031,3394.125253094383,1,2,False
receiver,8.0,19.5,0.4,0.0075,infeasible,no_communication_case_meets_requirements,0.0,0.0,0.0,0.0,10036.224000000031,3394.125253094383,1,2,False
receiver,0.0,20.0,0.4,0.0075,feedback,minimum_traffic_feasible,0.511422372380157,0.511422372380157,0.006437739227085344,0.006437739227085344,10036.224000000031,3394.125253094383,1,2,False
receiver,0.25,20.0,0.4,0.0075,feedback,minimum_traffic_feasible,0.511422372380157,0.511422372380157,0.006437739227085344,0.006437739227085344,10036.224000000031,3394.125253094383,1,2,False
receiver,0.5,20.0,0.4,0.0075,feedback,minimum_traffic_feasible,0.511422372380157,0.511422372380157,0.006437739227085344,0.006437739227085344,10036.224000000031,3394.125253094383,1,2,False
receiver,0.75,20.0,0.4,0.0075,feedback,minimum_traffic_feasible,0.511422372380157,0.511422372380157,0.006437739227085344,0.006437739227085344,10036.224000000031,3394.125253094383,1,2,False
receiver,1.0,20.0,0.4,0.0075,feedback,minimum_traffic_feasible,0.511422372380157,0.511422372380157,0.006437739227085344,0.006437739227085344,10036.224000000031,3394.125253094383,1,2,False
receiver,1.25,20.0,0.4,0.0075,feedback,minimum_traffic_feasible,0.511422372380157,0.511422372380157,0.006437739227085344,0.006437739227085344,10036.224000000031,3394.125253094383,1,2,False
receiver,1.5,20.0,0.4,0.0075,feedback,minimum_traffic_feasible,0.511422372380157,0.511422372380157,0.006437739227085344,0.006437739227085344,10036.224000000031,3394.125253094383,1,2,False
receiver,1.75,20.0,0.4,0.0075,feedback,minimum_traffic_feasible,0.511422372380157,0.511422372380157,0.006437739227085344,0.006437739227085344,10036.224000000031,3394.125253094383,1,2,False
receiver,2.0,20.0,0.4,0.0075,feedback,minimum_traffic_feasible,0.511422372380157,0.511422372380157,0.006437739227085344,0.006437739227085344,10036.224000000031,3394.125253094383,1,2,False
receiver,2.25,20.0,0.4,0.0075,feedback,minimum_traffic_feasible,0.511422372380157,0.46338466121702576,0.006437739227085344,0.005609426354281838,10036.224000000031,3394.125253094383,1,2,False
receiver,2.5,20.0,0.4,0.0075,feedback,minimum_traffic_feasible,0.511422372380157,0.42333627978502897,0.006437739227085344,0.004763645807870683,10036.224000000031,3394.125253094383,1,2,False
receiver,2.75,20.0,0.4,0.0075,one_way,minimum_traffic_feasible,0.511422372380157,0.0,0.006437739227085344,0.0,10036.224000000031,3394.125253094383,1,2,False
receiver,3.0,20.0,0.4,0.0075,one_way,minimum_traffic_feasible,0.511422372380157,0.0,0.006437739227085344,0.0,10036.224000000031,3394.125253094383,1,2,False
receiver,3.25,20.0,0.4,0.0075,one_way,minimum_traffic_feasible,0.511422372380157,0.0,0.006437739227085344,0.0,10036.224000000031,3394.125253094383,1,2,False
receiver,3.5,20.0,0.4,0.0075,one_way,minimum_traffic_feasible,0.511422372380157,0.0,0.006437739227085344,0.0,10036.224000000031,3394.125253094383,1,2,False
receiver,3.75,20.0,0.4,0.0075,one_way,minimum_traffic_feasible,0.511422372380157,0.0,0.006437739227085344,0.0,10036.224000000031,3394.125253094383,1,2,False
receiver,4.0,20.0,0.4,0.0075,one_way,minimum_traffic_feasible,0.511422372380157,0.0,0.006437739227085344,0.0,10036.224000000031,3394.125253094383,1,2,False
receiver,4.25,20.0,0.4,0.0075,infeasible,no_communication_case_meets_requirements,0.04379947697890785,0.0,0.015379870979270549,0.0,10036.224000000031,3394.125253094383,1,2,False
receiver,4.5,20.0,0.4,0.0075,infeasible,no_communication_case_meets_requirements,0.04379947697890785,0.0,0.015379870979270549,0.0,10036.224000000031,3394.125253094383,1,2,False
receiver,4.75,20.0,0.4,0.0075,infeasible,no_communication_case_meets_requirements,0.04379947697890785,0.0,0.015379870979270549,0.0,10036.224000000031,3394.125253094383,1,2,False
receiver,5.0,20.0,0.4,0.0075,infeasible,no_communication_case_meets_requirements,0.0037510955469110237,0.0,0.024241522903033906,0.0,10036.224000000031,3394.125253094383,1,2,False
receiver,5.25,20.0,0.4,0.0075,infeasible,no_communication_case_meets_requirements,0.0,0.0,0.0,0.0,10036.224000000031,3394.125253094383,1,2,False
receiver,5.5,20.0,0.4,0.0075,infeasible,no_communication_case_meets_requirements,0.0,0.0,0.0,0.0,10036.224000000031,3394.125253094383,1,2,False
receiver,5.75,20.0,0.4,0.0075,infeasible,no_communication_case_meets_requirements,0.0,0.0,0.0,0.0,10036.224000000031,3394.125253094383,1,2,False
receiver,6.0,20.0,0.4,0.0075,infeasible,no_communication_case_meets_requirements,0.0,0.0,0.0,0.0,10036.224000000031,3394.125253094383,1,2,False
receiver,6.25,20.0,0.4,0.0075,infeasible,no_communication_case_meets_requirements,0.0,0.0,0.0,0.0,10036.224000000031,3394.125253094383,1,2,False
receiver,6.5,20.0,0.4,0.0075,infeasible,no_communication_case_meets_requirements,0.0,0.0,0.0,0.0,10036.224000000031,3394.125253094383,1,2,False
receiver,6.75,20.0,0.4,0.0075,infeasible,no_communication_case_meets_requirements,0.0,0.0,0.0,0.0,10036.224000000031,3394.125253094383,1,2,False
receiver,7.0,20.0,0.4,0.0075,infeasible,no_communication_case_meets_requirements,0.0,0.0,0.0,0.0,10036.224000000031,3394.125253094383,1,2,False
receiver,7.25,20.0,0.4,0.0075,infeasible,no_communication_case_meets_requirements,0.0,0.0,0.0,0.0,10036.224000000031,3394.125253094383,1,2,False
receiver,7.5,20.0,0.4,0.0075,infeasible,no_communication_case_meets_requirements,0.0,0.0,0.0,0.0,10036.224000000031,3394.125253094383,1,2,False
receiver,7.75,20.0,0.4,0.0075,infeasible,no_communication_case_meets_requirements,0.0,0.0,0.0,0.0,10036.224000000031,3394.125253094383,1,2,False
receiver,8.0,20.0,0.4,0.0075,infeasible,no_communication_case_meets_requirements,0.0,0.0,0.0,0.0,10036.224000000031,3394.125253094383,1,2,False
receiver,0.0,20.5,0.4,0.0075,feedback,minimum_traffic_feasible,0.511422372380157,0.511422372380157,0.006437739227085344,0.006437739227085344,10036.224000000031,3394.125253094383,1,2,False
receiver,0.25,20.5,0.4,0.0075,feedback,minimum_traffic_feasible,0.511422372380157,0.511422372380157,0.006437739227085344,0.006437739227085344,10036.224000000031,3394.125253094383,1,2,False
receiver,0.5,20.5,0.4,0.0075,feedback,minimum_traffic_feasible,0.511422372380157,0.511422372380157,0.006437739227085344,0.006437739227085344,10036.224000000031,3394.125253094383,1,2,False
receiver,0.75,20.5,0.4,0.0075,feedback,minimum_traffic_feasible,0.511422372380157,0.511422372380157,0.006437739227085344,0.006437739227085344,10036.224000000031,3394.125253094383,1,2,False
receiver,1.0,20.5,0.4,0.0075,feedback,minimum_traffic_feasible,0.511422372380157,0.511422372380157,0.006437739227085344,0.006437739227085344,10036.224000000031,3394.125253094383,1,2,False
receiver,1.25,20.5,0.4,0.0075,feedback,minimum_traffic_feasible,0.511422372380157,0.511422372380157,0.006437739227085344,0.006437739227085344,10036.224000000031,3394.125253094383,1,2,False
receiver,1.5,20.5,0.4,0.0075,feedback,minimum_traffic_feasible,0.511422372380157,0.511422372380157,0.006437739227085344,0.006437739227085344,10036.224000000031,3394.125253094383,1,2,False
receiver,1.75,20.5,0.4,0.0075,feedback,minimum_traffic_feasible,0.511422372380157,0.511422372380157,0.006437739227085344,0.006437739227085344,10036.224000000031,3394.125253094383,1,2,False
receiver,2.0,20.5,0.4,0.0075,feedback,minimum_traffic_feasible,0.511422372380157,0.511422372380157,0.006437739227085344,0.006437739227085344,10036.224000000031,3394.125253094383,1,2,False
receiver,2.25,20.5,0.4,0.0075,feedback,minimum_traffic_feasible,0.511422372380157,0.46338466121702576,0.006437739227085344,0.005609426354281838,10036.224000000031,3394.125253094383,1,2,False
receiver,2.5,20.5,0.4,0.0075,feedback,minimum_traffic_feasible,0.511422372380157,0.42333627978502897,0.006437739227085344,0.004763645807870683,10036.224000000031,3394.125253094383,1,2,False
receiver,2.75,20.5,0.4,0.0075,one_way,minimum_traffic_feasible,0.511422372380157,0.0,0.006437739227085344,0.0,10036.224000000031,3394.125253094383,1,2,False
receiver,3.0,20.5,0.4,0.0075,one_way,minimum_traffic_feasible,0.511422372380157,0.0,0.006437739227085344,0.0,10036.224000000031,3394.125253094383,1,2,False
receiver,3.25,20.5,0.4,0.0075,one_way,minimum_traffic_feasible,0.511422372380157,0.0,0.006437739227085344,0.0,10036.224000000031,3394.125253094383,1,2,False
receiver,3.5,20.5,0.4,0.0075,one_way,minimum_traffic_feasible,0.511422372380157,0.0,0.006437739227085344,0.0,10036.224000000031,3394.125253094383,1,2,False
receiver,3.75,20.5,0.4,0.0075,one_way,minimum_traffic_feasible,0.511422372380157,0.0,0.006437739227085344,0.0,10036.224000000031,3394.125253094383,1,2,False
receiver,4.0,20.5,0.4,0.0075,one_way,minimum_traffic_feasible,0.511422372380157,0.0,0.006437739227085344,0.0,10036.224000000031,3394.125253094383,1,2,False
receiver,4.25,20.5,0.4,0.0075,infeasible,no_communication_case_meets_requirements,0.04379947697890785,0.0,0.015379870979270549,0.0,10036.224000000031,3394.125253094383,1,2,False
receiver,4.5,20.5,0.4,0.0075,infeasible,no_communication_case_meets_requirements,0.04379947697890785,0.0,0.015379870979270549,0.0,10036.224000000031,3394.125253094383,1,2,False
receiver,4.75,20.5,0.4,0.0075,infeasible,no_communication_case_meets_requirements,0.04379947697890785,0.0,0.015379870979270549,0.0,10036.224000000031,3394.125253094383,1,2,False
receiver,5.0,20.5,0.4,0.0075,infeasible,no_communication_case_meets_requirements,0.0037510955469110237,0.0,0.024241522903033906,0.0,10036.224000000031,3394.125253094383,1,2,False
receiver,5.25,20.5,0.4,0.0075,infeasible,no_communication_case_meets_requirements,0.0,0.0,0.0,0.0,10036.224000000031,3394.125253094383,1,2,False
receiver,5.5,20.5,0.4,0.0075,infeasible,no_communication_case_meets_requirements,0.0,0.0,0.0,0.0,10036.224000000031,3394.125253094383,1,2,False
receiver,5.75,20.5,0.4,0.0075,infeasible,no_communication_case_meets_requirements,0.0,0.0,0.0,0.0,10036.224000000031,3394.125253094383,1,2,False
receiver,6.0,20.5,0.4,0.0075,infeasible,no_communication_case_meets_requirements,0.0,0.0,0.0,0.0,10036.224000000031,3394.125253094383,1,2,False
receiver,6.25,20.5,0.4,0.0075,infeasible,no_communication_case_meets_requirements,0.0,0.0,0.0,0.0,10036.224000000031,3394.125253094383,1,2,False
receiver,6.5,20.5,0.4,0.0075,infeasible,no_communication_case_meets_requirements,0.0,0.0,0.0,0.0,10036.224000000031,3394.125253094383,1,2,False
receiver,6.75,20.5,0.4,0.0075,infeasible,no_communication_case_meets_requirements,0.0,0.0,0.0,0.0,10036.224000000031,3394.125253094383,1,2,False
receiver,7.0,20.5,0.4,0.0075,infeasible,no_communication_case_meets_requirements,0.0,0.0,0.0,0.0,10036.224000000031,3394.125253094383,1,2,False
receiver,7.25,20.5,0.4,0.0075,infeasible,no_communication_case_meets_requirements,0.0,0.0,0.0,0.0,10036.224000000031,3394.125253094383,1,2,False
receiver,7.5,20.5,0.4,0.0075,infeasible,no_communication_case_meets_requirements,0.0,0.0,0.0,0.0,10036.224000000031,3394.125253094383,1,2,False
receiver,7.75,20.5,0.4,0.0075,infeasible,no_communication_case_meets_requirements,0.0,0.0,0.0,0.0,10036.224000000031,3394.125253094383,1,2,False
receiver,8.0,20.5,0.4,0.0075,infeasible,no_communication_case_meets_requirements,0.0,0.0,0.0,0.0,10036.224000000031,3394.125253094383,1,2,False
receiver,0.0,21.0,0.4,0.0075,feedback,minimum_traffic_feasible,0.511422372380157,0.511422372380157,0.006437739227085344,0.006437739227085344,10036.224000000031,3394.125253094383,1,2,False
receiver,0.25,21.0,0.4,0.0075,feedback,minimum_traffic_feasible,0.511422372380157,0.511422372380157,0.006437739227085344,0.006437739227085344,10036.224000000031,3394.125253094383,1,2,False
receiver,0.5,21.0,0.4,0.0075,feedback,minimum_traffic_feasible,0.511422372380157,0.511422372380157,0.006437739227085344,0.006437739227085344,10036.224000000031,3394.125253094383,1,2,False
receiver,0.75,21.0,0.4,0.0075,feedback,minimum_traffic_feasible,0.511422372380157,0.511422372380157,0.006437739227085344,0.006437739227085344,10036.224000000031,3394.125253094383,1,2,False
receiver,1.0,21.0,0.4,0.0075,feedback,minimum_traffic_feasible,0.511422372380157,0.511422372380157,0.006437739227085344,0.006437739227085344,10036.224000000031,3394.125253094383,1,2,False
receiver,1.25,21.0,0.4,0.0075,feedback,minimum_traffic_feasible,0.511422372380157,0.511422372380157,0.006437739227085344,0.006437739227085344,10036.224000000031,3394.125253094383,1,2,False
receiver,1.5,21.0,0.4,0.0075,feedback,minimum_traffic_feasible,0.511422372380157,0.511422372380157,0.006437739227085344,0.006437739227085344,10036.224000000031,3394.125253094383,1,2,False
receiver,1.75,21.0,0.4,0.0075,feedback,minimum_traffic_feasible,0.511422372380157,0.511422372380157,0.006437739227085344,0.006437739227085344,10036.224000000031,3394.125253094383,1,2,False
receiver,2.0,21.0,0.4,0.0075,feedback,minimum_traffic_feasible,0.511422372380157,0.511422372380157,0.006437739227085344,0.006437739227085344,10036.224000000031,3394.125253094383,1,2,False
receiver,2.25,21.0,0.4,0.0075,feedback,minimum_traffic_feasible,0.511422372380157,0.46338466121702576,0.006437739227085344,0.005609426354281838,10036.224000000031,3394.125253094383,1,2,False
receiver,2.5,21.0,0.4,0.0075,feedback,minimum_traffic_feasible,0.511422372380157,0.42333627978502897,0.006437739227085344,0.004763645807870683,10036.224000000031,3394.125253094383,1,2,False
receiver,2.75,21.0,0.4,0.0075,one_way,minimum_traffic_feasible,0.511422372380157,0.0,0.006437739227085344,0.0,10036.224000000031,3394.125253094383,1,2,False
receiver,3.0,21.0,0.4,0.0075,one_way,minimum_traffic_feasible,0.511422372380157,0.0,0.006437739227085344,0.0,10036.224000000031,3394.125253094383,1,2,False
receiver,3.25,21.0,0.4,0.0075,one_way,minimum_traffic_feasible,0.511422372380157,0.0,0.006437739227085344,0.0,10036.224000000031,3394.125253094383,1,2,False
receiver,3.5,21.0,0.4,0.0075,one_way,minimum_traffic_feasible,0.511422372380157,0.0,0.006437739227085344,0.0,10036.224000000031,3394.125253094383,1,2,False
receiver,3.75,21.0,0.4,0.0075,one_way,minimum_traffic_feasible,0.511422372380157,0.0,0.006437739227085344,0.0,10036.224000000031,3394.125253094383,1,2,False
receiver,4.0,21.0,0.4,0.0075,one_way,minimum_traffic_feasible,0.511422372380157,0.0,0.006437739227085344,0.0,10036.224000000031,3394.125253094383,1,2,False
receiver,4.25,21.0,0.4,0.0075,infeasible,no_communication_case_meets_requirements,0.04379947697890785,0.0,0.015379870979270549,0.0,10036.224000000031,3394.125253094383,1,2,False
receiver,4.5,21.0,0.4,0.0075,infeasible,no_communication_case_meets_requirements,0.04379947697890785,0.0,0.015379870979270549,0.0,10036.224000000031,3394.125253094383,1,2,False
receiver,4.75,21.0,0.4,0.0075,infeasible,no_communication_case_meets_requirements,0.04379947697890785,0.0,0.015379870979270549,0.0,10036.224000000031,3394.125253094383,1,2,False
receiver,5.0,21.0,0.4,0.0075,infeasible,no_communication_case_meets_requirements,0.0037510955469110237,0.0,0.024241522903033906,0.0,10036.224000000031,3394.125253094383,1,2,False
receiver,5.25,21.0,0.4,0.0075,infeasible,no_communication_case_meets_requirements,0.0,0.0,0.0,0.0,10036.224000000031,3394.125253094383,1,2,False
receiver,5.5,21.0,0.4,0.0075,infeasible,no_communication_case_meets_requirements,0.0,0.0,0.0,0.0,10036.224000000031,3394.125253094383,1,2,False
receiver,5.75,21.0,0.4,0.0075,infeasible,no_communication_case_meets_requirements,0.0,0.0,0.0,0.0,10036.224000000031,3394.125253094383,1,2,False
receiver,6.0,21.0,0.4,0.0075,infeasible,no_communication_case_meets_requirements,0.0,0.0,0.0,0.0,10036.224000000031,3394.125253094383,1,2,False
receiver,6.25,21.0,0.4,0.0075,infeasible,no_communication_case_meets_requirements,0.0,0.0,0.0,0.0,10036.224000000031,3394.125253094383,1,2,False
receiver,6.5,21.0,0.4,0.0075,infeasible,no_communication_case_meets_requirements,0.0,0.0,0.0,0.0,10036.224000000031,3394.125253094383,1,2,False
receiver,6.75,21.0,0.4,0.0075,infeasible,no_communication_case_meets_requirements,0.0,0.0,0.0,0.0,10036.224000000031,3394.125253094383,1,2,False
receiver,7.0,21.0,0.4,0.0075,infeasible,no_communication_case_meets_requirements,0.0,0.0,0.0,0.0,10036.224000000031,3394.125253094383,1,2,False
receiver,7.25,21.0,0.4,0.0075,infeasible,no_communication_case_meets_requirements,0.0,0.0,0.0,0.0,10036.224000000031,3394.125253094383,1,2,False
receiver,7.5,21.0,0.4,0.0075,infeasible,no_communication_case_meets_requirements,0.0,0.0,0.0,0.0,10036.224000000031,3394.125253094383,1,2,False
receiver,7.75,21.0,0.4,0.0075,infeasible,no_communication_case_meets_requirements,0.0,0.0,0.0,0.0,10036.224000000031,3394.125253094383,1,2,False
receiver,8.0,21.0,0.4,0.0075,infeasible,no_communication_case_meets_requirements,0.0,0.0,0.0,0.0,10036.224000000031,3394.125253094383,1,2,False
receiver,0.0,21.5,0.4,0.0075,feedback,minimum_traffic_feasible,0.511422372380157,0.511422372380157,0.006437739227085344,0.006437739227085344,10036.224000000031,3394.125253094383,1,2,False
receiver,0.25,21.5,0.4,0.0075,feedback,minimum_traffic_feasible,0.511422372380157,0.511422372380157,0.006437739227085344,0.006437739227085344,10036.224000000031,3394.125253094383,1,2,False
receiver,0.5,21.5,0.4,0.0075,feedback,minimum_traffic_feasible,0.511422372380157,0.511422372380157,0.006437739227085344,0.006437739227085344,10036.224000000031,3394.125253094383,1,2,False
receiver,0.75,21.5,0.4,0.0075,feedback,minimum_traffic_feasible,0.511422372380157,0.511422372380157,0.006437739227085344,0.006437739227085344,10036.224000000031,3394.125253094383,1,2,False
receiver,1.0,21.5,0.4,0.0075,feedback,minimum_traffic_feasible,0.511422372380157,0.511422372380157,0.006437739227085344,0.006437739227085344,10036.224000000031,3394.125253094383,1,2,False
receiver,1.25,21.5,0.4,0.0075,feedback,minimum_traffic_feasible,0.511422372380157,0.511422372380157,0.006437739227085344,0.006437739227085344,10036.224000000031,3394.125253094383,1,2,False
receiver,1.5,21.5,0.4,0.0075,feedback,minimum_traffic_feasible,0.511422372380157,0.511422372380157,0.006437739227085344,0.006437739227085344,10036.224000000031,3394.125253094383,1,2,False
receiver,1.75,21.5,0.4,0.0075,feedback,minimum_traffic_feasible,0.511422372380157,0.511422372380157,0.006437739227085344,0.006437739227085344,10036.224000000031,3394.125253094383,1,2,False
receiver,2.0,21.5,0.4,0.0075,feedback,minimum_traffic_feasible,0.511422372380157,0.511422372380157,0.006437739227085344,0.006437739227085344,10036.224000000031,3394.125253094383,1,2,False
receiver,2.25,21.5,0.4,0.0075,feedback,minimum_traffic_feasible,0.511422372380157,0.46338466121702576,0.006437739227085344,0.005609426354281838,10036.224000000031,3394.125253094383,1,2,False
receiver,2.5,21.5,0.4,0.0075,feedback,minimum_traffic_feasible,0.511422372380157,0.42333627978502897,0.006437739227085344,0.004763645807870683,10036.224000000031,3394.125253094383,1,2,False
receiver,2.75,21.5,0.4,0.0075,one_way,minimum_traffic_feasible,0.511422372380157,0.0,0.006437739227085344,0.0,10036.224000000031,3394.125253094383,1,2,False
receiver,3.0,21.5,0.4,0.0075,one_way,minimum_traffic_feasible,0.511422372380157,0.0,0.006437739227085344,0.0,10036.224000000031,3394.125253094383,1,2,False
receiver,3.25,21.5,0.4,0.0075,one_way,minimum_traffic_feasible,0.511422372380157,0.0,0.006437739227085344,0.0,10036.224000000031,3394.125253094383,1,2,False
receiver,3.5,21.5,0.4,0.0075,one_way,minimum_traffic_feasible,0.511422372380157,0.0,0.006437739227085344,0.0,10036.224000000031,3394.125253094383,1,2,False
receiver,3.75,21.5,0.4,0.0075,one_way,minimum_traffic_feasible,0.511422372380157,0.0,0.006437739227085344,0.0,10036.224000000031,3394.125253094383,1,2,False
receiver,4.0,21.5,0.4,0.0075,one_way,minimum_traffic_feasible,0.511422372380157,0.0,0.006437739227085344,0.0,10036.224000000031,3394.125253094383,1,2,False
receiver,4.25,21.5,0.4,0.0075,infeasible,no_communication_case_meets_requirements,0.04379947697890785,0.0,0.015379870979270549,0.0,10036.224000000031,3394.125253094383,1,2,False
receiver,4.5,21.5,0.4,0.0075,infeasible,no_communication_case_meets_requirements,0.04379947697890785,0.0,0.015379870979270549,0.0,10036.224000000031,3394.125253094383,1,2,False
receiver,4.75,21.5,0.4,0.0075,infeasible,no_communication_case_meets_requirements,0.04379947697890785,0.0,0.015379870979270549,0.0,10036.224000000031,3394.125253094383,1,2,False
receiver,5.0,21.5,0.4,0.0075,infeasible,no_communication_case_meets_requirements,0.0037510955469110237,0.0,0.024241522903033906,0.0,10036.224000000031,3394.125253094383,1,2,False
receiver,5.25,21.5,0.4,0.0075,infeasible,no_communication_case_meets_requirements,0.0,0.0,0.0,0.0,10036.224000000031,3394.125253094383,1,2,False
receiver,5.5,21.5,0.4,0.0075,infeasible,no_communication_case_meets_requirements,0.0,0.0,0.0,0.0,10036.224000000031,3394.125253094383,1,2,False
receiver,5.75,21.5,0.4,0.0075,infeasible,no_communication_case_meets_requirements,0.0,0.0,0.0,0.0,10036.224000000031,3394.125253094383,1,2,False
receiver,6.0,21.5,0.4,0.0075,infeasible,no_communication_case_meets_requirements,0.0,0.0,0.0,0.0,10036.224000000031,3394.125253094383,1,2,False
receiver,6.25,21.5,0.4,0.0075,infeasible,no_communication_case_meets_requirements,0.0,0.0,0.0,0.0,10036.224000000031,3394.125253094383,1,2,False
receiver,6.5,21.5,0.4,0.0075,infeasible,no_communication_case_meets_requirements,0.0,0.0,0.0,0.0,10036.224000000031,3394.125253094383,1,2,False
receiver,6.75,21.5,0.4,0.0075,infeasible,no_communication_case_meets_requirements,0.0,0.0,0.0,0.0,10036.224000000031,3394.125253094383,1,2,False
receiver,7.0,21.5,0.4,0.0075,infeasible,no_communication_case_meets_requirements,0.0,0.0,0.0,0.0,10036.224000000031,3394.125253094383,1,2,False
receiver,7.25,21.5,0.4,0.0075,infeasible,no_communication_case_meets_requirements,0.0,0.0,0.0,0.0,10036.224000000031,3394.125253094383,1,2,False
receiver,7.5,21.5,0.4,0.0075,infeasible,no_communication_case_meets_requirements,0.0,0.0,0.0,0.0,10036.224000000031,3394.125253094383,1,2,False
receiver,7.75,21.5,0.4,0.0075,infeasible,no_communication_case_meets_requirements,0.0,0.0,0.0,0.0,10036.224000000031,3394.125253094383,1,2,False
receiver,8.0,21.5,0.4,0.0075,infeasible,no_communication_case_meets_requirements,0.0,0.0,0.0,0.0,10036.224000000031,3394.125253094383,1,2,False
receiver,0.0,22.0,0.4,0.0075,feedback,minimum_traffic_feasible,0.511422372380157,0.511422372380157,0.006437739227085344,0.006437739227085344,10036.224000000031,3394.125253094383,1,2,False
receiver,0.25,22.0,0.4,0.0075,feedback,minimum_traffic_feasible,0.511422372380157,0.511422372380157,0.006437739227085344,0.006437739227085344,10036.224000000031,3394.125253094383,1,2,False
receiver,0.5,22.0,0.4,0.0075,feedback,minimum_traffic_feasible,0.511422372380157,0.511422372380157,0.006437739227085344,0.006437739227085344,10036.224000000031,3394.125253094383,1,2,False
receiver,0.75,22.0,0.4,0.0075,feedback,minimum_traffic_feasible,0.511422372380157,0.511422372380157,0.006437739227085344,0.006437739227085344,10036.224000000031,3394.125253094383,1,2,False
receiver,1.0,22.0,0.4,0.0075,feedback,minimum_traffic_feasible,0.511422372380157,0.511422372380157,0.006437739227085344,0.006437739227085344,10036.224000000031,3394.125253094383,1,2,False
receiver,1.25,22.0,0.4,0.0075,feedback,minimum_traffic_feasible,0.511422372380157,0.511422372380157,0.006437739227085344,0.006437739227085344,10036.224000000031,3394.125253094383,1,2,False
receiver,1.5,22.0,0.4,0.0075,feedback,minimum_traffic_feasible,0.511422372380157,0.511422372380157,0.006437739227085344,0.006437739227085344,10036.224000000031,3394.125253094383,1,2,False
receiver,1.75,22.0,0.4,0.0075,feedback,minimum_traffic_feasible,0.511422372380157,0.511422372380157,0.006437739227085344,0.006437739227085344,10036.224000000031,3394.125253094383,1,2,False
receiver,2.0,22.0,0.4,0.0075,feedback,minimum_traffic_feasible,0.511422372380157,0.511422372380157,0.006437739227085344,0.006437739227085344,10036.224000000031,3394.125253094383,1,2,False
receiver,2.25,22.0,0.4,0.0075,feedback,minimum_traffic_feasible,0.511422372380157,0.46338466121702576,0.006437739227085344,0.005609426354281838,10036.224000000031,3394.125253094383,1,2,False
receiver,2.5,22.0,0.4,0.0075,feedback,minimum_traffic_feasible,0.511422372380157,0.42333627978502897,0.006437739227085344,0.004763645807870683,10036.224000000031,3394.125253094383,1,2,False
receiver,2.75,22.0,0.4,0.0075,one_way,minimum_traffic_feasible,0.511422372380157,0.0,0.006437739227085344,0.0,10036.224000000031,3394.125253094383,1,2,False
receiver,3.0,22.0,0.4,0.0075,one_way,minimum_traffic_feasible,0.511422372380157,0.0,0.006437739227085344,0.0,10036.224000000031,3394.125253094383,1,2,False
receiver,3.25,22.0,0.4,0.0075,one_way,minimum_traffic_feasible,0.511422372380157,0.0,0.006437739227085344,0.0,10036.224000000031,3394.125253094383,1,2,False
receiver,3.5,22.0,0.4,0.0075,one_way,minimum_traffic_feasible,0.511422372380157,0.0,0.006437739227085344,0.0,10036.224000000031,3394.125253094383,1,2,False
receiver,3.75,22.0,0.4,0.0075,one_way,minimum_traffic_feasible,0.511422372380157,0.0,0.006437739227085344,0.0,10036.224000000031,3394.125253094383,1,2,False
receiver,4.0,22.0,0.4,0.0075,one_way,minimum_traffic_feasible,0.511422372380157,0.0,0.006437739227085344,0.0,10036.224000000031,3394.125253094383,1,2,False
receiver,4.25,22.0,0.4,0.0075,infeasible,no_communication_case_meets_requirements,0.04379947697890785,0.0,0.015379870979270549,0.0,10036.224000000031,3394.125253094383,1,2,False
receiver,4.5,22.0,0.4,0.0075,infeasible,no_communication_case_meets_requirements,0.04379947697890785,0.0,0.015379870979270549,0.0,10036.224000000031,3394.125253094383,1,2,False
receiver,4.75,22.0,0.4,0.0075,infeasible,no_communication_case_meets_requirements,0.04379947697890785,0.0,0.015379870979270549,0.0,10036.224000000031,3394.125253094383,1,2,False
receiver,5.0,22.0,0.4,0.0075,infeasible,no_communication_case_meets_requirements,0.0037510955469110237,0.0,0.024241522903033906,0.0,10036.224000000031,3394.125253094383,1,2,False
receiver,5.25,22.0,0.4,0.0075,infeasible,no_communication_case_meets_requirements,0.0,0.0,0.0,0.0,10036.224000000031,3394.125253094383,1,2,False
receiver,5.5,22.0,0.4,0.0075,infeasible,no_communication_case_meets_requirements,0.0,0.0,0.0,0.0,10036.224000000031,3394.125253094383,1,2,False
receiver,5.75,22.0,0.4,0.0075,infeasible,no_communication_case_meets_requirements,0.0,0.0,0.0,0.0,10036.224000000031,3394.125253094383,1,2,False
receiver,6.0,22.0,0.4,0.0075,infeasible,no_communication_case_meets_requirements,0.0,0.0,0.0,0.0,10036.224000000031,3394.125253094383,1,2,False
receiver,6.25,22.0,0.4,0.0075,infeasible,no_communication_case_meets_requirements,0.0,0.0,0.0,0.0,10036.224000000031,3394.125253094383,1,2,False
receiver,6.5,22.0,0.4,0.0075,infeasible,no_communication_case_meets_requirements,0.0,0.0,0.0,0.0,10036.224000000031,3394.125253094383,1,2,False
receiver,6.75,22.0,0.4,0.0075,infeasible,no_communication_case_meets_requirements,0.0,0.0,0.0,0.0,10036.224000000031,3394.125253094383,1,2,False
receiver,7.0,22.0,0.4,0.0075,infeasible,no_communication_case_meets_requirements,0.0,0.0,0.0,0.0,10036.224000000031,3394.125253094383,1,2,False
receiver,7.25,22.0,0.4,0.0075,infeasible,no_communication_case_meets_requirements,0.0,0.0,0.0,0.0,10036.224000000031,3394.125253094383,1,2,False
receiver,7.5,22.0,0.4,0.0075,infeasible,no_communication_case_meets_requirements,0.0,0.0,0.0,0.0,10036.224000000031,3394.125253094383,1,2,False
receiver,7.75,22.0,0.4,0.0075,infeasible,no_communication_case_meets_requirements,0.0,0.0,0.0,0.0,10036.224000000031,3394.125253094383,1,2,False
receiver,8.0,22.0,0.4,0.0075,infeasible,no_communication_case_meets_requirements,0.0,0.0,0.0,0.0,10036.224000000031,3394.125253094383,1,2,False
receiver,0.0,22.5,0.4,0.0075,feedback,minimum_traffic_feasible,0.511422372380157,0.511422372380157,0.006437739227085344,0.006437739227085344,10036.224000000031,3394.125253094383,1,2,False
receiver,0.25,22.5,0.4,0.0075,feedback,minimum_traffic_feasible,0.511422372380157,0.511422372380157,0.006437739227085344,0.006437739227085344,10036.224000000031,3394.125253094383,1,2,False
receiver,0.5,22.5,0.4,0.0075,feedback,minimum_traffic_feasible,0.511422372380157,0.511422372380157,0.006437739227085344,0.006437739227085344,10036.224000000031,3394.125253094383,1,2,False
receiver,0.75,22.5,0.4,0.0075,feedback,minimum_traffic_feasible,0.511422372380157,0.511422372380157,0.006437739227085344,0.006437739227085344,10036.224000000031,3394.125253094383,1,2,False
receiver,1.0,22.5,0.4,0.0075,feedback,minimum_traffic_feasible,0.511422372380157,0.511422372380157,0.006437739227085344,0.006437739227085344,10036.224000000031,3394.125253094383,1,2,False
receiver,1.25,22.5,0.4,0.0075,feedback,minimum_traffic_feasible,0.511422372380157,0.511422372380157,0.006437739227085344,0.006437739227085344,10036.224000000031,3394.125253094383,1,2,False
receiver,1.5,22.5,0.4,0.0075,feedback,minimum_traffic_feasible,0.511422372380157,0.511422372380157,0.006437739227085344,0.006437739227085344,10036.224000000031,3394.125253094383,1,2,False
receiver,1.75,22.5,0.4,0.0075,feedback,minimum_traffic_feasible,0.511422372380157,0.511422372380157,0.006437739227085344,0.006437739227085344,10036.224000000031,3394.125253094383,1,2,False
receiver,2.0,22.5,0.4,0.0075,feedback,minimum_traffic_feasible,0.511422372380157,0.511422372380157,0.006437739227085344,0.006437739227085344,10036.224000000031,3394.125253094383,1,2,False
receiver,2.25,22.5,0.4,0.0075,feedback,minimum_traffic_feasible,0.511422372380157,0.46338466121702576,0.006437739227085344,0.005609426354281838,10036.224000000031,3394.125253094383,1,2,False
receiver,2.5,22.5,0.4,0.0075,feedback,minimum_traffic_feasible,0.511422372380157,0.42333627978502897,0.006437739227085344,0.004763645807870683,10036.224000000031,3394.125253094383,1,2,False
receiver,2.75,22.5,0.4,0.0075,one_way,minimum_traffic_feasible,0.511422372380157,0.0,0.006437739227085344,0.0,10036.224000000031,3394.125253094383,1,2,False
receiver,3.0,22.5,0.4,0.0075,one_way,minimum_traffic_feasible,0.511422372380157,0.0,0.006437739227085344,0.0,10036.224000000031,3394.125253094383,1,2,False
receiver,3.25,22.5,0.4,0.0075,one_way,minimum_traffic_feasible,0.511422372380157,0.0,0.006437739227085344,0.0,10036.224000000031,3394.125253094383,1,2,False
receiver,3.5,22.5,0.4,0.0075,one_way,minimum_traffic_feasible,0.511422372380157,0.0,0.006437739227085344,0.0,10036.224000000031,3394.125253094383,1,2,False
receiver,3.75,22.5,0.4,0.0075,one_way,minimum_traffic_feasible,0.511422372380157,0.0,0.006437739227085344,0.0,10036.224000000031,3394.125253094383,1,2,False
receiver,4.0,22.5,0.4,0.0075,one_way,minimum_traffic_feasible,0.511422372380157,0.0,0.006437739227085344,0.0,10036.224000000031,3394.125253094383,1,2,False
receiver,4.25,22.5,0.4,0.0075,infeasible,no_communication_case_meets_requirements,0.04379947697890785,0.0,0.015379870979270549,0.0,10036.224000000031,3394.125253094383,1,2,False
receiver,4.5,22.5,0.4,0.0075,infeasible,no_communication_case_meets_requirements,0.04379947697890785,0.0,0.015379870979270549,0.0,10036.224000000031,3394.125253094383,1,2,False
receiver,4.75,22.5,0.4,0.0075,infeasible,no_communication_case_meets_requirements,0.04379947697890785,0.0,0.015379870979270549,0.0,10036.224000000031,3394.125253094383,1,2,False
receiver,5.0,22.5,0.4,0.0075,infeasible,no_communication_case_meets_requirements,0.0037510955469110237,0.0,0.024241522903033906,0.0,10036.224000000031,3394.125253094383,1,2,False
receiver,5.25,22.5,0.4,0.0075,infeasible,no_communication_case_meets_requirements,0.0,0.0,0.0,0.0,10036.224000000031,3394.125253094383,1,2,False
receiver,5.5,22.5,0.4,0.0075,infeasible,no_communication_case_meets_requirements,0.0,0.0,0.0,0.0,10036.224000000031,3394.125253094383,1,2,False
receiver,5.75,22.5,0.4,0.0075,infeasible,no_communication_case_meets_requirements,0.0,0.0,0.0,0.0,10036.224000000031,3394.125253094383,1,2,False
receiver,6.0,22.5,0.4,0.0075,infeasible,no_communication_case_meets_requirements,0.0,0.0,0.0,0.0,10036.224000000031,3394.125253094383,1,2,False
receiver,6.25,22.5,0.4,0.0075,infeasible,no_communication_case_meets_requirements,0.0,0.0,0.0,0.0,10036.224000000031,3394.125253094383,1,2,False
receiver,6.5,22.5,0.4,0.0075,infeasible,no_communication_case_meets_requirements,0.0,0.0,0.0,0.0,10036.224000000031,3394.125253094383,1,2,False
receiver,6.75,22.5,0.4,0.0075,infeasible,no_communication_case_meets_requirements,0.0,0.0,0.0,0.0,10036.224000000031,3394.125253094383,1,2,False
receiver,7.0,22.5,0.4,0.0075,infeasible,no_communication_case_meets_requirements,0.0,0.0,0.0,0.0,10036.224000000031,3394.125253094383,1,2,False
receiver,7.25,22.5,0.4,0.0075,infeasible,no_communication_case_meets_requirements,0.0,0.0,0.0,0.0,10036.224000000031,3394.125253094383,1,2,False
receiver,7.5,22.5,0.4,0.0075,infeasible,no_communication_case_meets_requirements,0.0,0.0,0.0,0.0,10036.224000000031,3394.125253094383,1,2,False
receiver,7.75,22.5,0.4,0.0075,infeasible,no_communication_case_meets_requirements,0.0,0.0,0.0,0.0,10036.224000000031,3394.125253094383,1,2,False
receiver,8.0,22.5,0.4,0.0075,infeasible,no_communication_case_meets_requirements,0.0,0.0,0.0,0.0,10036.224000000031,3394.125253094383,1,2,False
receiver,0.0,23.0,0.4,0.0075,feedback,minimum_traffic_feasible,0.511422372380157,0.511422372380157,0.006437739227085344,0.006437739227085344,10036.224000000031,3394.125253094383,1,2,False
receiver,0.25,23.0,0.4,0.0075,feedback,minimum_traffic_feasible,0.511422372380157,0.511422372380157,0.006437739227085344,0.006437739227085344,10036.224000000031,3394.125253094383,1,2,False
receiver,0.5,23.0,0.4,0.0075,feedback,minimum_traffic_feasible,0.511422372380157,0.511422372380157,0.006437739227085344,0.006437739227085344,10036.224000000031,3394.125253094383,1,2,False
receiver,0.75,23.0,0.4,0.0075,feedback,minimum_traffic_feasible,0.511422372380157,0.511422372380157,0.006437739227085344,0.006437739227085344,10036.224000000031,3394.125253094383,1,2,False
receiver,1.0,23.0,0.4,0.0075,feedback,minimum_traffic_feasible,0.511422372380157,0.511422372380157,0.006437739227085344,0.006437739227085344,10036.224000000031,3394.125253094383,1,2,False
receiver,1.25,23.0,0.4,0.0075,feedback,minimum_traffic_feasible,0.511422372380157,0.511422372380157,0.006437739227085344,0.006437739227085344,10036.224000000031,3394.125253094383,1,2,False
receiver,1.5,23.0,0.4,0.0075,feedback,minimum_traffic_feasible,0.511422372380157,0.511422372380157,0.006437739227085344,0.006437739227085344,10036.224000000031,3394.125253094383,1,2,False
receiver,1.75,23.0,0.4,0.0075,feedback,minimum_traffic_feasible,0.511422372380157,0.511422372380157,0.006437739227085344,0.006437739227085344,10036.224000000031,3394.125253094383,1,2,False
receiver,2.0,23.0,0.4,0.0075,feedback,minimum_traffic_feasible,0.511422372380157,0.511422372380157,0.006437739227085344,0.006437739227085344,10036.224000000031,3394.125253094383,1,2,False
receiver,2.25,23.0,0.4,0.0075,feedback,minimum_traffic_feasible,0.511422372380157,0.46338466121702576,0.006437739227085344,0.005609426354281838,10036.224000000031,3394.125253094383,1,2,False
receiver,2.5,23.0,0.4,0.0075,feedback,minimum_traffic_feasible,0.511422372380157,0.42333627978502897,0.006437739227085344,0.004763645807870683,10036.224000000031,3394.125253094383,1,2,False
receiver,2.75,23.0,0.4,0.0075,one_way,minimum_traffic_feasible,0.511422372380157,0.0,0.006437739227085344,0.0,10036.224000000031,3394.125253094383,1,2,False
receiver,3.0,23.0,0.4,0.0075,one_way,minimum_traffic_feasible,0.511422372380157,0.0,0.006437739227085344,0.0,10036.224000000031,3394.125253094383,1,2,False
receiver,3.25,23.0,0.4,0.0075,one_way,minimum_traffic_feasible,0.511422372380157,0.0,0.006437739227085344,0.0,10036.224000000031,3394.125253094383,1,2,False
receiver,3.5,23.0,0.4,0.0075,one_way,minimum_traffic_feasible,0.511422372380157,0.0,0.006437739227085344,0.0,10036.224000000031,3394.125253094383,1,2,False
receiver,3.75,23.0,0.4,0.0075,one_way,minimum_traffic_feasible,0.511422372380157,0.0,0.006437739227085344,0.0,10036.224000000031,3394.125253094383,1,2,False
receiver,4.0,23.0,0.4,0.0075,one_way,minimum_traffic_feasible,0.511422372380157,0.0,0.006437739227085344,0.0,10036.224000000031,3394.125253094383,1,2,False
receiver,4.25,23.0,0.4,0.0075,infeasible,no_communication_case_meets_requirements,0.04379947697890785,0.0,0.015379870979270549,0.0,10036.224000000031,3394.125253094383,1,2,False
receiver,4.5,23.0,0.4,0.0075,infeasible,no_communication_case_meets_requirements,0.04379947697890785,0.0,0.015379870979270549,0.0,10036.224000000031,3394.125253094383,1,2,False
receiver,4.75,23.0,0.4,0.0075,infeasible,no_communication_case_meets_requirements,0.04379947697890785,0.0,0.015379870979270549,0.0,10036.224000000031,3394.125253094383,1,2,False
receiver,5.0,23.0,0.4,0.0075,infeasible,no_communication_case_meets_requirements,0.0037510955469110237,0.0,0.024241522903033906,0.0,10036.224000000031,3394.125253094383,1,2,False
receiver,5.25,23.0,0.4,0.0075,infeasible,no_communication_case_meets_requirements,0.0,0.0,0.0,0.0,10036.224000000031,3394.125253094383,1,2,False
receiver,5.5,23.0,0.4,0.0075,infeasible,no_communication_case_meets_requirements,0.0,0.0,0.0,0.0,10036.224000000031,3394.125253094383,1,2,False
receiver,5.75,23.0,0.4,0.0075,infeasible,no_communication_case_meets_requirements,0.0,0.0,0.0,0.0,10036.224000000031,3394.125253094383,1,2,False
receiver,6.0,23.0,0.4,0.0075,infeasible,no_communication_case_meets_requirements,0.0,0.0,0.0,0.0,10036.224000000031,3394.125253094383,1,2,False
receiver,6.25,23.0,0.4,0.0075,infeasible,no_communication_case_meets_requirements,0.0,0.0,0.0,0.0,10036.224000000031,3394.125253094383,1,2,False
receiver,6.5,23.0,0.4,0.0075,infeasible,no_communication_case_meets_requirements,0.0,0.0,0.0,0.0,10036.224000000031,3394.125253094383,1,2,False
receiver,6.75,23.0,0.4,0.0075,infeasible,no_communication_case_meets_requirements,0.0,0.0,0.0,0.0,10036.224000000031,3394.125253094383,1,2,False
receiver,7.0,23.0,0.4,0.0075,infeasible,no_communication_case_meets_requirements,0.0,0.0,0.0,0.0,10036.224000000031,3394.125253094383,1,2,False
receiver,7.25,23.0,0.4,0.0075,infeasible,no_communication_case_meets_requirements,0.0,0.0,0.0,0.0,10036.224000000031,3394.125253094383,1,2,False
receiver,7.5,23.0,0.4,0.0075,infeasible,no_communication_case_meets_requirements,0.0,0.0,0.0,0.0,10036.224000000031,3394.125253094383,1,2,False
receiver,7.75,23.0,0.4,0.0075,infeasible,no_communication_case_meets_requirements,0.0,0.0,0.0,0.0,10036.224000000031,3394.125253094383,1,2,False
receiver,8.0,23.0,0.4,0.0075,infeasible,no_communication_case_meets_requirements,0.0,0.0,0.0,0.0,10036.224000000031,3394.125253094383,1,2,False
receiver,0.0,23.5,0.4,0.0075,feedback,minimum_traffic_feasible,0.511422372380157,0.511422372380157,0.006437739227085344,0.006437739227085344,10036.224000000031,3394.125253094383,1,2,False
receiver,0.25,23.5,0.4,0.0075,feedback,minimum_traffic_feasible,0.511422372380157,0.511422372380157,0.006437739227085344,0.006437739227085344,10036.224000000031,3394.125253094383,1,2,False
receiver,0.5,23.5,0.4,0.0075,feedback,minimum_traffic_feasible,0.511422372380157,0.511422372380157,0.006437739227085344,0.006437739227085344,10036.224000000031,3394.125253094383,1,2,False
receiver,0.75,23.5,0.4,0.0075,feedback,minimum_traffic_feasible,0.511422372380157,0.511422372380157,0.006437739227085344,0.006437739227085344,10036.224000000031,3394.125253094383,1,2,False
receiver,1.0,23.5,0.4,0.0075,feedback,minimum_traffic_feasible,0.511422372380157,0.511422372380157,0.006437739227085344,0.006437739227085344,10036.224000000031,3394.125253094383,1,2,False
receiver,1.25,23.5,0.4,0.0075,feedback,minimum_traffic_feasible,0.511422372380157,0.511422372380157,0.006437739227085344,0.006437739227085344,10036.224000000031,3394.125253094383,1,2,False
receiver,1.5,23.5,0.4,0.0075,feedback,minimum_traffic_feasible,0.511422372380157,0.511422372380157,0.006437739227085344,0.006437739227085344,10036.224000000031,3394.125253094383,1,2,False
receiver,1.75,23.5,0.4,0.0075,feedback,minimum_traffic_feasible,0.511422372380157,0.511422372380157,0.006437739227085344,0.006437739227085344,10036.224000000031,3394.125253094383,1,2,False
receiver,2.0,23.5,0.4,0.0075,feedback,minimum_traffic_feasible,0.511422372380157,0.511422372380157,0.006437739227085344,0.006437739227085344,10036.224000000031,3394.125253094383,1,2,False
receiver,2.25,23.5,0.4,0.0075,feedback,minimum_traffic_feasible,0.511422372380157,0.46338466121702576,0.006437739227085344,0.005609426354281838,10036.224000000031,3394.125253094383,1,2,False
receiver,2.5,23.5,0.4,0.0075,feedback,minimum_traffic_feasible,0.511422372380157,0.42333627978502897,0.006437739227085344,0.004763645807870683,10036.224000000031,3394.125253094383,1,2,False
receiver,2.75,23.5,0.4,0.0075,one_way,minimum_traffic_feasible,0.511422372380157,0.0,0.006437739227085344,0.0,10036.224000000031,3394.125253094383,1,2,False
receiver,3.0,23.5,0.4,0.0075,one_way,minimum_traffic_feasible,0.511422372380157,0.0,0.006437739227085344,0.0,10036.224000000031,3394.125253094383,1,2,False
receiver,3.25,23.5,0.4,0.0075,one_way,minimum_traffic_feasible,0.511422372380157,0.0,0.006437739227085344,0.0,10036.224000000031,3394.125253094383,1,2,False
receiver,3.5,23.5,0.4,0.0075,one_way,minimum_traffic_feasible,0.511422372380157,0.0,0.006437739227085344,0.0,10036.224000000031,3394.125253094383,1,2,False
receiver,3.75,23.5,0.4,0.0075,one_way,minimum_traffic_feasible,0.511422372380157,0.0,0.006437739227085344,0.0,10036.224000000031,3394.125253094383,1,2,False
receiver,4.0,23.5,0.4,0.0075,one_way,minimum_traffic_feasible,0.511422372380157,0.0,0.006437739227085344,0.0,10036.224000000031,3394.125253094383,1,2,False
receiver,4.25,23.5,0.4,0.0075,infeasible,no_communication_case_meets_requirements,0.04379947697890785,0.0,0.015379870979270549,0.0,10036.224000000031,3394.125253094383,1,2,False
receiver,4.5,23.5,0.4,0.0075,infeasible,no_communication_case_meets_requirements,0.04379947697890785,0.0,0.015379870979270549,0.0,10036.224000000031,3394.125253094383,1,2,False
receiver,4.75,23.5,0.4,0.0075,infeasible,no_communication_case_meets_requirements,0.04379947697890785,0.0,0.015379870979270549,0.0,10036.224000000031,3394.125253094383,1,2,False
receiver,5.0,23.5,0.4,0.0075,infeasible,no_communication_case_meets_requirements,0.0037510955469110237,0.0,0.024241522903033906,0.0,10036.224000000031,3394.125253094383,1,2,False
receiver,5.25,23.5,0.4,0.0075,infeasible,no_communication_case_meets_requirements,0.0,0.0,0.0,0.0,10036.224000000031,3394.125253094383,1,2,False
receiver,5.5,23.5,0.4,0.0075,infeasible,no_communication_case_meets_requirements,0.0,0.0,0.0,0.0,10036.224000000031,3394.125253094383,1,2,False
receiver,5.75,23.5,0.4,0.0075,infeasible,no_communication_case_meets_requirements,0.0,0.0,0.0,0.0,10036.224000000031,3394.125253094383,1,2,False
receiver,6.0,23.5,0.4,0.0075,infeasible,no_communication_case_meets_requirements,0.0,0.0,0.0,0.0,10036.224000000031,3394.125253094383,1,2,False
receiver,6.25,23.5,0.4,0.0075,infeasible,no_communication_case_meets_requirements,0.0,0.0,0.0,0.0,10036.224000000031,3394.125253094383,1,2,False
receiver,6.5,23.5,0.4,0.0075,infeasible,no_communication_case_meets_requirements,0.0,0.0,0.0,0.0,10036.224000000031,3394.125253094383,1,2,False
receiver,6.75,23.5,0.4,0.0075,infeasible,no_communication_case_meets_requirements,0.0,0.0,0.0,0.0,10036.224000000031,3394.125253094383,1,2,False
receiver,7.0,23.5,0.4,0.0075,infeasible,no_communication_case_meets_requirements,0.0,0.0,0.0,0.0,10036.224000000031,3394.125253094383,1,2,False
receiver,7.25,23.5,0.4,0.0075,infeasible,no_communication_case_meets_requirements,0.0,0.0,0.0,0.0,10036.224000000031,3394.125253094383,1,2,False
receiver,7.5,23.5,0.4,0.0075,infeasible,no_communication_case_meets_requirements,0.0,0.0,0.0,0.0,10036.224000000031,3394.125253094383,1,2,False
receiver,7.75,23.5,0.4,0.0075,infeasible,no_communication_case_meets_requirements,0.0,0.0,0.0,0.0,10036.224000000031,3394.125253094383,1,2,False
receiver,8.0,23.5,0.4,0.0075,infeasible,no_communication_case_meets_requirements,0.0,0.0,0.0,0.0,10036.224000000031,3394.125253094383,1,2,False
receiver,0.0,24.0,0.4,0.0075,feedback,minimum_traffic_feasible,0.511422372380157,0.511422372380157,0.006437739227085344,0.006437739227085344,10036.224000000031,3394.125253094383,1,2,False
receiver,0.25,24.0,0.4,0.0075,feedback,minimum_traffic_feasible,0.511422372380157,0.511422372380157,0.006437739227085344,0.006437739227085344,10036.224000000031,3394.125253094383,1,2,False
receiver,0.5,24.0,0.4,0.0075,feedback,minimum_traffic_feasible,0.511422372380157,0.511422372380157,0.006437739227085344,0.006437739227085344,10036.224000000031,3394.125253094383,1,2,False
receiver,0.75,24.0,0.4,0.0075,feedback,minimum_traffic_feasible,0.511422372380157,0.511422372380157,0.006437739227085344,0.006437739227085344,10036.224000000031,3394.125253094383,1,2,False
receiver,1.0,24.0,0.4,0.0075,feedback,minimum_traffic_feasible,0.511422372380157,0.511422372380157,0.006437739227085344,0.006437739227085344,10036.224000000031,3394.125253094383,1,2,False
receiver,1.25,24.0,0.4,0.0075,feedback,minimum_traffic_feasible,0.511422372380157,0.511422372380157,0.006437739227085344,0.006437739227085344,10036.224000000031,3394.125253094383,1,2,False
receiver,1.5,24.0,0.4,0.0075,feedback,minimum_traffic_feasible,0.511422372380157,0.511422372380157,0.006437739227085344,0.006437739227085344,10036.224000000031,3394.125253094383,1,2,False
receiver,1.75,24.0,0.4,0.0075,feedback,minimum_traffic_feasible,0.511422372380157,0.511422372380157,0.006437739227085344,0.006437739227085344,10036.224000000031,3394.125253094383,1,2,False
receiver,2.0,24.0,0.4,0.0075,feedback,minimum_traffic_feasible,0.511422372380157,0.511422372380157,0.006437739227085344,0.006437739227085344,10036.224000000031,3394.125253094383,1,2,False
receiver,2.25,24.0,0.4,0.0075,feedback,minimum_traffic_feasible,0.511422372380157,0.46338466121702576,0.006437739227085344,0.005609426354281838,10036.224000000031,3394.125253094383,1,2,False
receiver,2.5,24.0,0.4,0.0075,feedback,minimum_traffic_feasible,0.511422372380157,0.42333627978502897,0.006437739227085344,0.004763645807870683,10036.224000000031,3394.125253094383,1,2,False
receiver,2.75,24.0,0.4,0.0075,one_way,minimum_traffic_feasible,0.511422372380157,0.0,0.006437739227085344,0.0,10036.224000000031,3394.125253094383,1,2,False
receiver,3.0,24.0,0.4,0.0075,one_way,minimum_traffic_feasible,0.511422372380157,0.0,0.006437739227085344,0.0,10036.224000000031,3394.125253094383,1,2,False
receiver,3.25,24.0,0.4,0.0075,one_way,minimum_traffic_feasible,0.511422372380157,0.0,0.006437739227085344,0.0,10036.224000000031,3394.125253094383,1,2,False
receiver,3.5,24.0,0.4,0.0075,one_way,minimum_traffic_feasible,0.511422372380157,0.0,0.006437739227085344,0.0,10036.224000000031,3394.125253094383,1,2,False
receiver,3.75,24.0,0.4,0.0075,one_way,minimum_traffic_feasible,0.511422372380157,0.0,0.006437739227085344,0.0,10036.224000000031,3394.125253094383,1,2,False
receiver,4.0,24.0,0.4,0.0075,one_way,minimum_traffic_feasible,0.511422372380157,0.0,0.006437739227085344,0.0,10036.224000000031,3394.125253094383,1,2,False
receiver,4.25,24.0,0.4,0.0075,infeasible,no_communication_case_meets_requirements,0.04379947697890785,0.0,0.015379870979270549,0.0,10036.224000000031,3394.125253094383,1,2,False
receiver,4.5,24.0,0.4,0.0075,infeasible,no_communication_case_meets_requirements,0.04379947697890785,0.0,0.015379870979270549,0.0,10036.224000000031,3394.125253094383,1,2,False
receiver,4.75,24.0,0.4,0.0075,infeasible,no_communication_case_meets_requirements,0.04379947697890785,0.0,0.015379870979270549,0.0,10036.224000000031,3394.125253094383,1,2,False
receiver,5.0,24.0,0.4,0.0075,infeasible,no_communication_case_meets_requirements,0.0037510955469110237,0.0,0.024241522903033906,0.0,10036.224000000031,3394.125253094383,1,2,False
receiver,5.25,24.0,0.4,0.0075,infeasible,no_communication_case_meets_requirements,0.0,0.0,0.0,0.0,10036.224000000031,3394.125253094383,1,2,False
receiver,5.5,24.0,0.4,0.0075,infeasible,no_communication_case_meets_requirements,0.0,0.0,0.0,0.0,10036.224000000031,3394.125253094383,1,2,False
receiver,5.75,24.0,0.4,0.0075,infeasible,no_communication_case_meets_requirements,0.0,0.0,0.0,0.0,10036.224000000031,3394.125253094383,1,2,False
receiver,6.0,24.0,0.4,0.0075,infeasible,no_communication_case_meets_requirements,0.0,0.0,0.0,0.0,10036.224000000031,3394.125253094383,1,2,False
receiver,6.25,24.0,0.4,0.0075,infeasible,no_communication_case_meets_requirements,0.0,0.0,0.0,0.0,10036.224000000031,3394.125253094383,1,2,False
receiver,6.5,24.0,0.4,0.0075,infeasible,no_communication_case_meets_requirements,0.0,0.0,0.0,0.0,10036.224000000031,3394.125253094383,1,2,False
receiver,6.75,24.0,0.4,0.0075,infeasible,no_communication_case_meets_requirements,0.0,0.0,0.0,0.0,10036.224000000031,3394.125253094383,1,2,False
receiver,7.0,24.0,0.4,0.0075,infeasible,no_communication_case_meets_requirements,0.0,0.0,0.0,0.0,10036.224000000031,3394.125253094383,1,2,False
receiver,7.25,24.0,0.4,0.0075,infeasible,no_communication_case_meets_requirements,0.0,0.0,0.0,0.0,10036.224000000031,3394.125253094383,1,2,False
receiver,7.5,24.0,0.4,0.0075,infeasible,no_communication_case_meets_requirements,0.0,0.0,0.0,0.0,10036.224000000031,3394.125253094383,1,2,False
receiver,7.75,24.0,0.4,0.0075,infeasible,no_communication_case_meets_requirements,0.0,0.0,0.0,0.0,10036.224000000031,3394.125253094383,1,2,False
receiver,8.0,24.0,0.4,0.0075,infeasible,no_communication_case_meets_requirements,0.0,0.0,0.0,0.0,10036.224000000031,3394.125253094383,1,2,False
receiver,0.0,24.5,0.4,0.0075,feedback,minimum_traffic_feasible,0.511422372380157,0.511422372380157,0.006437739227085344,0.006437739227085344,10036.224000000031,3394.125253094383,1,2,False
receiver,0.25,24.5,0.4,0.0075,feedback,minimum_traffic_feasible,0.511422372380157,0.511422372380157,0.006437739227085344,0.006437739227085344,10036.224000000031,3394.125253094383,1,2,False
receiver,0.5,24.5,0.4,0.0075,feedback,minimum_traffic_feasible,0.511422372380157,0.511422372380157,0.006437739227085344,0.006437739227085344,10036.224000000031,3394.125253094383,1,2,False
receiver,0.75,24.5,0.4,0.0075,feedback,minimum_traffic_feasible,0.511422372380157,0.511422372380157,0.006437739227085344,0.006437739227085344,10036.224000000031,3394.125253094383,1,2,False
receiver,1.0,24.5,0.4,0.0075,feedback,minimum_traffic_feasible,0.511422372380157,0.511422372380157,0.006437739227085344,0.006437739227085344,10036.224000000031,3394.125253094383,1,2,False
receiver,1.25,24.5,0.4,0.0075,feedback,minimum_traffic_feasible,0.511422372380157,0.511422372380157,0.006437739227085344,0.006437739227085344,10036.224000000031,3394.125253094383,1,2,False
receiver,1.5,24.5,0.4,0.0075,feedback,minimum_traffic_feasible,0.511422372380157,0.511422372380157,0.006437739227085344,0.006437739227085344,10036.224000000031,3394.125253094383,1,2,False
receiver,1.75,24.5,0.4,0.0075,feedback,minimum_traffic_feasible,0.511422372380157,0.511422372380157,0.006437739227085344,0.006437739227085344,10036.224000000031,3394.125253094383,1,2,False
receiver,2.0,24.5,0.4,0.0075,feedback,minimum_traffic_feasible,0.511422372380157,0.511422372380157,0.006437739227085344,0.006437739227085344,10036.224000000031,3394.125253094383,1,2,False
receiver,2.25,24.5,0.4,0.0075,feedback,minimum_traffic_feasible,0.511422372380157,0.46338466121702576,0.006437739227085344,0.005609426354281838,10036.224000000031,3394.125253094383,1,2,False
receiver,2.5,24.5,0.4,0.0075,feedback,minimum_traffic_feasible,0.511422372380157,0.42333627978502897,0.006437739227085344,0.004763645807870683,10036.224000000031,3394.125253094383,1,2,False
receiver,2.75,24.5,0.4,0.0075,one_way,minimum_traffic_feasible,0.511422372380157,0.0,0.006437739227085344,0.0,10036.224000000031,3394.125253094383,1,2,False
receiver,3.0,24.5,0.4,0.0075,one_way,minimum_traffic_feasible,0.511422372380157,0.0,0.006437739227085344,0.0,10036.224000000031,3394.125253094383,1,2,False
receiver,3.25,24.5,0.4,0.0075,one_way,minimum_traffic_feasible,0.511422372380157,0.0,0.006437739227085344,0.0,10036.224000000031,3394.125253094383,1,2,False
receiver,3.5,24.5,0.4,0.0075,one_way,minimum_traffic_feasible,0.511422372380157,0.0,0.006437739227085344,0.0,10036.224000000031,3394.125253094383,1,2,False
receiver,3.75,24.5,0.4,0.0075,one_way,minimum_traffic_feasible,0.511422372380157,0.0,0.006437739227085344,0.0,10036.224000000031,3394.125253094383,1,2,False
receiver,4.0,24.5,0.4,0.0075,one_way,minimum_traffic_feasible,0.511422372380157,0.0,0.006437739227085344,0.0,10036.224000000031,3394.125253094383,1,2,False
receiver,4.25,24.5,0.4,0.0075,infeasible,no_communication_case_meets_requirements,0.04379947697890785,0.0,0.015379870979270549,0.0,10036.224000000031,3394.125253094383,1,2,False
receiver,4.5,24.5,0.4,0.0075,infeasible,no_communication_case_meets_requirements,0.04379947697890785,0.0,0.015379870979270549,0.0,10036.224000000031,3394.125253094383,1,2,False
receiver,4.75,24.5,0.4,0.0075,infeasible,no_communication_case_meets_requirements,0.04379947697890785,0.0,0.015379870979270549,0.0,10036.224000000031,3394.125253094383,1,2,False
receiver,5.0,24.5,0.4,0.0075,infeasible,no_communication_case_meets_requirements,0.0037510955469110237,0.0,0.024241522903033906,0.0,10036.224000000031,3394.125253094383,1,2,False
receiver,5.25,24.5,0.4,0.0075,infeasible,no_communication_case_meets_requirements,0.0,0.0,0.0,0.0,10036.224000000031,3394.125253094383,1,2,False
receiver,5.5,24.5,0.4,0.0075,infeasible,no_communication_case_meets_requirements,0.0,0.0,0.0,0.0,10036.224000000031,3394.125253094383,1,2,False
receiver,5.75,24.5,0.4,0.0075,infeasible,no_communication_case_meets_requirements,0.0,0.0,0.0,0.0,10036.224000000031,3394.125253094383,1,2,False
receiver,6.0,24.5,0.4,0.0075,infeasible,no_communication_case_meets_requirements,0.0,0.0,0.0,0.0,10036.224000000031,3394.125253094383,1,2,False
receiver,6.25,24.5,0.4,0.0075,infeasible,no_communication_case_meets_requirements,0.0,0.0,0.0,0.0,10036.224000000031,3394.125253094383,1,2,False
receiver,6.5,24.5,0.4,0.0075,infeasible,no_communication_case_meets_requirements,0.0,0.0,0.0,0.0,10036.224000000031,3394.125253094383,1,2,False
receiver,6.75,24.5,0.4,0.0075,infeasible,no_communication_case_meets_requirements,0.0,0.0,0.0,0.0,10036.224000000031,3394.125253094383,1,2,False
receiver,7.0,24.5,0.4,0.0075,infeasible,no_communication_case_meets_requirements,0.0,0.0,0.0,0.0,10036.224000000031,3394.125253094383,1,2,False
receiver,7.25,24.5,0.4,0.0075,infeasible,no_communication_case_meets_requirements,0.0,0.0,0.0,0.0,10036.224000000031,3394.125253094383,1,2,False
receiver,7.5,24.5,0.4,0.0075,infeasible,no_communication_case_meets_requirements,0.0,0.0,0.0,0.0,10036.224000000031,3394.125253094383,1,2,False
receiver,7.75,24.5,0.4,0.0075,infeasible,no_communication_case_meets_requirements,0.0,0.0,0.0,0.0,10036.224000000031,3394.125253094383,1,2,False
receiver,8.0,24.5,0.4,0.0075,infeasible,no_communication_case_meets_requirements,0.0,0.0,0.0,0.0,10036.224000000031,3394.125253094383,1,2,False
receiver,0.0,25.0,0.4,0.0075,feedback,minimum_traffic_feasible,0.511422372380157,0.511422372380157,0.006437739227085344,0.006437739227085344,10036.224000000031,3394.125253094383,1,2,False
receiver,0.25,25.0,0.4,0.0075,feedback,minimum_traffic_feasible,0.511422372380157,0.511422372380157,0.006437739227085344,0.006437739227085344,10036.224000000031,3394.125253094383,1,2,False
receiver,0.5,25.0,0.4,0.0075,feedback,minimum_traffic_feasible,0.511422372380157,0.511422372380157,0.006437739227085344,0.006437739227085344,10036.224000000031,3394.125253094383,1,2,False
receiver,0.75,25.0,0.4,0.0075,feedback,minimum_traffic_feasible,0.511422372380157,0.511422372380157,0.006437739227085344,0.006437739227085344,10036.224000000031,3394.125253094383,1,2,False
receiver,1.0,25.0,0.4,0.0075,feedback,minimum_traffic_feasible,0.511422372380157,0.511422372380157,0.006437739227085344,0.006437739227085344,10036.224000000031,3394.125253094383,1,2,False
receiver,1.25,25.0,0.4,0.0075,feedback,minimum_traffic_feasible,0.511422372380157,0.511422372380157,0.006437739227085344,0.006437739227085344,10036.224000000031,3394.125253094383,1,2,False
receiver,1.5,25.0,0.4,0.0075,feedback,minimum_traffic_feasible,0.511422372380157,0.511422372380157,0.006437739227085344,0.006437739227085344,10036.224000000031,3394.125253094383,1,2,False
receiver,1.75,25.0,0.4,0.0075,feedback,minimum_traffic_feasible,0.511422372380157,0.511422372380157,0.006437739227085344,0.006437739227085344,10036.224000000031,3394.125253094383,1,2,False
receiver,2.0,25.0,0.4,0.0075,feedback,minimum_traffic_feasible,0.511422372380157,0.511422372380157,0.006437739227085344,0.006437739227085344,10036.224000000031,3394.125253094383,1,2,False
receiver,2.25,25.0,0.4,0.0075,feedback,minimum_traffic_feasible,0.511422372380157,0.46338466121702576,0.006437739227085344,0.005609426354281838,10036.224000000031,3394.125253094383,1,2,False
receiver,2.5,25.0,0.4,0.0075,feedback,minimum_traffic_feasible,0.511422372380157,0.42333627978502897,0.006437739227085344,0.004763645807870683,10036.224000000031,3394.125253094383,1,2,False
receiver,2.75,25.0,0.4,0.0075,one_way,minimum_traffic_feasible,0.511422372380157,0.0,0.006437739227085344,0.0,10036.224000000031,3394.125253094383,1,2,False
receiver,3.0,25.0,0.4,0.0075,one_way,minimum_traffic_feasible,0.511422372380157,0.0,0.006437739227085344,0.0,10036.224000000031,3394.125253094383,1,2,False
receiver,3.25,25.0,0.4,0.0075,one_way,minimum_traffic_feasible,0.511422372380157,0.0,0.006437739227085344,0.0,10036.224000000031,3394.125253094383,1,2,False
receiver,3.5,25.0,0.4,0.0075,one_way,minimum_traffic_feasible,0.511422372380157,0.0,0.006437739227085344,0.0,10036.224000000031,3394.125253094383,1,2,False
receiver,3.75,25.0,0.4,0.0075,one_way,minimum_traffic_feasible,0.511422372380157,0.0,0.006437739227085344,0.0,10036.224000000031,3394.125253094383,1,2,False
receiver,4.0,25.0,0.4,0.0075,one_way,minimum_traffic_feasible,0.511422372380157,0.0,0.006437739227085344,0.0,10036.224000000031,3394.125253094383,1,2,False
receiver,4.25,25.0,0.4,0.0075,infeasible,no_communication_case_meets_requirements,0.04379947697890785,0.0,0.015379870979270549,0.0,10036.224000000031,3394.125253094383,1,2,False
receiver,4.5,25.0,0.4,0.0075,infeasible,no_communication_case_meets_requirements,0.04379947697890785,0.0,0.015379870979270549,0.0,10036.224000000031,3394.125253094383,1,2,False
receiver,4.75,25.0,0.4,0.0075,infeasible,no_communication_case_meets_requirements,0.04379947697890785,0.0,0.015379870979270549,0.0,10036.224000000031,3394.125253094383,1,2,False
receiver,5.0,25.0,0.4,0.0075,infeasible,no_communication_case_meets_requirements,0.0037510955469110237,0.0,0.024241522903033906,0.0,10036.224000000031,3394.125253094383,1,2,False
receiver,5.25,25.0,0.4,0.0075,infeasible,no_communication_case_meets_requirements,0.0,0.0,0.0,0.0,10036.224000000031,3394.125253094383,1,2,False
receiver,5.5,25.0,0.4,0.0075,infeasible,no_communication_case_meets_requirements,0.0,0.0,0.0,0.0,10036.224000000031,3394.125253094383,1,2,False
receiver,5.75,25.0,0.4,0.0075,infeasible,no_communication_case_meets_requirements,0.0,0.0,0.0,0.0,10036.224000000031,3394.125253094383,1,2,False
receiver,6.0,25.0,0.4,0.0075,infeasible,no_communication_case_meets_requirements,0.0,0.0,0.0,0.0,10036.224000000031,3394.125253094383,1,2,False
receiver,6.25,25.0,0.4,0.0075,infeasible,no_communication_case_meets_requirements,0.0,0.0,0.0,0.0,10036.224000000031,3394.125253094383,1,2,False
receiver,6.5,25.0,0.4,0.0075,infeasible,no_communication_case_meets_requirements,0.0,0.0,0.0,0.0,10036.224000000031,3394.125253094383,1,2,False
receiver,6.75,25.0,0.4,0.0075,infeasible,no_communication_case_meets_requirements,0.0,0.0,0.0,0.0,10036.224000000031,3394.125253094383,1,2,False
receiver,7.0,25.0,0.4,0.0075,infeasible,no_communication_case_meets_requirements,0.0,0.0,0.0,0.0,10036.224000000031,3394.125253094383,1,2,False
receiver,7.25,25.0,0.4,0.0075,infeasible,no_communication_case_meets_requirements,0.0,0.0,0.0,0.0,10036.224000000031,3394.125253094383,1,2,False
receiver,7.5,25.0,0.4,0.0075,infeasible,no_communication_case_meets_requirements,0.0,0.0,0.0,0.0,10036.224000000031,3394.125253094383,1,2,False
receiver,7.75,25.0,0.4,0.0075,infeasible,no_communication_case_meets_requirements,0.0,0.0,0.0,0.0,10036.224000000031,3394.125253094383,1,2,False
receiver,8.0,25.0,0.4,0.0075,infeasible,no_communication_case_meets_requirements,0.0,0.0,0.0,0.0,10036.224000000031,3394.125253094383,1,2,False
receiver,0.0,25.5,0.4,0.0075,feedback,minimum_traffic_feasible,0.511422372380157,0.511422372380157,0.006437739227085344,0.006437739227085344,10036.224000000031,3394.125253094383,1,2,False
receiver,0.25,25.5,0.4,0.0075,feedback,minimum_traffic_feasible,0.511422372380157,0.511422372380157,0.006437739227085344,0.006437739227085344,10036.224000000031,3394.125253094383,1,2,False
receiver,0.5,25.5,0.4,0.0075,feedback,minimum_traffic_feasible,0.511422372380157,0.511422372380157,0.006437739227085344,0.006437739227085344,10036.224000000031,3394.125253094383,1,2,False
receiver,0.75,25.5,0.4,0.0075,feedback,minimum_traffic_feasible,0.511422372380157,0.511422372380157,0.006437739227085344,0.006437739227085344,10036.224000000031,3394.125253094383,1,2,False
receiver,1.0,25.5,0.4,0.0075,feedback,minimum_traffic_feasible,0.511422372380157,0.511422372380157,0.006437739227085344,0.006437739227085344,10036.224000000031,3394.125253094383,1,2,False
receiver,1.25,25.5,0.4,0.0075,feedback,minimum_traffic_feasible,0.511422372380157,0.511422372380157,0.006437739227085344,0.006437739227085344,10036.224000000031,3394.125253094383,1,2,False
receiver,1.5,25.5,0.4,0.0075,feedback,minimum_traffic_feasible,0.511422372380157,0.511422372380157,0.006437739227085344,0.006437739227085344,10036.224000000031,3394.125253094383,1,2,False
receiver,1.75,25.5,0.4,0.0075,feedback,minimum_traffic_feasible,0.511422372380157,0.511422372380157,0.006437739227085344,0.006437739227085344,10036.224000000031,3394.125253094383,1,2,False
receiver,2.0,25.5,0.4,0.0075,feedback,minimum_traffic_feasible,0.511422372380157,0.511422372380157,0.006437739227085344,0.006437739227085344,10036.224000000031,3394.125253094383,1,2,False
receiver,2.25,25.5,0.4,0.0075,feedback,minimum_traffic_feasible,0.511422372380157,0.46338466121702576,0.006437739227085344,0.005609426354281838,10036.224000000031,3394.125253094383,1,2,False
receiver,2.5,25.5,0.4,0.0075,feedback,minimum_traffic_feasible,0.511422372380157,0.42333627978502897,0.006437739227085344,0.004763645807870683,10036.224000000031,3394.125253094383,1,2,False
receiver,2.75,25.5,0.4,0.0075,one_way,minimum_traffic_feasible,0.511422372380157,0.0,0.006437739227085344,0.0,10036.224000000031,3394.125253094383,1,2,False
receiver,3.0,25.5,0.4,0.0075,one_way,minimum_traffic_feasible,0.511422372380157,0.0,0.006437739227085344,0.0,10036.224000000031,3394.125253094383,1,2,False
receiver,3.25,25.5,0.4,0.0075,one_way,minimum_traffic_feasible,0.511422372380157,0.0,0.006437739227085344,0.0,10036.224000000031,3394.125253094383,1,2,False
receiver,3.5,25.5,0.4,0.0075,one_way,minimum_traffic_feasible,0.511422372380157,0.0,0.006437739227085344,0.0,10036.224000000031,3394.125253094383,1,2,False
receiver,3.75,25.5,0.4,0.0075,one_way,minimum_traffic_feasible,0.511422372380157,0.0,0.006437739227085344,0.0,10036.224000000031,3394.125253094383,1,2,False
receiver,4.0,25.5,0.4,0.0075,one_way,minimum_traffic_feasible,0.511422372380157,0.0,0.006437739227085344,0.0,10036.224000000031,3394.125253094383,1,2,False
receiver,4.25,25.5,0.4,0.0075,infeasible,no_communication_case_meets_requirements,0.04379947697890785,0.0,0.015379870979270549,0.0,10036.224000000031,3394.125253094383,1,2,False
receiver,4.5,25.5,0.4,0.0075,infeasible,no_communication_case_meets_requirements,0.04379947697890785,0.0,0.015379870979270549,0.0,10036.224000000031,3394.125253094383,1,2,False
receiver,4.75,25.5,0.4,0.0075,infeasible,no_communication_case_meets_requirements,0.04379947697890785,0.0,0.015379870979270549,0.0,10036.224000000031,3394.125253094383,1,2,False
receiver,5.0,25.5,0.4,0.0075,infeasible,no_communication_case_meets_requirements,0.0037510955469110237,0.0,0.024241522903033906,0.0,10036.224000000031,3394.125253094383,1,2,False
receiver,5.25,25.5,0.4,0.0075,infeasible,no_communication_case_meets_requirements,0.0,0.0,0.0,0.0,10036.224000000031,3394.125253094383,1,2,False
receiver,5.5,25.5,0.4,0.0075,infeasible,no_communication_case_meets_requirements,0.0,0.0,0.0,0.0,10036.224000000031,3394.125253094383,1,2,False
receiver,5.75,25.5,0.4,0.0075,infeasible,no_communication_case_meets_requirements,0.0,0.0,0.0,0.0,10036.224000000031,3394.125253094383,1,2,False
receiver,6.0,25.5,0.4,0.0075,infeasible,no_communication_case_meets_requirements,0.0,0.0,0.0,0.0,10036.224000000031,3394.125253094383,1,2,False
receiver,6.25,25.5,0.4,0.0075,infeasible,no_communication_case_meets_requirements,0.0,0.0,0.0,0.0,10036.224000000031,3394.125253094383,1,2,False
receiver,6.5,25.5,0.4,0.0075,infeasible,no_communication_case_meets_requirements,0.0,0.0,0.0,0.0,10036.224000000031,3394.125253094383,1,2,False
receiver,6.75,25.5,0.4,0.0075,infeasible,no_communication_case_meets_requirements,0.0,0.0,0.0,0.0,10036.224000000031,3394.125253094383,1,2,False
receiver,7.0,25.5,0.4,0.0075,infeasible,no_communication_case_meets_requirements,0.0,0.0,0.0,0.0,10036.224000000031,3394.125253094383,1,2,False
receiver,7.25,25.5,0.4,0.0075,infeasible,no_communication_case_meets_requirements,0.0,0.0,0.0,0.0,10036.224000000031,3394.125253094383,1,2,False
receiver,7.5,25.5,0.4,0.0075,infeasible,no_communication_case_meets_requirements,0.0,0.0,0.0,0.0,10036.224000000031,3394.125253094383,1,2,False
receiver,7.75,25.5,0.4,0.0075,infeasible,no_communication_case_meets_requirements,0.0,0.0,0.0,0.0,10036.224000000031,3394.125253094383,1,2,False
receiver,8.0,25.5,0.4,0.0075,infeasible,no_communication_case_meets_requirements,0.0,0.0,0.0,0.0,10036.224000000031,3394.125253094383,1,2,False
receiver,0.0,26.0,0.4,0.0075,feedback,minimum_traffic_feasible,0.511422372380157,0.511422372380157,0.006437739227085344,0.006437739227085344,10036.224000000031,3394.125253094383,1,2,False
receiver,0.25,26.0,0.4,0.0075,feedback,minimum_traffic_feasible,0.511422372380157,0.511422372380157,0.006437739227085344,0.006437739227085344,10036.224000000031,3394.125253094383,1,2,False
receiver,0.5,26.0,0.4,0.0075,feedback,minimum_traffic_feasible,0.511422372380157,0.511422372380157,0.006437739227085344,0.006437739227085344,10036.224000000031,3394.125253094383,1,2,False
receiver,0.75,26.0,0.4,0.0075,feedback,minimum_traffic_feasible,0.511422372380157,0.511422372380157,0.006437739227085344,0.006437739227085344,10036.224000000031,3394.125253094383,1,2,False
receiver,1.0,26.0,0.4,0.0075,feedback,minimum_traffic_feasible,0.511422372380157,0.511422372380157,0.006437739227085344,0.006437739227085344,10036.224000000031,3394.125253094383,1,2,False
receiver,1.25,26.0,0.4,0.0075,feedback,minimum_traffic_feasible,0.511422372380157,0.511422372380157,0.006437739227085344,0.006437739227085344,10036.224000000031,3394.125253094383,1,2,False
receiver,1.5,26.0,0.4,0.0075,feedback,minimum_traffic_feasible,0.511422372380157,0.511422372380157,0.006437739227085344,0.006437739227085344,10036.224000000031,3394.125253094383,1,2,False
receiver,1.75,26.0,0.4,0.0075,feedback,minimum_traffic_feasible,0.511422372380157,0.511422372380157,0.006437739227085344,0.006437739227085344,10036.224000000031,3394.125253094383,1,2,False
receiver,2.0,26.0,0.4,0.0075,feedback,minimum_traffic_feasible,0.511422372380157,0.511422372380157,0.006437739227085344,0.006437739227085344,10036.224000000031,3394.125253094383,1,2,False
receiver,2.25,26.0,0.4,0.0075,feedback,minimum_traffic_feasible,0.511422372380157,0.46338466121702576,0.006437739227085344,0.005609426354281838,10036.224000000031,3394.125253094383,1,2,False
receiver,2.5,26.0,0.4,0.0075,feedback,minimum_traffic_feasible,0.511422372380157,0.42333627978502897,0.006437739227085344,0.004763645807870683,10036.224000000031,3394.125253094383,1,2,False
receiver,2.75,26.0,0.4,0.0075,one_way,minimum_traffic_feasible,0.511422372380157,0.0,0.006437739227085344,0.0,10036.224000000031,3394.125253094383,1,2,False
receiver,3.0,26.0,0.4,0.0075,one_way,minimum_traffic_feasible,0.511422372380157,0.0,0.006437739227085344,0.0,10036.224000000031,3394.125253094383,1,2,False
receiver,3.25,26.0,0.4,0.0075,one_way,minimum_traffic_feasible,0.511422372380157,0.0,0.006437739227085344,0.0,10036.224000000031,3394.125253094383,1,2,False
receiver,3.5,26.0,0.4,0.0075,one_way,minimum_traffic_feasible,0.511422372380157,0.0,0.006437739227085344,0.0,10036.224000000031,3394.125253094383,1,2,False
receiver,3.75,26.0,0.4,0.0075,one_way,minimum_traffic_feasible,0.511422372380157,0.0,0.006437739227085344,0.0,10036.224000000031,3394.125253094383,1,2,False
receiver,4.0,26.0,0.4,0.0075,one_way,minimum_traffic_feasible,0.511422372380157,0.0,0.006437739227085344,0.0,10036.224000000031,3394.125253094383,1,2,False
receiver,4.25,26.0,0.4,0.0075,infeasible,no_communication_case_meets_requirements,0.04379947697890785,0.0,0.015379870979270549,0.0,10036.224000000031,3394.125253094383,1,2,False
receiver,4.5,26.0,0.4,0.0075,infeasible,no_communication_case_meets_requirements,0.04379947697890785,0.0,0.015379870979270549,0.0,10036.224000000031,3394.125253094383,1,2,False
receiver,4.75,26.0,0.4,0.0075,infeasible,no_communication_case_meets_requirements,0.04379947697890785,0.0,0.015379870979270549,0.0,10036.224000000031,3394.125253094383,1,2,False
receiver,5.0,26.0,0.4,0.0075,infeasible,no_communication_case_meets_requirements,0.0037510955469110237,0.0,0.024241522903033906,0.0,10036.224000000031,3394.125253094383,1,2,False
receiver,5.25,26.0,0.4,0.0075,infeasible,no_communication_case_meets_requirements,0.0,0.0,0.0,0.0,10036.224000000031,3394.125253094383,1,2,False
receiver,5.5,26.0,0.4,0.0075,infeasible,no_communication_case_meets_requirements,0.0,0.0,0.0,0.0,10036.224000000031,3394.125253094383,1,2,False
receiver,5.75,26.0,0.4,0.0075,infeasible,no_communication_case_meets_requirements,0.0,0.0,0.0,0.0,10036.224000000031,3394.125253094383,1,2,False
receiver,6.0,26.0,0.4,0.0075,infeasible,no_communication_case_meets_requirements,0.0,0.0,0.0,0.0,10036.224000000031,3394.125253094383,1,2,False
receiver,6.25,26.0,0.4,0.0075,infeasible,no_communication_case_meets_requirements,0.0,0.0,0.0,0.0,10036.224000000031,3394.125253094383,1,2,False
receiver,6.5,26.0,0.4,0.0075,infeasible,no_communication_case_meets_requirements,0.0,0.0,0.0,0.0,10036.224000000031,3394.125253094383,1,2,False
receiver,6.75,26.0,0.4,0.0075,infeasible,no_communication_case_meets_requirements,0.0,0.0,0.0,0.0,10036.224000000031,3394.125253094383,1,2,False
receiver,7.0,26.0,0.4,0.0075,infeasible,no_communication_case_meets_requirements,0.0,0.0,0.0,0.0,10036.224000000031,3394.125253094383,1,2,False
receiver,7.25,26.0,0.4,0.0075,infeasible,no_communication_case_meets_requirements,0.0,0.0,0.0,0.0,10036.224000000031,3394.125253094383,1,2,False
receiver,7.5,26.0,0.4,0.0075,infeasible,no_communication_case_meets_requirements,0.0,0.0,0.0,0.0,10036.224000000031,3394.125253094383,1,2,False
receiver,7.75,26.0,0.4,0.0075,infeasible,no_communication_case_meets_requirements,0.0,0.0,0.0,0.0,10036.224000000031,3394.125253094383,1,2,False
receiver,8.0,26.0,0.4,0.0075,infeasible,no_communication_case_meets_requirements,0.0,0.0,0.0,0.0,10036.224000000031,3394.125253094383,1,2,False
receiver,0.0,26.5,0.4,0.0075,feedback,minimum_traffic_feasible,0.511422372380157,0.511422372380157,0.006437739227085344,0.006437739227085344,10036.224000000031,3394.125253094383,1,2,False
receiver,0.25,26.5,0.4,0.0075,feedback,minimum_traffic_feasible,0.511422372380157,0.511422372380157,0.006437739227085344,0.006437739227085344,10036.224000000031,3394.125253094383,1,2,False
receiver,0.5,26.5,0.4,0.0075,feedback,minimum_traffic_feasible,0.511422372380157,0.511422372380157,0.006437739227085344,0.006437739227085344,10036.224000000031,3394.125253094383,1,2,False
receiver,0.75,26.5,0.4,0.0075,feedback,minimum_traffic_feasible,0.511422372380157,0.511422372380157,0.006437739227085344,0.006437739227085344,10036.224000000031,3394.125253094383,1,2,False
receiver,1.0,26.5,0.4,0.0075,feedback,minimum_traffic_feasible,0.511422372380157,0.511422372380157,0.006437739227085344,0.006437739227085344,10036.224000000031,3394.125253094383,1,2,False
receiver,1.25,26.5,0.4,0.0075,feedback,minimum_traffic_feasible,0.511422372380157,0.511422372380157,0.006437739227085344,0.006437739227085344,10036.224000000031,3394.125253094383,1,2,False
receiver,1.5,26.5,0.4,0.0075,feedback,minimum_traffic_feasible,0.511422372380157,0.511422372380157,0.006437739227085344,0.006437739227085344,10036.224000000031,3394.125253094383,1,2,False
receiver,1.75,26.5,0.4,0.0075,feedback,minimum_traffic_feasible,0.511422372380157,0.511422372380157,0.006437739227085344,0.006437739227085344,10036.224000000031,3394.125253094383,1,2,False
receiver,2.0,26.5,0.4,0.0075,feedback,minimum_traffic_feasible,0.511422372380157,0.511422372380157,0.006437739227085344,0.006437739227085344,10036.224000000031,3394.125253094383,1,2,False
receiver,2.25,26.5,0.4,0.0075,feedback,minimum_traffic_feasible,0.511422372380157,0.46338466121702576,0.006437739227085344,0.005609426354281838,10036.224000000031,3394.125253094383,1,2,False
receiver,2.5,26.5,0.4,0.0075,feedback,minimum_traffic_feasible,0.511422372380157,0.42333627978502897,0.006437739227085344,0.004763645807870683,10036.224000000031,3394.125253094383,1,2,False
receiver,2.75,26.5,0.4,0.0075,one_way,minimum_traffic_feasible,0.511422372380157,0.0,0.006437739227085344,0.0,10036.224000000031,3394.125253094383,1,2,False
receiver,3.0,26.5,0.4,0.0075,one_way,minimum_traffic_feasible,0.511422372380157,0.0,0.006437739227085344,0.0,10036.224000000031,3394.125253094383,1,2,False
receiver,3.25,26.5,0.4,0.0075,one_way,minimum_traffic_feasible,0.511422372380157,0.0,0.006437739227085344,0.0,10036.224000000031,3394.125253094383,1,2,False
receiver,3.5,26.5,0.4,0.0075,one_way,minimum_traffic_feasible,0.511422372380157,0.0,0.006437739227085344,0.0,10036.224000000031,3394.125253094383,1,2,False
receiver,3.75,26.5,0.4,0.0075,one_way,minimum_traffic_feasible,0.511422372380157,0.0,0.006437739227085344,0.0,10036.224000000031,3394.125253094383,1,2,False
receiver,4.0,26.5,0.4,0.0075,one_way,minimum_traffic_feasible,0.511422372380157,0.0,0.006437739227085344,0.0,10036.224000000031,3394.125253094383,1,2,False
receiver,4.25,26.5,0.4,0.0075,infeasible,no_communication_case_meets_requirements,0.04379947697890785,0.0,0.015379870979270549,0.0,10036.224000000031,3394.125253094383,1,2,False
receiver,4.5,26.5,0.4,0.0075,infeasible,no_communication_case_meets_requirements,0.04379947697890785,0.0,0.015379870979270549,0.0,10036.224000000031,3394.125253094383,1,2,False
receiver,4.75,26.5,0.4,0.0075,infeasible,no_communication_case_meets_requirements,0.04379947697890785,0.0,0.015379870979270549,0.0,10036.224000000031,3394.125253094383,1,2,False
receiver,5.0,26.5,0.4,0.0075,infeasible,no_communication_case_meets_requirements,0.0037510955469110237,0.0,0.024241522903033906,0.0,10036.224000000031,3394.125253094383,1,2,False
receiver,5.25,26.5,0.4,0.0075,infeasible,no_communication_case_meets_requirements,0.0,0.0,0.0,0.0,10036.224000000031,3394.125253094383,1,2,False
receiver,5.5,26.5,0.4,0.0075,infeasible,no_communication_case_meets_requirements,0.0,0.0,0.0,0.0,10036.224000000031,3394.125253094383,1,2,False
receiver,5.75,26.5,0.4,0.0075,infeasible,no_communication_case_meets_requirements,0.0,0.0,0.0,0.0,10036.224000000031,3394.125253094383,1,2,False
receiver,6.0,26.5,0.4,0.0075,infeasible,no_communication_case_meets_requirements,0.0,0.0,0.0,0.0,10036.224000000031,3394.125253094383,1,2,False
receiver,6.25,26.5,0.4,0.0075,infeasible,no_communication_case_meets_requirements,0.0,0.0,0.0,0.0,10036.224000000031,3394.125253094383,1,2,False
receiver,6.5,26.5,0.4,0.0075,infeasible,no_communication_case_meets_requirements,0.0,0.0,0.0,0.0,10036.224000000031,3394.125253094383,1,2,False
receiver,6.75,26.5,0.4,0.0075,infeasible,no_communication_case_meets_requirements,0.0,0.0,0.0,0.0,10036.224000000031,3394.125253094383,1,2,False
receiver,7.0,26.5,0.4,0.0075,infeasible,no_communication_case_meets_requirements,0.0,0.0,0.0,0.0,10036.224000000031,3394.125253094383,1,2,False
receiver,7.25,26.5,0.4,0.0075,infeasible,no_communication_case_meets_requirements,0.0,0.0,0.0,0.0,10036.224000000031,3394.125253094383,1,2,False
receiver,7.5,26.5,0.4,0.0075,infeasible,no_communication_case_meets_requirements,0.0,0.0,0.0,0.0,10036.224000000031,3394.125253094383,1,2,False
receiver,7.75,26.5,0.4,0.0075,infeasible,no_communication_case_meets_requirements,0.0,0.0,0.0,0.0,10036.224000000031,3394.125253094383,1,2,False
receiver,8.0,26.5,0.4,0.0075,infeasible,no_communication_case_meets_requirements,0.0,0.0,0.0,0.0,10036.224000000031,3394.125253094383,1,2,False
receiver,0.0,27.0,0.4,0.0075,feedback,minimum_traffic_feasible,0.511422372380157,0.511422372380157,0.006437739227085344,0.006437739227085344,10036.224000000031,3394.125253094383,1,2,False
receiver,0.25,27.0,0.4,0.0075,feedback,minimum_traffic_feasible,0.511422372380157,0.511422372380157,0.006437739227085344,0.006437739227085344,10036.224000000031,3394.125253094383,1,2,False
receiver,0.5,27.0,0.4,0.0075,feedback,minimum_traffic_feasible,0.511422372380157,0.511422372380157,0.006437739227085344,0.006437739227085344,10036.224000000031,3394.125253094383,1,2,False
receiver,0.75,27.0,0.4,0.0075,feedback,minimum_traffic_feasible,0.511422372380157,0.511422372380157,0.006437739227085344,0.006437739227085344,10036.224000000031,3394.125253094383,1,2,False
receiver,1.0,27.0,0.4,0.0075,feedback,minimum_traffic_feasible,0.511422372380157,0.511422372380157,0.006437739227085344,0.006437739227085344,10036.224000000031,3394.125253094383,1,2,False
receiver,1.25,27.0,0.4,0.0075,feedback,minimum_traffic_feasible,0.511422372380157,0.511422372380157,0.006437739227085344,0.006437739227085344,10036.224000000031,3394.125253094383,1,2,False
receiver,1.5,27.0,0.4,0.0075,feedback,minimum_traffic_feasible,0.511422372380157,0.511422372380157,0.006437739227085344,0.006437739227085344,10036.224000000031,3394.125253094383,1,2,False
receiver,1.75,27.0,0.4,0.0075,feedback,minimum_traffic_feasible,0.511422372380157,0.511422372380157,0.006437739227085344,0.006437739227085344,10036.224000000031,3394.125253094383,1,2,False
receiver,2.0,27.0,0.4,0.0075,feedback,minimum_traffic_feasible,0.511422372380157,0.511422372380157,0.006437739227085344,0.006437739227085344,10036.224000000031,3394.125253094383,1,2,False
receiver,2.25,27.0,0.4,0.0075,feedback,minimum_traffic_feasible,0.511422372380157,0.46338466121702576,0.006437739227085344,0.005609426354281838,10036.224000000031,3394.125253094383,1,2,False
receiver,2.5,27.0,0.4,0.0075,feedback,minimum_traffic_feasible,0.511422372380157,0.42333627978502897,0.006437739227085344,0.004763645807870683,10036.224000000031,3394.125253094383,1,2,False
receiver,2.75,27.0,0.4,0.0075,one_way,minimum_traffic_feasible,0.511422372380157,0.0,0.006437739227085344,0.0,10036.224000000031,3394.125253094383,1,2,False
receiver,3.0,27.0,0.4,0.0075,one_way,minimum_traffic_feasible,0.511422372380157,0.0,0.006437739227085344,0.0,10036.224000000031,3394.125253094383,1,2,False
receiver,3.25,27.0,0.4,0.0075,one_way,minimum_traffic_feasible,0.511422372380157,0.0,0.006437739227085344,0.0,10036.224000000031,3394.125253094383,1,2,False
receiver,3.5,27.0,0.4,0.0075,one_way,minimum_traffic_feasible,0.511422372380157,0.0,0.006437739227085344,0.0,10036.224000000031,3394.125253094383,1,2,False
receiver,3.75,27.0,0.4,0.0075,one_way,minimum_traffic_feasible,0.511422372380157,0.0,0.006437739227085344,0.0,10036.224000000031,3394.125253094383,1,2,False
receiver,4.0,27.0,0.4,0.0075,one_way,minimum_traffic_feasible,0.511422372380157,0.0,0.006437739227085344,0.0,10036.224000000031,3394.125253094383,1,2,False
receiver,4.25,27.0,0.4,0.0075,infeasible,no_communication_case_meets_requirements,0.04379947697890785,0.0,0.015379870979270549,0.0,10036.224000000031,3394.125253094383,1,2,False
receiver,4.5,27.0,0.4,0.0075,infeasible,no_communication_case_meets_requirements,0.04379947697890785,0.0,0.015379870979270549,0.0,10036.224000000031,3394.125253094383,1,2,False
receiver,4.75,27.0,0.4,0.0075,infeasible,no_communication_case_meets_requirements,0.04379947697890785,0.0,0.015379870979270549,0.0,10036.224000000031,3394.125253094383,1,2,False
receiver,5.0,27.0,0.4,0.0075,infeasible,no_communication_case_meets_requirements,0.0037510955469110237,0.0,0.024241522903033906,0.0,10036.224000000031,3394.125253094383,1,2,False
receiver,5.25,27.0,0.4,0.0075,infeasible,no_communication_case_meets_requirements,0.0,0.0,0.0,0.0,10036.224000000031,3394.125253094383,1,2,False
receiver,5.5,27.0,0.4,0.0075,infeasible,no_communication_case_meets_requirements,0.0,0.0,0.0,0.0,10036.224000000031,3394.125253094383,1,2,False
receiver,5.75,27.0,0.4,0.0075,infeasible,no_communication_case_meets_requirements,0.0,0.0,0.0,0.0,10036.224000000031,3394.125253094383,1,2,False
receiver,6.0,27.0,0.4,0.0075,infeasible,no_communication_case_meets_requirements,0.0,0.0,0.0,0.0,10036.224000000031,3394.125253094383,1,2,False
receiver,6.25,27.0,0.4,0.0075,infeasible,no_communication_case_meets_requirements,0.0,0.0,0.0,0.0,10036.224000000031,3394.125253094383,1,2,False
receiver,6.5,27.0,0.4,0.0075,infeasible,no_communication_case_meets_requirements,0.0,0.0,0.0,0.0,10036.224000000031,3394.125253094383,1,2,False
receiver,6.75,27.0,0.4,0.0075,infeasible,no_communication_case_meets_requirements,0.0,0.0,0.0,0.0,10036.224000000031,3394.125253094383,1,2,False
receiver,7.0,27.0,0.4,0.0075,infeasible,no_communication_case_meets_requirements,0.0,0.0,0.0,0.0,10036.224000000031,3394.125253094383,1,2,False
receiver,7.25,27.0,0.4,0.0075,infeasible,no_communication_case_meets_requirements,0.0,0.0,0.0,0.0,10036.224000000031,3394.125253094383,1,2,False
receiver,7.5,27.0,0.4,0.0075,infeasible,no_communication_case_meets_requirements,0.0,0.0,0.0,0.0,10036.224000000031,3394.125253094383,1,2,False
receiver,7.75,27.0,0.4,0.0075,infeasible,no_communication_case_meets_requirements,0.0,0.0,0.0,0.0,10036.224000000031,3394.125253094383,1,2,False
receiver,8.0,27.0,0.4,0.0075,infeasible,no_communication_case_meets_requirements,0.0,0.0,0.0,0.0,10036.224000000031,3394.125253094383,1,2,False
receiver,0.0,27.5,0.4,0.0075,feedback,minimum_traffic_feasible,0.511422372380157,0.511422372380157,0.006437739227085344,0.006437739227085344,10036.224000000031,3394.125253094383,1,2,False
receiver,0.25,27.5,0.4,0.0075,feedback,minimum_traffic_feasible,0.511422372380157,0.511422372380157,0.006437739227085344,0.006437739227085344,10036.224000000031,3394.125253094383,1,2,False
receiver,0.5,27.5,0.4,0.0075,feedback,minimum_traffic_feasible,0.511422372380157,0.511422372380157,0.006437739227085344,0.006437739227085344,10036.224000000031,3394.125253094383,1,2,False
receiver,0.75,27.5,0.4,0.0075,feedback,minimum_traffic_feasible,0.511422372380157,0.511422372380157,0.006437739227085344,0.006437739227085344,10036.224000000031,3394.125253094383,1,2,False
receiver,1.0,27.5,0.4,0.0075,feedback,minimum_traffic_feasible,0.511422372380157,0.511422372380157,0.006437739227085344,0.006437739227085344,10036.224000000031,3394.125253094383,1,2,False
receiver,1.25,27.5,0.4,0.0075,feedback,minimum_traffic_feasible,0.511422372380157,0.511422372380157,0.006437739227085344,0.006437739227085344,10036.224000000031,3394.125253094383,1,2,False
receiver,1.5,27.5,0.4,0.0075,feedback,minimum_traffic_feasible,0.511422372380157,0.511422372380157,0.006437739227085344,0.006437739227085344,10036.224000000031,3394.125253094383,1,2,False
receiver,1.75,27.5,0.4,0.0075,feedback,minimum_traffic_feasible,0.511422372380157,0.511422372380157,0.006437739227085344,0.006437739227085344,10036.224000000031,3394.125253094383,1,2,False
receiver,2.0,27.5,0.4,0.0075,feedback,minimum_traffic_feasible,0.511422372380157,0.511422372380157,0.006437739227085344,0.006437739227085344,10036.224000000031,3394.125253094383,1,2,False
receiver,2.25,27.5,0.4,0.0075,feedback,minimum_traffic_feasible,0.511422372380157,0.46338466121702576,0.006437739227085344,0.005609426354281838,10036.224000000031,3394.125253094383,1,2,False
receiver,2.5,27.5,0.4,0.0075,feedback,minimum_traffic_feasible,0.511422372380157,0.42333627978502897,0.006437739227085344,0.004763645807870683,10036.224000000031,3394.125253094383,1,2,False
receiver,2.75,27.5,0.4,0.0075,one_way,minimum_traffic_feasible,0.511422372380157,0.0,0.006437739227085344,0.0,10036.224000000031,3394.125253094383,1,2,False
receiver,3.0,27.5,0.4,0.0075,one_way,minimum_traffic_feasible,0.511422372380157,0.0,0.006437739227085344,0.0,10036.224000000031,3394.125253094383,1,2,False
receiver,3.25,27.5,0.4,0.0075,one_way,minimum_traffic_feasible,0.511422372380157,0.0,0.006437739227085344,0.0,10036.224000000031,3394.125253094383,1,2,False
receiver,3.5,27.5,0.4,0.0075,one_way,minimum_traffic_feasible,0.511422372380157,0.0,0.006437739227085344,0.0,10036.224000000031,3394.125253094383,1,2,False
receiver,3.75,27.5,0.4,0.0075,one_way,minimum_traffic_feasible,0.511422372380157,0.0,0.006437739227085344,0.0,10036.224000000031,3394.125253094383,1,2,False
receiver,4.0,27.5,0.4,0.0075,one_way,minimum_traffic_feasible,0.511422372380157,0.0,0.006437739227085344,0.0,10036.224000000031,3394.125253094383,1,2,False
receiver,4.25,27.5,0.4,0.0075,infeasible,no_communication_case_meets_requirements,0.04379947697890785,0.0,0.015379870979270549,0.0,10036.224000000031,3394.125253094383,1,2,False
receiver,4.5,27.5,0.4,0.0075,infeasible,no_communication_case_meets_requirements,0.04379947697890785,0.0,0.015379870979270549,0.0,10036.224000000031,3394.125253094383,1,2,False
receiver,4.75,27.5,0.4,0.0075,infeasible,no_communication_case_meets_requirements,0.04379947697890785,0.0,0.015379870979270549,0.0,10036.224000000031,3394.125253094383,1,2,False
receiver,5.0,27.5,0.4,0.0075,infeasible,no_communication_case_meets_requirements,0.0037510955469110237,0.0,0.024241522903033906,0.0,10036.224000000031,3394.125253094383,1,2,False
receiver,5.25,27.5,0.4,0.0075,infeasible,no_communication_case_meets_requirements,0.0,0.0,0.0,0.0,10036.224000000031,3394.125253094383,1,2,False
receiver,5.5,27.5,0.4,0.0075,infeasible,no_communication_case_meets_requirements,0.0,0.0,0.0,0.0,10036.224000000031,3394.125253094383,1,2,False
receiver,5.75,27.5,0.4,0.0075,infeasible,no_communication_case_meets_requirements,0.0,0.0,0.0,0.0,10036.224000000031,3394.125253094383,1,2,False
receiver,6.0,27.5,0.4,0.0075,infeasible,no_communication_case_meets_requirements,0.0,0.0,0.0,0.0,10036.224000000031,3394.125253094383,1,2,False
receiver,6.25,27.5,0.4,0.0075,infeasible,no_communication_case_meets_requirements,0.0,0.0,0.0,0.0,10036.224000000031,3394.125253094383,1,2,False
receiver,6.5,27.5,0.4,0.0075,infeasible,no_communication_case_meets_requirements,0.0,0.0,0.0,0.0,10036.224000000031,3394.125253094383,1,2,False
receiver,6.75,27.5,0.4,0.0075,infeasible,no_communication_case_meets_requirements,0.0,0.0,0.0,0.0,10036.224000000031,3394.125253094383,1,2,False
receiver,7.0,27.5,0.4,0.0075,infeasible,no_communication_case_meets_requirements,0.0,0.0,0.0,0.0,10036.224000000031,3394.125253094383,1,2,False
receiver,7.25,27.5,0.4,0.0075,infeasible,no_communication_case_meets_requirements,0.0,0.0,0.0,0.0,10036.224000000031,3394.125253094383,1,2,False
receiver,7.5,27.5,0.4,0.0075,infeasible,no_communication_case_meets_requirements,0.0,0.0,0.0,0.0,10036.224000000031,3394.125253094383,1,2,False
receiver,7.75,27.5,0.4,0.0075,infeasible,no_communication_case_meets_requirements,0.0,0.0,0.0,0.0,10036.224000000031,3394.125253094383,1,2,False
receiver,8.0,27.5,0.4,0.0075,infeasible,no_communication_case_meets_requirements,0.0,0.0,0.0,0.0,10036.224000000031,3394.125253094383,1,2,False
receiver,0.0,28.0,0.4,0.0075,feedback,minimum_traffic_feasible,0.511422372380157,0.511422372380157,0.006437739227085344,0.006437739227085344,10036.224000000031,3394.125253094383,1,2,False
receiver,0.25,28.0,0.4,0.0075,feedback,minimum_traffic_feasible,0.511422372380157,0.511422372380157,0.006437739227085344,0.006437739227085344,10036.224000000031,3394.125253094383,1,2,False
receiver,0.5,28.0,0.4,0.0075,feedback,minimum_traffic_feasible,0.511422372380157,0.511422372380157,0.006437739227085344,0.006437739227085344,10036.224000000031,3394.125253094383,1,2,False
receiver,0.75,28.0,0.4,0.0075,feedback,minimum_traffic_feasible,0.511422372380157,0.511422372380157,0.006437739227085344,0.006437739227085344,10036.224000000031,3394.125253094383,1,2,False
receiver,1.0,28.0,0.4,0.0075,feedback,minimum_traffic_feasible,0.511422372380157,0.511422372380157,0.006437739227085344,0.006437739227085344,10036.224000000031,3394.125253094383,1,2,False
receiver,1.25,28.0,0.4,0.0075,feedback,minimum_traffic_feasible,0.511422372380157,0.511422372380157,0.006437739227085344,0.006437739227085344,10036.224000000031,3394.125253094383,1,2,False
receiver,1.5,28.0,0.4,0.0075,feedback,minimum_traffic_feasible,0.511422372380157,0.511422372380157,0.006437739227085344,0.006437739227085344,10036.224000000031,3394.125253094383,1,2,False
receiver,1.75,28.0,0.4,0.0075,feedback,minimum_traffic_feasible,0.511422372380157,0.511422372380157,0.006437739227085344,0.006437739227085344,10036.224000000031,3394.125253094383,1,2,False
receiver,2.0,28.0,0.4,0.0075,feedback,minimum_traffic_feasible,0.511422372380157,0.511422372380157,0.006437739227085344,0.006437739227085344,10036.224000000031,3394.125253094383,1,2,False
receiver,2.25,28.0,0.4,0.0075,feedback,minimum_traffic_feasible,0.511422372380157,0.46338466121702576,0.006437739227085344,0.005609426354281838,10036.224000000031,3394.125253094383,1,2,False
receiver,2.5,28.0,0.4,0.0075,feedback,minimum_traffic_feasible,0.511422372380157,0.42333627978502897,0.006437739227085344,0.004763645807870683,10036.224000000031,3394.125253094383,1,2,False
receiver,2.75,28.0,0.4,0.0075,one_way,minimum_traffic_feasible,0.511422372380157,0.0,0.006437739227085344,0.0,10036.224000000031,3394.125253094383,1,2,False
receiver,3.0,28.0,0.4,0.0075,one_way,minimum_traffic_feasible,0.511422372380157,0.0,0.006437739227085344,0.0,10036.224000000031,3394.125253094383,1,2,False
receiver,3.25,28.0,0.4,0.0075,one_way,minimum_traffic_feasible,0.511422372380157,0.0,0.006437739227085344,0.0,10036.224000000031,3394.125253094383,1,2,False
receiver,3.5,28.0,0.4,0.0075,one_way,minimum_traffic_feasible,0.511422372380157,0.0,0.006437739227085344,0.0,10036.224000000031,3394.125253094383,1,2,False
receiver,3.75,28.0,0.4,0.0075,one_way,minimum_traffic_feasible,0.511422372380157,0.0,0.006437739227085344,0.0,10036.224000000031,3394.125253094383,1,2,False
receiver,4.0,28.0,0.4,0.0075,one_way,minimum_traffic_feasible,0.511422372380157,0.0,0.006437739227085344,0.0,10036.224000000031,3394.125253094383,1,2,False
receiver,4.25,28.0,0.4,0.0075,infeasible,no_communication_case_meets_requirements,0.04379947697890785,0.0,0.015379870979270549,0.0,10036.224000000031,3394.125253094383,1,2,False
receiver,4.5,28.0,0.4,0.0075,infeasible,no_communication_case_meets_requirements,0.04379947697890785,0.0,0.015379870979270549,0.0,10036.224000000031,3394.125253094383,1,2,False
receiver,4.75,28.0,0.4,0.0075,infeasible,no_communication_case_meets_requirements,0.04379947697890785,0.0,0.015379870979270549,0.0,10036.224000000031,3394.125253094383,1,2,False
receiver,5.0,28.0,0.4,0.0075,infeasible,no_communication_case_meets_requirements,0.0037510955469110237,0.0,0.024241522903033906,0.0,10036.224000000031,3394.125253094383,1,2,False
receiver,5.25,28.0,0.4,0.0075,infeasible,no_communication_case_meets_requirements,0.0,0.0,0.0,0.0,10036.224000000031,3394.125253094383,1,2,False
receiver,5.5,28.0,0.4,0.0075,infeasible,no_communication_case_meets_requirements,0.0,0.0,0.0,0.0,10036.224000000031,3394.125253094383,1,2,False
receiver,5.75,28.0,0.4,0.0075,infeasible,no_communication_case_meets_requirements,0.0,0.0,0.0,0.0,10036.224000000031,3394.125253094383,1,2,False
receiver,6.0,28.0,0.4,0.0075,infeasible,no_communication_case_meets_requirements,0.0,0.0,0.0,0.0,10036.224000000031,3394.125253094383,1,2,False
receiver,6.25,28.0,0.4,0.0075,infeasible,no_communication_case_meets_requirements,0.0,0.0,0.0,0.0,10036.224000000031,3394.125253094383,1,2,False
receiver,6.5,28.0,0.4,0.0075,infeasible,no_communication_case_meets_requirements,0.0,0.0,0.0,0.0,10036.224000000031,3394.125253094383,1,2,False
receiver,6.75,28.0,0.4,0.0075,infeasible,no_communication_case_meets_requirements,0.0,0.0,0.0,0.0,10036.224000000031,3394.125253094383,1,2,False
receiver,7.0,28.0,0.4,0.0075,infeasible,no_communication_case_meets_requirements,0.0,0.0,0.0,0.0,10036.224000000031,3394.125253094383,1,2,False
receiver,7.25,28.0,0.4,0.0075,infeasible,no_communication_case_meets_requirements,0.0,0.0,0.0,0.0,10036.224000000031,3394.125253094383,1,2,False
receiver,7.5,28.0,0.4,0.0075,infeasible,no_communication_case_meets_requirements,0.0,0.0,0.0,0.0,10036.224000000031,3394.125253094383,1,2,False
receiver,7.75,28.0,0.4,0.0075,infeasible,no_communication_case_meets_requirements,0.0,0.0,0.0,0.0,10036.224000000031,3394.125253094383,1,2,False
receiver,8.0,28.0,0.4,0.0075,infeasible,no_communication_case_meets_requirements,0.0,0.0,0.0,0.0,10036.224000000031,3394.125253094383,1,2,False
receiver,0.0,28.5,0.4,0.0075,feedback,minimum_traffic_feasible,0.511422372380157,0.511422372380157,0.006437739227085344,0.006437739227085344,10036.224000000031,3394.125253094383,1,2,False
receiver,0.25,28.5,0.4,0.0075,feedback,minimum_traffic_feasible,0.511422372380157,0.511422372380157,0.006437739227085344,0.006437739227085344,10036.224000000031,3394.125253094383,1,2,False
receiver,0.5,28.5,0.4,0.0075,feedback,minimum_traffic_feasible,0.511422372380157,0.511422372380157,0.006437739227085344,0.006437739227085344,10036.224000000031,3394.125253094383,1,2,False
receiver,0.75,28.5,0.4,0.0075,feedback,minimum_traffic_feasible,0.511422372380157,0.511422372380157,0.006437739227085344,0.006437739227085344,10036.224000000031,3394.125253094383,1,2,False
receiver,1.0,28.5,0.4,0.0075,feedback,minimum_traffic_feasible,0.511422372380157,0.511422372380157,0.006437739227085344,0.006437739227085344,10036.224000000031,3394.125253094383,1,2,False
receiver,1.25,28.5,0.4,0.0075,feedback,minimum_traffic_feasible,0.511422372380157,0.511422372380157,0.006437739227085344,0.006437739227085344,10036.224000000031,3394.125253094383,1,2,False
receiver,1.5,28.5,0.4,0.0075,feedback,minimum_traffic_feasible,0.511422372380157,0.511422372380157,0.006437739227085344,0.006437739227085344,10036.224000000031,3394.125253094383,1,2,False
receiver,1.75,28.5,0.4,0.0075,feedback,minimum_traffic_feasible,0.511422372380157,0.511422372380157,0.006437739227085344,0.006437739227085344,10036.224000000031,3394.125253094383,1,2,False
receiver,2.0,28.5,0.4,0.0075,feedback,minimum_traffic_feasible,0.511422372380157,0.511422372380157,0.006437739227085344,0.006437739227085344,10036.224000000031,3394.125253094383,1,2,False
receiver,2.25,28.5,0.4,0.0075,feedback,minimum_traffic_feasible,0.511422372380157,0.46338466121702576,0.006437739227085344,0.005609426354281838,10036.224000000031,3394.125253094383,1,2,False
receiver,2.5,28.5,0.4,0.0075,feedback,minimum_traffic_feasible,0.511422372380157,0.42333627978502897,0.006437739227085344,0.004763645807870683,10036.224000000031,3394.125253094383,1,2,False
receiver,2.75,28.5,0.4,0.0075,one_way,minimum_traffic_feasible,0.511422372380157,0.0,0.006437739227085344,0.0,10036.224000000031,3394.125253094383,1,2,False
receiver,3.0,28.5,0.4,0.0075,one_way,minimum_traffic_feasible,0.511422372380157,0.0,0.006437739227085344,0.0,10036.224000000031,3394.125253094383,1,2,False
receiver,3.25,28.5,0.4,0.0075,one_way,minimum_traffic_feasible,0.511422372380157,0.0,0.006437739227085344,0.0,10036.224000000031,3394.125253094383,1,2,False
receiver,3.5,28.5,0.4,0.0075,one_way,minimum_traffic_feasible,0.511422372380157,0.0,0.006437739227085344,0.0,10036.224000000031,3394.125253094383,1,2,False
receiver,3.75,28.5,0.4,0.0075,one_way,minimum_traffic_feasible,0.511422372380157,0.0,0.006437739227085344,0.0,10036.224000000031,3394.125253094383,1,2,False
receiver,4.0,28.5,0.4,0.0075,one_way,minimum_traffic_feasible,0.511422372380157,0.0,0.006437739227085344,0.0,10036.224000000031,3394.125253094383,1,2,False
receiver,4.25,28.5,0.4,0.0075,infeasible,no_communication_case_meets_requirements,0.04379947697890785,0.0,0.015379870979270549,0.0,10036.224000000031,3394.125253094383,1,2,False
receiver,4.5,28.5,0.4,0.0075,infeasible,no_communication_case_meets_requirements,0.04379947697890785,0.0,0.015379870979270549,0.0,10036.224000000031,3394.125253094383,1,2,False
receiver,4.75,28.5,0.4,0.0075,infeasible,no_communication_case_meets_requirements,0.04379947697890785,0.0,0.015379870979270549,0.0,10036.224000000031,3394.125253094383,1,2,False
receiver,5.0,28.5,0.4,0.0075,infeasible,no_communication_case_meets_requirements,0.0037510955469110237,0.0,0.024241522903033906,0.0,10036.224000000031,3394.125253094383,1,2,False
receiver,5.25,28.5,0.4,0.0075,infeasible,no_communication_case_meets_requirements,0.0,0.0,0.0,0.0,10036.224000000031,3394.125253094383,1,2,False
receiver,5.5,28.5,0.4,0.0075,infeasible,no_communication_case_meets_requirements,0.0,0.0,0.0,0.0,10036.224000000031,3394.125253094383,1,2,False
receiver,5.75,28.5,0.4,0.0075,infeasible,no_communication_case_meets_requirements,0.0,0.0,0.0,0.0,10036.224000000031,3394.125253094383,1,2,False
receiver,6.0,28.5,0.4,0.0075,infeasible,no_communication_case_meets_requirements,0.0,0.0,0.0,0.0,10036.224000000031,3394.125253094383,1,2,False
receiver,6.25,28.5,0.4,0.0075,infeasible,no_communication_case_meets_requirements,0.0,0.0,0.0,0.0,10036.224000000031,3394.125253094383,1,2,False
receiver,6.5,28.5,0.4,0.0075,infeasible,no_communication_case_meets_requirements,0.0,0.0,0.0,0.0,10036.224000000031,3394.125253094383,1,2,False
receiver,6.75,28.5,0.4,0.0075,infeasible,no_communication_case_meets_requirements,0.0,0.0,0.0,0.0,10036.224000000031,3394.125253094383,1,2,False
receiver,7.0,28.5,0.4,0.0075,infeasible,no_communication_case_meets_requirements,0.0,0.0,0.0,0.0,10036.224000000031,3394.125253094383,1,2,False
receiver,7.25,28.5,0.4,0.0075,infeasible,no_communication_case_meets_requirements,0.0,0.0,0.0,0.0,10036.224000000031,3394.125253094383,1,2,False
receiver,7.5,28.5,0.4,0.0075,infeasible,no_communication_case_meets_requirements,0.0,0.0,0.0,0.0,10036.224000000031,3394.125253094383,1,2,False
receiver,7.75,28.5,0.4,0.0075,infeasible,no_communication_case_meets_requirements,0.0,0.0,0.0,0.0,10036.224000000031,3394.125253094383,1,2,False
receiver,8.0,28.5,0.4,0.0075,infeasible,no_communication_case_meets_requirements,0.0,0.0,0.0,0.0,10036.224000000031,3394.125253094383,1,2,False
receiver,0.0,29.0,0.4,0.0075,feedback,minimum_traffic_feasible,0.511422372380157,0.511422372380157,0.006437739227085344,0.006437739227085344,10036.224000000031,3394.125253094383,1,2,False
receiver,0.25,29.0,0.4,0.0075,feedback,minimum_traffic_feasible,0.511422372380157,0.511422372380157,0.006437739227085344,0.006437739227085344,10036.224000000031,3394.125253094383,1,2,False
receiver,0.5,29.0,0.4,0.0075,feedback,minimum_traffic_feasible,0.511422372380157,0.511422372380157,0.006437739227085344,0.006437739227085344,10036.224000000031,3394.125253094383,1,2,False
receiver,0.75,29.0,0.4,0.0075,feedback,minimum_traffic_feasible,0.511422372380157,0.511422372380157,0.006437739227085344,0.006437739227085344,10036.224000000031,3394.125253094383,1,2,False
receiver,1.0,29.0,0.4,0.0075,feedback,minimum_traffic_feasible,0.511422372380157,0.511422372380157,0.006437739227085344,0.006437739227085344,10036.224000000031,3394.125253094383,1,2,False
receiver,1.25,29.0,0.4,0.0075,feedback,minimum_traffic_feasible,0.511422372380157,0.511422372380157,0.006437739227085344,0.006437739227085344,10036.224000000031,3394.125253094383,1,2,False
receiver,1.5,29.0,0.4,0.0075,feedback,minimum_traffic_feasible,0.511422372380157,0.511422372380157,0.006437739227085344,0.006437739227085344,10036.224000000031,3394.125253094383,1,2,False
receiver,1.75,29.0,0.4,0.0075,feedback,minimum_traffic_feasible,0.511422372380157,0.511422372380157,0.006437739227085344,0.006437739227085344,10036.224000000031,3394.125253094383,1,2,False
receiver,2.0,29.0,0.4,0.0075,feedback,minimum_traffic_feasible,0.511422372380157,0.511422372380157,0.006437739227085344,0.006437739227085344,10036.224000000031,3394.125253094383,1,2,False
receiver,2.25,29.0,0.4,0.0075,feedback,minimum_traffic_feasible,0.511422372380157,0.46338466121702576,0.006437739227085344,0.005609426354281838,10036.224000000031,3394.125253094383,1,2,False
receiver,2.5,29.0,0.4,0.0075,feedback,minimum_traffic_feasible,0.511422372380157,0.42333627978502897,0.006437739227085344,0.004763645807870683,10036.224000000031,3394.125253094383,1,2,False
receiver,2.75,29.0,0.4,0.0075,one_way,minimum_traffic_feasible,0.511422372380157,0.0,0.006437739227085344,0.0,10036.224000000031,3394.125253094383,1,2,False
receiver,3.0,29.0,0.4,0.0075,one_way,minimum_traffic_feasible,0.511422372380157,0.0,0.006437739227085344,0.0,10036.224000000031,3394.125253094383,1,2,False
receiver,3.25,29.0,0.4,0.0075,one_way,minimum_traffic_feasible,0.511422372380157,0.0,0.006437739227085344,0.0,10036.224000000031,3394.125253094383,1,2,False
receiver,3.5,29.0,0.4,0.0075,one_way,minimum_traffic_feasible,0.511422372380157,0.0,0.006437739227085344,0.0,10036.224000000031,3394.125253094383,1,2,False
receiver,3.75,29.0,0.4,0.0075,one_way,minimum_traffic_feasible,0.511422372380157,0.0,0.006437739227085344,0.0,10036.224000000031,3394.125253094383,1,2,False
receiver,4.0,29.0,0.4,0.0075,one_way,minimum_traffic_feasible,0.511422372380157,0.0,0.006437739227085344,0.0,10036.224000000031,3394.125253094383,1,2,False
receiver,4.25,29.0,0.4,0.0075,infeasible,no_communication_case_meets_requirements,0.04379947697890785,0.0,0.015379870979270549,0.0,10036.224000000031,3394.125253094383,1,2,False
receiver,4.5,29.0,0.4,0.0075,infeasible,no_communication_case_meets_requirements,0.04379947697890785,0.0,0.015379870979270549,0.0,10036.224000000031,3394.125253094383,1,2,False
receiver,4.75,29.0,0.4,0.0075,infeasible,no_communication_case_meets_requirements,0.04379947697890785,0.0,0.015379870979270549,0.0,10036.224000000031,3394.125253094383,1,2,False
receiver,5.0,29.0,0.4,0.0075,infeasible,no_communication_case_meets_requirements,0.0037510955469110237,0.0,0.024241522903033906,0.0,10036.224000000031,3394.125253094383,1,2,False
receiver,5.25,29.0,0.4,0.0075,infeasible,no_communication_case_meets_requirements,0.0,0.0,0.0,0.0,10036.224000000031,3394.125253094383,1,2,False
receiver,5.5,29.0,0.4,0.0075,infeasible,no_communication_case_meets_requirements,0.0,0.0,0.0,0.0,10036.224000000031,3394.125253094383,1,2,False
receiver,5.75,29.0,0.4,0.0075,infeasible,no_communication_case_meets_requirements,0.0,0.0,0.0,0.0,10036.224000000031,3394.125253094383,1,2,False
receiver,6.0,29.0,0.4,0.0075,infeasible,no_communication_case_meets_requirements,0.0,0.0,0.0,0.0,10036.224000000031,3394.125253094383,1,2,False
receiver,6.25,29.0,0.4,0.0075,infeasible,no_communication_case_meets_requirements,0.0,0.0,0.0,0.0,10036.224000000031,3394.125253094383,1,2,False
receiver,6.5,29.0,0.4,0.0075,infeasible,no_communication_case_meets_requirements,0.0,0.0,0.0,0.0,10036.224000000031,3394.125253094383,1,2,False
receiver,6.75,29.0,0.4,0.0075,infeasible,no_communication_case_meets_requirements,0.0,0.0,0.0,0.0,10036.224000000031,3394.125253094383,1,2,False
receiver,7.0,29.0,0.4,0.0075,infeasible,no_communication_case_meets_requirements,0.0,0.0,0.0,0.0,10036.224000000031,3394.125253094383,1,2,False
receiver,7.25,29.0,0.4,0.0075,infeasible,no_communication_case_meets_requirements,0.0,0.0,0.0,0.0,10036.224000000031,3394.125253094383,1,2,False
receiver,7.5,29.0,0.4,0.0075,infeasible,no_communication_case_meets_requirements,0.0,0.0,0.0,0.0,10036.224000000031,3394.125253094383,1,2,False
receiver,7.75,29.0,0.4,0.0075,infeasible,no_communication_case_meets_requirements,0.0,0.0,0.0,0.0,10036.224000000031,3394.125253094383,1,2,False
receiver,8.0,29.0,0.4,0.0075,infeasible,no_communication_case_meets_requirements,0.0,0.0,0.0,0.0,10036.224000000031,3394.125253094383,1,2,False
receiver,0.0,29.5,0.4,0.0075,feedback,minimum_traffic_feasible,0.511422372380157,0.511422372380157,0.006437739227085344,0.006437739227085344,10036.224000000031,3394.125253094383,1,2,False
receiver,0.25,29.5,0.4,0.0075,feedback,minimum_traffic_feasible,0.511422372380157,0.511422372380157,0.006437739227085344,0.006437739227085344,10036.224000000031,3394.125253094383,1,2,False
receiver,0.5,29.5,0.4,0.0075,feedback,minimum_traffic_feasible,0.511422372380157,0.511422372380157,0.006437739227085344,0.006437739227085344,10036.224000000031,3394.125253094383,1,2,False
receiver,0.75,29.5,0.4,0.0075,feedback,minimum_traffic_feasible,0.511422372380157,0.511422372380157,0.006437739227085344,0.006437739227085344,10036.224000000031,3394.125253094383,1,2,False
receiver,1.0,29.5,0.4,0.0075,feedback,minimum_traffic_feasible,0.511422372380157,0.511422372380157,0.006437739227085344,0.006437739227085344,10036.224000000031,3394.125253094383,1,2,False
receiver,1.25,29.5,0.4,0.0075,feedback,minimum_traffic_feasible,0.511422372380157,0.511422372380157,0.006437739227085344,0.006437739227085344,10036.224000000031,3394.125253094383,1,2,False
receiver,1.5,29.5,0.4,0.0075,feedback,minimum_traffic_feasible,0.511422372380157,0.511422372380157,0.006437739227085344,0.006437739227085344,10036.224000000031,3394.125253094383,1,2,False
receiver,1.75,29.5,0.4,0.0075,feedback,minimum_traffic_feasible,0.511422372380157,0.511422372380157,0.006437739227085344,0.006437739227085344,10036.224000000031,3394.125253094383,1,2,False
receiver,2.0,29.5,0.4,0.0075,feedback,minimum_traffic_feasible,0.511422372380157,0.511422372380157,0.006437739227085344,0.006437739227085344,10036.224000000031,3394.125253094383,1,2,False
receiver,2.25,29.5,0.4,0.0075,feedback,minimum_traffic_feasible,0.511422372380157,0.46338466121702576,0.006437739227085344,0.005609426354281838,10036.224000000031,3394.125253094383,1,2,False
receiver,2.5,29.5,0.4,0.0075,feedback,minimum_traffic_feasible,0.511422372380157,0.42333627978502897,0.006437739227085344,0.004763645807870683,10036.224000000031,3394.125253094383,1,2,False
receiver,2.75,29.5,0.4,0.0075,one_way,minimum_traffic_feasible,0.511422372380157,0.0,0.006437739227085344,0.0,10036.224000000031,3394.125253094383,1,2,False
receiver,3.0,29.5,0.4,0.0075,one_way,minimum_traffic_feasible,0.511422372380157,0.0,0.006437739227085344,0.0,10036.224000000031,3394.125253094383,1,2,False
receiver,3.25,29.5,0.4,0.0075,one_way,minimum_traffic_feasible,0.511422372380157,0.0,0.006437739227085344,0.0,10036.224000000031,3394.125253094383,1,2,False
receiver,3.5,29.5,0.4,0.0075,one_way,minimum_traffic_feasible,0.511422372380157,0.0,0.006437739227085344,0.0,10036.224000000031,3394.125253094383,1,2,False
receiver,3.75,29.5,0.4,0.0075,one_way,minimum_traffic_feasible,0.511422372380157,0.0,0.006437739227085344,0.0,10036.224000000031,3394.125253094383,1,2,False
receiver,4.0,29.5,0.4,0.0075,one_way,minimum_traffic_feasible,0.511422372380157,0.0,0.006437739227085344,0.0,10036.224000000031,3394.125253094383,1,2,False
receiver,4.25,29.5,0.4,0.0075,infeasible,no_communication_case_meets_requirements,0.04379947697890785,0.0,0.015379870979270549,0.0,10036.224000000031,3394.125253094383,1,2,False
receiver,4.5,29.5,0.4,0.0075,infeasible,no_communication_case_meets_requirements,0.04379947697890785,0.0,0.015379870979270549,0.0,10036.224000000031,3394.125253094383,1,2,False
receiver,4.75,29.5,0.4,0.0075,infeasible,no_communication_case_meets_requirements,0.04379947697890785,0.0,0.015379870979270549,0.0,10036.224000000031,3394.125253094383,1,2,False
receiver,5.0,29.5,0.4,0.0075,infeasible,no_communication_case_meets_requirements,0.0037510955469110237,0.0,0.024241522903033906,0.0,10036.224000000031,3394.125253094383,1,2,False
receiver,5.25,29.5,0.4,0.0075,infeasible,no_communication_case_meets_requirements,0.0,0.0,0.0,0.0,10036.224000000031,3394.125253094383,1,2,False
receiver,5.5,29.5,0.4,0.0075,infeasible,no_communication_case_meets_requirements,0.0,0.0,0.0,0.0,10036.224000000031,3394.125253094383,1,2,False
receiver,5.75,29.5,0.4,0.0075,infeasible,no_communication_case_meets_requirements,0.0,0.0,0.0,0.0,10036.224000000031,3394.125253094383,1,2,False
receiver,6.0,29.5,0.4,0.0075,infeasible,no_communication_case_meets_requirements,0.0,0.0,0.0,0.0,10036.224000000031,3394.125253094383,1,2,False
receiver,6.25,29.5,0.4,0.0075,infeasible,no_communication_case_meets_requirements,0.0,0.0,0.0,0.0,10036.224000000031,3394.125253094383,1,2,False
receiver,6.5,29.5,0.4,0.0075,infeasible,no_communication_case_meets_requirements,0.0,0.0,0.0,0.0,10036.224000000031,3394.125253094383,1,2,False
receiver,6.75,29.5,0.4,0.0075,infeasible,no_communication_case_meets_requirements,0.0,0.0,0.0,0.0,10036.224000000031,3394.125253094383,1,2,False
receiver,7.0,29.5,0.4,0.0075,infeasible,no_communication_case_meets_requirements,0.0,0.0,0.0,0.0,10036.224000000031,3394.125253094383,1,2,False
receiver,7.25,29.5,0.4,0.0075,infeasible,no_communication_case_meets_requirements,0.0,0.0,0.0,0.0,10036.224000000031,3394.125253094383,1,2,False
receiver,7.5,29.5,0.4,0.0075,infeasible,no_communication_case_meets_requirements,0.0,0.0,0.0,0.0,10036.224000000031,3394.125253094383,1,2,False
receiver,7.75,29.5,0.4,0.0075,infeasible,no_communication_case_meets_requirements,0.0,0.0,0.0,0.0,10036.224000000031,3394.125253094383,1,2,False
receiver,8.0,29.5,0.4,0.0075,infeasible,no_communication_case_meets_requirements,0.0,0.0,0.0,0.0,10036.224000000031,3394.125253094383,1,2,False
receiver,0.0,30.0,0.4,0.0075,feedback,minimum_traffic_feasible,0.511422372380157,0.511422372380157,0.006437739227085344,0.006437739227085344,10036.224000000031,3394.125253094383,1,2,False
receiver,0.25,30.0,0.4,0.0075,feedback,minimum_traffic_feasible,0.511422372380157,0.511422372380157,0.006437739227085344,0.006437739227085344,10036.224000000031,3394.125253094383,1,2,False
receiver,0.5,30.0,0.4,0.0075,feedback,minimum_traffic_feasible,0.511422372380157,0.511422372380157,0.006437739227085344,0.006437739227085344,10036.224000000031,3394.125253094383,1,2,False
receiver,0.75,30.0,0.4,0.0075,feedback,minimum_traffic_feasible,0.511422372380157,0.511422372380157,0.006437739227085344,0.006437739227085344,10036.224000000031,3394.125253094383,1,2,False
receiver,1.0,30.0,0.4,0.0075,feedback,minimum_traffic_feasible,0.511422372380157,0.511422372380157,0.006437739227085344,0.006437739227085344,10036.224000000031,3394.125253094383,1,2,False
receiver,1.25,30.0,0.4,0.0075,feedback,minimum_traffic_feasible,0.511422372380157,0.511422372380157,0.006437739227085344,0.006437739227085344,10036.224000000031,3394.125253094383,1,2,False
receiver,1.5,30.0,0.4,0.0075,feedback,minimum_traffic_feasible,0.511422372380157,0.511422372380157,0.006437739227085344,0.006437739227085344,10036.224000000031,3394.125253094383,1,2,False
receiver,1.75,30.0,0.4,0.0075,feedback,minimum_traffic_feasible,0.511422372380157,0.511422372380157,0.006437739227085344,0.006437739227085344,10036.224000000031,3394.125253094383,1,2,False
receiver,2.0,30.0,0.4,0.0075,feedback,minimum_traffic_feasible,0.511422372380157,0.511422372380157,0.006437739227085344,0.006437739227085344,10036.224000000031,3394.125253094383,1,2,False
receiver,2.25,30.0,0.4,0.0075,feedback,minimum_traffic_feasible,0.511422372380157,0.46338466121702576,0.006437739227085344,0.005609426354281838,10036.224000000031,3394.125253094383,1,2,False
receiver,2.5,30.0,0.4,0.0075,feedback,minimum_traffic_feasible,0.511422372380157,0.42333627978502897,0.006437739227085344,0.004763645807870683,10036.224000000031,3394.125253094383,1,2,False
receiver,2.75,30.0,0.4,0.0075,one_way,minimum_traffic_feasible,0.511422372380157,0.0,0.006437739227085344,0.0,10036.224000000031,3394.125253094383,1,2,False
receiver,3.0,30.0,0.4,0.0075,one_way,minimum_traffic_feasible,0.511422372380157,0.0,0.006437739227085344,0.0,10036.224000000031,3394.125253094383,1,2,False
receiver,3.25,30.0,0.4,0.0075,one_way,minimum_traffic_feasible,0.511422372380157,0.0,0.006437739227085344,0.0,10036.224000000031,3394.125253094383,1,2,False
receiver,3.5,30.0,0.4,0.0075,one_way,minimum_traffic_feasible,0.511422372380157,0.0,0.006437739227085344,0.0,10036.224000000031,3394.125253094383,1,2,False
receiver,3.75,30.0,0.4,0.0075,one_way,minimum_traffic_feasible,0.511422372380157,0.0,0.006437739227085344,0.0,10036.224000000031,3394.125253094383,1,2,False
receiver,4.0,30.0,0.4,0.0075,one_way,minimum_traffic_feasible,0.511422372380157,0.0,0.006437739227085344,0.0,10036.224000000031,3394.125253094383,1,2,False
receiver,4.25,30.0,0.4,0.0075,infeasible,no_communication_case_meets_requirements,0.04379947697890785,0.0,0.015379870979270549,0.0,10036.224000000031,3394.125253094383,1,2,False
receiver,4.5,30.0,0.4,0.0075,infeasible,no_communication_case_meets_requirements,0.04379947697890785,0.0,0.015379870979270549,0.0,10036.224000000031,3394.125253094383,1,2,False
receiver,4.75,30.0,0.4,0.0075,infeasible,no_communication_case_meets_requirements,0.04379947697890785,0.0,0.015379870979270549,0.0,10036.224000000031,3394.125253094383,1,2,False
receiver,5.0,30.0,0.4,0.0075,infeasible,no_communication_case_meets_requirements,0.0037510955469110237,0.0,0.024241522903033906,0.0,10036.224000000031,3394.125253094383,1,2,False
receiver,5.25,30.0,0.4,0.0075,infeasible,no_communication_case_meets_requirements,0.0,0.0,0.0,0.0,10036.224000000031,3394.125253094383,1,2,False
receiver,5.5,30.0,0.4,0.0075,infeasible,no_communication_case_meets_requirements,0.0,0.0,0.0,0.0,10036.224000000031,3394.125253094383,1,2,False
receiver,5.75,30.0,0.4,0.0075,infeasible,no_communication_case_meets_requirements,0.0,0.0,0.0,0.0,10036.224000000031,3394.125253094383,1,2,False
receiver,6.0,30.0,0.4,0.0075,infeasible,no_communication_case_meets_requirements,0.0,0.0,0.0,0.0,10036.224000000031,3394.125253094383,1,2,False
receiver,6.25,30.0,0.4,0.0075,infeasible,no_communication_case_meets_requirements,0.0,0.0,0.0,0.0,10036.224000000031,3394.125253094383,1,2,False
receiver,6.5,30.0,0.4,0.0075,infeasible,no_communication_case_meets_requirements,0.0,0.0,0.0,0.0,10036.224000000031,3394.125253094383,1,2,False
receiver,6.75,30.0,0.4,0.0075,infeasible,no_communication_case_meets_requirements,0.0,0.0,0.0,0.0,10036.224000000031,3394.125253094383,1,2,False
receiver,7.0,30.0,0.4,0.0075,infeasible,no_communication_case_meets_requirements,0.0,0.0,0.0,0.0,10036.224000000031,3394.125253094383,1,2,False
receiver,7.25,30.0,0.4,0.0075,infeasible,no_communication_case_meets_requirements,0.0,0.0,0.0,0.0,10036.224000000031,3394.125253094383,1,2,False
receiver,7.5,30.0,0.4,0.0075,infeasible,no_communication_case_meets_requirements,0.0,0.0,0.0,0.0,10036.224000000031,3394.125253094383,1,2,False
receiver,7.75,30.0,0.4,0.0075,infeasible,no_communication_case_meets_requirements,0.0,0.0,0.0,0.0,10036.224000000031,3394.125253094383,1,2,False
receiver,8.0,30.0,0.4,0.0075,infeasible,no_communication_case_meets_requirements,0.0,0.0,0.0,0.0,10036.224000000031,3394.125253094383,1,2,False
receiver,0.0,30.5,0.4,0.0075,feedback,minimum_traffic_feasible,0.511422372380157,0.511422372380157,0.006437739227085344,0.006437739227085344,10036.224000000031,3394.125253094383,1,2,False
receiver,0.25,30.5,0.4,0.0075,feedback,minimum_traffic_feasible,0.511422372380157,0.511422372380157,0.006437739227085344,0.006437739227085344,10036.224000000031,3394.125253094383,1,2,False
receiver,0.5,30.5,0.4,0.0075,feedback,minimum_traffic_feasible,0.511422372380157,0.511422372380157,0.006437739227085344,0.006437739227085344,10036.224000000031,3394.125253094383,1,2,False
receiver,0.75,30.5,0.4,0.0075,feedback,minimum_traffic_feasible,0.511422372380157,0.511422372380157,0.006437739227085344,0.006437739227085344,10036.224000000031,3394.125253094383,1,2,False
receiver,1.0,30.5,0.4,0.0075,feedback,minimum_traffic_feasible,0.511422372380157,0.511422372380157,0.006437739227085344,0.006437739227085344,10036.224000000031,3394.125253094383,1,2,False
receiver,1.25,30.5,0.4,0.0075,feedback,minimum_traffic_feasible,0.511422372380157,0.511422372380157,0.006437739227085344,0.006437739227085344,10036.224000000031,3394.125253094383,1,2,False
receiver,1.5,30.5,0.4,0.0075,feedback,minimum_traffic_feasible,0.511422372380157,0.511422372380157,0.006437739227085344,0.006437739227085344,10036.224000000031,3394.125253094383,1,2,False
receiver,1.75,30.5,0.4,0.0075,feedback,minimum_traffic_feasible,0.511422372380157,0.511422372380157,0.006437739227085344,0.006437739227085344,10036.224000000031,3394.125253094383,1,2,False
receiver,2.0,30.5,0.4,0.0075,feedback,minimum_traffic_feasible,0.511422372380157,0.511422372380157,0.006437739227085344,0.006437739227085344,10036.224000000031,3394.125253094383,1,2,False
receiver,2.25,30.5,0.4,0.0075,feedback,minimum_traffic_feasible,0.511422372380157,0.46338466121702576,0.006437739227085344,0.005609426354281838,10036.224000000031,3394.125253094383,1,2,False
receiver,2.5,30.5,0.4,0.0075,feedback,minimum_traffic_feasible,0.511422372380157,0.42333627978502897,0.006437739227085344,0.004763645807870683,10036.224000000031,3394.125253094383,1,2,False
receiver,2.75,30.5,0.4,0.0075,one_way,minimum_traffic_feasible,0.511422372380157,0.0,0.006437739227085344,0.0,10036.224000000031,3394.125253094383,1,2,False
receiver,3.0,30.5,0.4,0.0075,one_way,minimum_traffic_feasible,0.511422372380157,0.0,0.006437739227085344,0.0,10036.224000000031,3394.125253094383,1,2,False
receiver,3.25,30.5,0.4,0.0075,one_way,minimum_traffic_feasible,0.511422372380157,0.0,0.006437739227085344,0.0,10036.224000000031,3394.125253094383,1,2,False
receiver,3.5,30.5,0.4,0.0075,one_way,minimum_traffic_feasible,0.511422372380157,0.0,0.006437739227085344,0.0,10036.224000000031,3394.125253094383,1,2,False
receiver,3.75,30.5,0.4,0.0075,one_way,minimum_traffic_feasible,0.511422372380157,0.0,0.006437739227085344,0.0,10036.224000000031,3394.125253094383,1,2,False
receiver,4.0,30.5,0.4,0.0075,one_way,minimum_traffic_feasible,0.511422372380157,0.0,0.006437739227085344,0.0,10036.224000000031,3394.125253094383,1,2,False
receiver,4.25,30.5,0.4,0.0075,infeasible,no_communication_case_meets_requirements,0.04379947697890785,0.0,0.015379870979270549,0.0,10036.224000000031,3394.125253094383,1,2,False
receiver,4.5,30.5,0.4,0.0075,infeasible,no_communication_case_meets_requirements,0.04379947697890785,0.0,0.015379870979270549,0.0,10036.224000000031,3394.125253094383,1,2,False
receiver,4.75,30.5,0.4,0.0075,infeasible,no_communication_case_meets_requirements,0.04379947697890785,0.0,0.015379870979270549,0.0,10036.224000000031,3394.125253094383,1,2,False
receiver,5.0,30.5,0.4,0.0075,infeasible,no_communication_case_meets_requirements,0.0037510955469110237,0.0,0.024241522903033906,0.0,10036.224000000031,3394.125253094383,1,2,False
receiver,5.25,30.5,0.4,0.0075,infeasible,no_communication_case_meets_requirements,0.0,0.0,0.0,0.0,10036.224000000031,3394.125253094383,1,2,False
receiver,5.5,30.5,0.4,0.0075,infeasible,no_communication_case_meets_requirements,0.0,0.0,0.0,0.0,10036.224000000031,3394.125253094383,1,2,False
receiver,5.75,30.5,0.4,0.0075,infeasible,no_communication_case_meets_requirements,0.0,0.0,0.0,0.0,10036.224000000031,3394.125253094383,1,2,False
receiver,6.0,30.5,0.4,0.0075,infeasible,no_communication_case_meets_requirements,0.0,0.0,0.0,0.0,10036.224000000031,3394.125253094383,1,2,False
receiver,6.25,30.5,0.4,0.0075,infeasible,no_communication_case_meets_requirements,0.0,0.0,0.0,0.0,10036.224000000031,3394.125253094383,1,2,False
receiver,6.5,30.5,0.4,0.0075,infeasible,no_communication_case_meets_requirements,0.0,0.0,0.0,0.0,10036.224000000031,3394.125253094383,1,2,False
receiver,6.75,30.5,0.4,0.0075,infeasible,no_communication_case_meets_requirements,0.0,0.0,0.0,0.0,10036.224000000031,3394.125253094383,1,2,False
receiver,7.0,30.5,0.4,0.0075,infeasible,no_communication_case_meets_requirements,0.0,0.0,0.0,0.0,10036.224000000031,3394.125253094383,1,2,False
receiver,7.25,30.5,0.4,0.0075,infeasible,no_communication_case_meets_requirements,0.0,0.0,0.0,0.0,10036.224000000031,3394.125253094383,1,2,False
receiver,7.5,30.5,0.4,0.0075,infeasible,no_communication_case_meets_requirements,0.0,0.0,0.0,0.0,10036.224000000031,3394.125253094383,1,2,False
receiver,7.75,30.5,0.4,0.0075,infeasible,no_communication_case_meets_requirements,0.0,0.0,0.0,0.0,10036.224000000031,3394.125253094383,1,2,False
receiver,8.0,30.5,0.4,0.0075,infeasible,no_communication_case_meets_requirements,0.0,0.0,0.0,0.0,10036.224000000031,3394.125253094383,1,2,False
receiver,0.0,31.0,0.4,0.0075,feedback,minimum_traffic_feasible,0.511422372380157,0.511422372380157,0.006437739227085344,0.006437739227085344,10036.224000000031,3394.125253094383,1,2,False
receiver,0.25,31.0,0.4,0.0075,feedback,minimum_traffic_feasible,0.511422372380157,0.511422372380157,0.006437739227085344,0.006437739227085344,10036.224000000031,3394.125253094383,1,2,False
receiver,0.5,31.0,0.4,0.0075,feedback,minimum_traffic_feasible,0.511422372380157,0.511422372380157,0.006437739227085344,0.006437739227085344,10036.224000000031,3394.125253094383,1,2,False
receiver,0.75,31.0,0.4,0.0075,feedback,minimum_traffic_feasible,0.511422372380157,0.511422372380157,0.006437739227085344,0.006437739227085344,10036.224000000031,3394.125253094383,1,2,False
receiver,1.0,31.0,0.4,0.0075,feedback,minimum_traffic_feasible,0.511422372380157,0.511422372380157,0.006437739227085344,0.006437739227085344,10036.224000000031,3394.125253094383,1,2,False
receiver,1.25,31.0,0.4,0.0075,feedback,minimum_traffic_feasible,0.511422372380157,0.511422372380157,0.006437739227085344,0.006437739227085344,10036.224000000031,3394.125253094383,1,2,False
receiver,1.5,31.0,0.4,0.0075,feedback,minimum_traffic_feasible,0.511422372380157,0.511422372380157,0.006437739227085344,0.006437739227085344,10036.224000000031,3394.125253094383,1,2,False
receiver,1.75,31.0,0.4,0.0075,feedback,minimum_traffic_feasible,0.511422372380157,0.511422372380157,0.006437739227085344,0.006437739227085344,10036.224000000031,3394.125253094383,1,2,False
receiver,2.0,31.0,0.4,0.0075,feedback,minimum_traffic_feasible,0.511422372380157,0.511422372380157,0.006437739227085344,0.006437739227085344,10036.224000000031,3394.125253094383,1,2,False
receiver,2.25,31.0,0.4,0.0075,feedback,minimum_traffic_feasible,0.511422372380157,0.46338466121702576,0.006437739227085344,0.005609426354281838,10036.224000000031,3394.125253094383,1,2,False
receiver,2.5,31.0,0.4,0.0075,feedback,minimum_traffic_feasible,0.511422372380157,0.42333627978502897,0.006437739227085344,0.004763645807870683,10036.224000000031,3394.125253094383,1,2,False
receiver,2.75,31.0,0.4,0.0075,one_way,minimum_traffic_feasible,0.511422372380157,0.0,0.006437739227085344,0.0,10036.224000000031,3394.125253094383,1,2,False
receiver,3.0,31.0,0.4,0.0075,one_way,minimum_traffic_feasible,0.511422372380157,0.0,0.006437739227085344,0.0,10036.224000000031,3394.125253094383,1,2,False
receiver,3.25,31.0,0.4,0.0075,one_way,minimum_traffic_feasible,0.511422372380157,0.0,0.006437739227085344,0.0,10036.224000000031,3394.125253094383,1,2,False
receiver,3.5,31.0,0.4,0.0075,one_way,minimum_traffic_feasible,0.511422372380157,0.0,0.006437739227085344,0.0,10036.224000000031,3394.125253094383,1,2,False
receiver,3.75,31.0,0.4,0.0075,one_way,minimum_traffic_feasible,0.511422372380157,0.0,0.006437739227085344,0.0,10036.224000000031,3394.125253094383,1,2,False
receiver,4.0,31.0,0.4,0.0075,one_way,minimum_traffic_feasible,0.511422372380157,0.0,0.006437739227085344,0.0,10036.224000000031,3394.125253094383,1,2,False
receiver,4.25,31.0,0.4,0.0075,infeasible,no_communication_case_meets_requirements,0.04379947697890785,0.0,0.015379870979270549,0.0,10036.224000000031,3394.125253094383,1,2,False
receiver,4.5,31.0,0.4,0.0075,infeasible,no_communication_case_meets_requirements,0.04379947697890785,0.0,0.015379870979270549,0.0,10036.224000000031,3394.125253094383,1,2,False
receiver,4.75,31.0,0.4,0.0075,infeasible,no_communication_case_meets_requirements,0.04379947697890785,0.0,0.015379870979270549,0.0,10036.224000000031,3394.125253094383,1,2,False
receiver,5.0,31.0,0.4,0.0075,infeasible,no_communication_case_meets_requirements,0.0037510955469110237,0.0,0.024241522903033906,0.0,10036.224000000031,3394.125253094383,1,2,False
receiver,5.25,31.0,0.4,0.0075,infeasible,no_communication_case_meets_requirements,0.0,0.0,0.0,0.0,10036.224000000031,3394.125253094383,1,2,False
receiver,5.5,31.0,0.4,0.0075,infeasible,no_communication_case_meets_requirements,0.0,0.0,0.0,0.0,10036.224000000031,3394.125253094383,1,2,False
receiver,5.75,31.0,0.4,0.0075,infeasible,no_communication_case_meets_requirements,0.0,0.0,0.0,0.0,10036.224000000031,3394.125253094383,1,2,False
receiver,6.0,31.0,0.4,0.0075,infeasible,no_communication_case_meets_requirements,0.0,0.0,0.0,0.0,10036.224000000031,3394.125253094383,1,2,False
receiver,6.25,31.0,0.4,0.0075,infeasible,no_communication_case_meets_requirements,0.0,0.0,0.0,0.0,10036.224000000031,3394.125253094383,1,2,False
receiver,6.5,31.0,0.4,0.0075,infeasible,no_communication_case_meets_requirements,0.0,0.0,0.0,0.0,10036.224000000031,3394.125253094383,1,2,False
receiver,6.75,31.0,0.4,0.0075,infeasible,no_communication_case_meets_requirements,0.0,0.0,0.0,0.0,10036.224000000031,3394.125253094383,1,2,False
receiver,7.0,31.0,0.4,0.0075,infeasible,no_communication_case_meets_requirements,0.0,0.0,0.0,0.0,10036.224000000031,3394.125253094383,1,2,False
receiver,7.25,31.0,0.4,0.0075,infeasible,no_communication_case_meets_requirements,0.0,0.0,0.0,0.0,10036.224000000031,3394.125253094383,1,2,False
receiver,7.5,31.0,0.4,0.0075,infeasible,no_communication_case_meets_requirements,0.0,0.0,0.0,0.0,10036.224000000031,3394.125253094383,1,2,False
receiver,7.75,31.0,0.4,0.0075,infeasible,no_communication_case_meets_requirements,0.0,0.0,0.0,0.0,10036.224000000031,3394.125253094383,1,2,False
receiver,8.0,31.0,0.4,0.0075,infeasible,no_communication_case_meets_requirements,0.0,0.0,0.0,0.0,10036.224000000031,3394.125253094383,1,2,False
receiver,0.0,31.5,0.4,0.0075,feedback,minimum_traffic_feasible,0.511422372380157,0.511422372380157,0.006437739227085344,0.006437739227085344,10036.224000000031,3394.125253094383,1,2,False
receiver,0.25,31.5,0.4,0.0075,feedback,minimum_traffic_feasible,0.511422372380157,0.511422372380157,0.006437739227085344,0.006437739227085344,10036.224000000031,3394.125253094383,1,2,False
receiver,0.5,31.5,0.4,0.0075,feedback,minimum_traffic_feasible,0.511422372380157,0.511422372380157,0.006437739227085344,0.006437739227085344,10036.224000000031,3394.125253094383,1,2,False
receiver,0.75,31.5,0.4,0.0075,feedback,minimum_traffic_feasible,0.511422372380157,0.511422372380157,0.006437739227085344,0.006437739227085344,10036.224000000031,3394.125253094383,1,2,False
receiver,1.0,31.5,0.4,0.0075,feedback,minimum_traffic_feasible,0.511422372380157,0.511422372380157,0.006437739227085344,0.006437739227085344,10036.224000000031,3394.125253094383,1,2,False
receiver,1.25,31.5,0.4,0.0075,feedback,minimum_traffic_feasible,0.511422372380157,0.511422372380157,0.006437739227085344,0.006437739227085344,10036.224000000031,3394.125253094383,1,2,False
receiver,1.5,31.5,0.4,0.0075,feedback,minimum_traffic_feasible,0.511422372380157,0.511422372380157,0.006437739227085344,0.006437739227085344,10036.224000000031,3394.125253094383,1,2,False
receiver,1.75,31.5,0.4,0.0075,feedback,minimum_traffic_feasible,0.511422372380157,0.511422372380157,0.006437739227085344,0.006437739227085344,10036.224000000031,3394.125253094383,1,2,False
receiver,2.0,31.5,0.4,0.0075,feedback,minimum_traffic_feasible,0.511422372380157,0.511422372380157,0.006437739227085344,0.006437739227085344,10036.224000000031,3394.125253094383,1,2,False
receiver,2.25,31.5,0.4,0.0075,feedback,minimum_traffic_feasible,0.511422372380157,0.46338466121702576,0.006437739227085344,0.005609426354281838,10036.224000000031,3394.125253094383,1,2,False
receiver,2.5,31.5,0.4,0.0075,feedback,minimum_traffic_feasible,0.511422372380157,0.42333627978502897,0.006437739227085344,0.004763645807870683,10036.224000000031,3394.125253094383,1,2,False
receiver,2.75,31.5,0.4,0.0075,one_way,minimum_traffic_feasible,0.511422372380157,0.0,0.006437739227085344,0.0,10036.224000000031,3394.125253094383,1,2,False
receiver,3.0,31.5,0.4,0.0075,one_way,minimum_traffic_feasible,0.511422372380157,0.0,0.006437739227085344,0.0,10036.224000000031,3394.125253094383,1,2,False
receiver,3.25,31.5,0.4,0.0075,one_way,minimum_traffic_feasible,0.511422372380157,0.0,0.006437739227085344,0.0,10036.224000000031,3394.125253094383,1,2,False
receiver,3.5,31.5,0.4,0.0075,one_way,minimum_traffic_feasible,0.511422372380157,0.0,0.006437739227085344,0.0,10036.224000000031,3394.125253094383,1,2,False
receiver,3.75,31.5,0.4,0.0075,one_way,minimum_traffic_feasible,0.511422372380157,0.0,0.006437739227085344,0.0,10036.224000000031,3394.125253094383,1,2,False
receiver,4.0,31.5,0.4,0.0075,one_way,minimum_traffic_feasible,0.511422372380157,0.0,0.006437739227085344,0.0,10036.224000000031,3394.125253094383,1,2,False
receiver,4.25,31.5,0.4,0.0075,infeasible,no_communication_case_meets_requirements,0.04379947697890785,0.0,0.015379870979270549,0.0,10036.224000000031,3394.125253094383,1,2,False
receiver,4.5,31.5,0.4,0.0075,infeasible,no_communication_case_meets_requirements,0.04379947697890785,0.0,0.015379870979270549,0.0,10036.224000000031,3394.125253094383,1,2,False
receiver,4.75,31.5,0.4,0.0075,infeasible,no_communication_case_meets_requirements,0.04379947697890785,0.0,0.015379870979270549,0.0,10036.224000000031,3394.125253094383,1,2,False
receiver,5.0,31.5,0.4,0.0075,infeasible,no_communication_case_meets_requirements,0.0037510955469110237,0.0,0.024241522903033906,0.0,10036.224000000031,3394.125253094383,1,2,False
receiver,5.25,31.5,0.4,0.0075,infeasible,no_communication_case_meets_requirements,0.0,0.0,0.0,0.0,10036.224000000031,3394.125253094383,1,2,False
receiver,5.5,31.5,0.4,0.0075,infeasible,no_communication_case_meets_requirements,0.0,0.0,0.0,0.0,10036.224000000031,3394.125253094383,1,2,False
receiver,5.75,31.5,0.4,0.0075,infeasible,no_communication_case_meets_requirements,0.0,0.0,0.0,0.0,10036.224000000031,3394.125253094383,1,2,False
receiver,6.0,31.5,0.4,0.0075,infeasible,no_communication_case_meets_requirements,0.0,0.0,0.0,0.0,10036.224000000031,3394.125253094383,1,2,False
receiver,6.25,31.5,0.4,0.0075,infeasible,no_communication_case_meets_requirements,0.0,0.0,0.0,0.0,10036.224000000031,3394.125253094383,1,2,False
receiver,6.5,31.5,0.4,0.0075,infeasible,no_communication_case_meets_requirements,0.0,0.0,0.0,0.0,10036.224000000031,3394.125253094383,1,2,False
receiver,6.75,31.5,0.4,0.0075,infeasible,no_communication_case_meets_requirements,0.0,0.0,0.0,0.0,10036.224000000031,3394.125253094383,1,2,False
receiver,7.0,31.5,0.4,0.0075,infeasible,no_communication_case_meets_requirements,0.0,0.0,0.0,0.0,10036.224000000031,3394.125253094383,1,2,False
receiver,7.25,31.5,0.4,0.0075,infeasible,no_communication_case_meets_requirements,0.0,0.0,0.0,0.0,10036.224000000031,3394.125253094383,1,2,False
receiver,7.5,31.5,0.4,0.0075,infeasible,no_communication_case_meets_requirements,0.0,0.0,0.0,0.0,10036.224000000031,3394.125253094383,1,2,False
receiver,7.75,31.5,0.4,0.0075,infeasible,no_communication_case_meets_requirements,0.0,0.0,0.0,0.0,10036.224000000031,3394.125253094383,1,2,False
receiver,8.0,31.5,0.4,0.0075,infeasible,no_communication_case_meets_requirements,0.0,0.0,0.0,0.0,10036.224000000031,3394.125253094383,1,2,False
receiver,0.0,32.0,0.4,0.0075,feedback,minimum_traffic_feasible,0.511422372380157,0.511422372380157,0.006437739227085344,0.006437739227085344,10036.224000000031,3394.125253094383,1,2,False
receiver,0.25,32.0,0.4,0.0075,feedback,minimum_traffic_feasible,0.511422372380157,0.511422372380157,0.006437739227085344,0.006437739227085344,10036.224000000031,3394.125253094383,1,2,False
receiver,0.5,32.0,0.4,0.0075,feedback,minimum_traffic_feasible,0.511422372380157,0.511422372380157,0.006437739227085344,0.006437739227085344,10036.224000000031,3394.125253094383,1,2,False
receiver,0.75,32.0,0.4,0.0075,feedback,minimum_traffic_feasible,0.511422372380157,0.511422372380157,0.006437739227085344,0.006437739227085344,10036.224000000031,3394.125253094383,1,2,False
receiver,1.0,32.0,0.4,0.0075,feedback,minimum_traffic_feasible,0.511422372380157,0.511422372380157,0.006437739227085344,0.006437739227085344,10036.224000000031,3394.125253094383,1,2,False
receiver,1.25,32.0,0.4,0.0075,feedback,minimum_traffic_feasible,0.511422372380157,0.511422372380157,0.006437739227085344,0.006437739227085344,10036.224000000031,3394.125253094383,1,2,False
receiver,1.5,32.0,0.4,0.0075,feedback,minimum_traffic_feasible,0.511422372380157,0.511422372380157,0.006437739227085344,0.006437739227085344,10036.224000000031,3394.125253094383,1,2,False
receiver,1.75,32.0,0.4,0.0075,feedback,minimum_traffic_feasible,0.511422372380157,0.511422372380157,0.006437739227085344,0.006437739227085344,10036.224000000031,3394.125253094383,1,2,False
receiver,2.0,32.0,0.4,0.0075,feedback,minimum_traffic_feasible,0.511422372380157,0.511422372380157,0.006437739227085344,0.006437739227085344,10036.224000000031,3394.125253094383,1,2,False
receiver,2.25,32.0,0.4,0.0075,feedback,minimum_traffic_feasible,0.511422372380157,0.46338466121702576,0.006437739227085344,0.005609426354281838,10036.224000000031,3394.125253094383,1,2,False
receiver,2.5,32.0,0.4,0.0075,feedback,minimum_traffic_feasible,0.511422372380157,0.42333627978502897,0.006437739227085344,0.004763645807870683,10036.224000000031,3394.125253094383,1,2,False
receiver,2.75,32.0,0.4,0.0075,one_way,minimum_traffic_feasible,0.511422372380157,0.0,0.006437739227085344,0.0,10036.224000000031,3394.125253094383,1,2,False
receiver,3.0,32.0,0.4,0.0075,one_way,minimum_traffic_feasible,0.511422372380157,0.0,0.006437739227085344,0.0,10036.224000000031,3394.125253094383,1,2,False
receiver,3.25,32.0,0.4,0.0075,one_way,minimum_traffic_feasible,0.511422372380157,0.0,0.006437739227085344,0.0,10036.224000000031,3394.125253094383,1,2,False
receiver,3.5,32.0,0.4,0.0075,one_way,minimum_traffic_feasible,0.511422372380157,0.0,0.006437739227085344,0.0,10036.224000000031,3394.125253094383,1,2,False
receiver,3.75,32.0,0.4,0.0075,one_way,minimum_traffic_feasible,0.511422372380157,0.0,0.006437739227085344,0.0,10036.224000000031,3394.125253094383,1,2,False
receiver,4.0,32.0,0.4,0.0075,one_way,minimum_traffic_feasible,0.511422372380157,0.0,0.006437739227085344,0.0,10036.224000000031,3394.125253094383,1,2,False
receiver,4.25,32.0,0.4,0.0075,infeasible,no_communication_case_meets_requirements,0.04379947697890785,0.0,0.015379870979270549,0.0,10036.224000000031,3394.125253094383,1,2,False
receiver,4.5,32.0,0.4,0.0075,infeasible,no_communication_case_meets_requirements,0.04379947697890785,0.0,0.015379870979270549,0.0,10036.224000000031,3394.125253094383,1,2,False
receiver,4.75,32.0,0.4,0.0075,infeasible,no_communication_case_meets_requirements,0.04379947697890785,0.0,0.015379870979270549,0.0,10036.224000000031,3394.125253094383,1,2,False
receiver,5.0,32.0,0.4,0.0075,infeasible,no_communication_case_meets_requirements,0.0037510955469110237,0.0,0.024241522903033906,0.0,10036.224000000031,3394.125253094383,1,2,False
receiver,5.25,32.0,0.4,0.0075,infeasible,no_communication_case_meets_requirements,0.0,0.0,0.0,0.0,10036.224000000031,3394.125253094383,1,2,False
receiver,5.5,32.0,0.4,0.0075,infeasible,no_communication_case_meets_requirements,0.0,0.0,0.0,0.0,10036.224000000031,3394.125253094383,1,2,False
receiver,5.75,32.0,0.4,0.0075,infeasible,no_communication_case_meets_requirements,0.0,0.0,0.0,0.0,10036.224000000031,3394.125253094383,1,2,False
receiver,6.0,32.0,0.4,0.0075,infeasible,no_communication_case_meets_requirements,0.0,0.0,0.0,0.0,10036.224000000031,3394.125253094383,1,2,False
receiver,6.25,32.0,0.4,0.0075,infeasible,no_communication_case_meets_requirements,0.0,0.0,0.0,0.0,10036.224000000031,3394.125253094383,1,2,False
receiver,6.5,32.0,0.4,0.0075,infeasible,no_communication_case_meets_requirements,0.0,0.0,0.0,0.0,10036.224000000031,3394.125253094383,1,2,False
receiver,6.75,32.0,0.4,0.0075,infeasible,no_communication_case_meets_requirements,0.0,0.0,0.0,0.0,10036.224000000031,3394.125253094383,1,2,False
receiver,7.0,32.0,0.4,0.0075,infeasible,no_communication_case_meets_requirements,0.0,0.0,0.0,0.0,10036.224000000031,3394.125253094383,1,2,False
receiver,7.25,32.0,0.4,0.0075,infeasible,no_communication_case_meets_requirements,0.0,0.0,0.0,0.0,10036.224000000031,3394.125253094383,1,2,False
receiver,7.5,32.0,0.4,0.0075,infeasible,no_communication_case_meets_requirements,0.0,0.0,0.0,0.0,10036.224000000031,3394.125253094383,1,2,False
receiver,7.75,32.0,0.4,0.0075,infeasible,no_communication_case_meets_requirements,0.0,0.0,0.0,0.0,10036.224000000031,3394.125253094383,1,2,False
receiver,8.0,32.0,0.4,0.0075,infeasible,no_communication_case_meets_requirements,0.0,0.0,0.0,0.0,10036.224000000031,3394.125253094383,1,2,False
receiver,0.0,32.5,0.4,0.0075,feedback,minimum_traffic_feasible,0.511422372380157,0.511422372380157,0.006437739227085344,0.006437739227085344,10036.224000000031,3394.125253094383,1,2,False
receiver,0.25,32.5,0.4,0.0075,feedback,minimum_traffic_feasible,0.511422372380157,0.511422372380157,0.006437739227085344,0.006437739227085344,10036.224000000031,3394.125253094383,1,2,False
receiver,0.5,32.5,0.4,0.0075,feedback,minimum_traffic_feasible,0.511422372380157,0.511422372380157,0.006437739227085344,0.006437739227085344,10036.224000000031,3394.125253094383,1,2,False
receiver,0.75,32.5,0.4,0.0075,feedback,minimum_traffic_feasible,0.511422372380157,0.511422372380157,0.006437739227085344,0.006437739227085344,10036.224000000031,3394.125253094383,1,2,False
receiver,1.0,32.5,0.4,0.0075,feedback,minimum_traffic_feasible,0.511422372380157,0.511422372380157,0.006437739227085344,0.006437739227085344,10036.224000000031,3394.125253094383,1,2,False
receiver,1.25,32.5,0.4,0.0075,feedback,minimum_traffic_feasible,0.511422372380157,0.511422372380157,0.006437739227085344,0.006437739227085344,10036.224000000031,3394.125253094383,1,2,False
receiver,1.5,32.5,0.4,0.0075,feedback,minimum_traffic_feasible,0.511422372380157,0.511422372380157,0.006437739227085344,0.006437739227085344,10036.224000000031,3394.125253094383,1,2,False
receiver,1.75,32.5,0.4,0.0075,feedback,minimum_traffic_feasible,0.511422372380157,0.511422372380157,0.006437739227085344,0.006437739227085344,10036.224000000031,3394.125253094383,1,2,False
receiver,2.0,32.5,0.4,0.0075,feedback,minimum_traffic_feasible,0.511422372380157,0.511422372380157,0.006437739227085344,0.006437739227085344,10036.224000000031,3394.125253094383,1,2,False
receiver,2.25,32.5,0.4,0.0075,feedback,minimum_traffic_feasible,0.511422372380157,0.46338466121702576,0.006437739227085344,0.005609426354281838,10036.224000000031,3394.125253094383,1,2,False
receiver,2.5,32.5,0.4,0.0075,feedback,minimum_traffic_feasible,0.511422372380157,0.42333627978502897,0.006437739227085344,0.004763645807870683,10036.224000000031,3394.125253094383,1,2,False
receiver,2.75,32.5,0.4,0.0075,one_way,minimum_traffic_feasible,0.511422372380157,0.0,0.006437739227085344,0.0,10036.224000000031,3394.125253094383,1,2,False
receiver,3.0,32.5,0.4,0.0075,one_way,minimum_traffic_feasible,0.511422372380157,0.0,0.006437739227085344,0.0,10036.224000000031,3394.125253094383,1,2,False
receiver,3.25,32.5,0.4,0.0075,one_way,minimum_traffic_feasible,0.511422372380157,0.0,0.006437739227085344,0.0,10036.224000000031,3394.125253094383,1,2,False
receiver,3.5,32.5,0.4,0.0075,one_way,minimum_traffic_feasible,0.511422372380157,0.0,0.006437739227085344,0.0,10036.224000000031,3394.125253094383,1,2,False
receiver,3.75,32.5,0.4,0.0075,one_way,minimum_traffic_feasible,0.511422372380157,0.0,0.006437739227085344,0.0,10036.224000000031,3394.125253094383,1,2,False
receiver,4.0,32.5,0.4,0.0075,one_way,minimum_traffic_feasible,0.511422372380157,0.0,0.006437739227085344,0.0,10036.224000000031,3394.125253094383,1,2,False
receiver,4.25,32.5,0.4,0.0075,infeasible,no_communication_case_meets_requirements,0.04379947697890785,0.0,0.015379870979270549,0.0,10036.224000000031,3394.125253094383,1,2,False
receiver,4.5,32.5,0.4,0.0075,infeasible,no_communication_case_meets_requirements,0.04379947697890785,0.0,0.015379870979270549,0.0,10036.224000000031,3394.125253094383,1,2,False
receiver,4.75,32.5,0.4,0.0075,infeasible,no_communication_case_meets_requirements,0.04379947697890785,0.0,0.015379870979270549,0.0,10036.224000000031,3394.125253094383,1,2,False
receiver,5.0,32.5,0.4,0.0075,infeasible,no_communication_case_meets_requirements,0.0037510955469110237,0.0,0.024241522903033906,0.0,10036.224000000031,3394.125253094383,1,2,False
receiver,5.25,32.5,0.4,0.0075,infeasible,no_communication_case_meets_requirements,0.0,0.0,0.0,0.0,10036.224000000031,3394.125253094383,1,2,False
receiver,5.5,32.5,0.4,0.0075,infeasible,no_communication_case_meets_requirements,0.0,0.0,0.0,0.0,10036.224000000031,3394.125253094383,1,2,False
receiver,5.75,32.5,0.4,0.0075,infeasible,no_communication_case_meets_requirements,0.0,0.0,0.0,0.0,10036.224000000031,3394.125253094383,1,2,False
receiver,6.0,32.5,0.4,0.0075,infeasible,no_communication_case_meets_requirements,0.0,0.0,0.0,0.0,10036.224000000031,3394.125253094383,1,2,False
receiver,6.25,32.5,0.4,0.0075,infeasible,no_communication_case_meets_requirements,0.0,0.0,0.0,0.0,10036.224000000031,3394.125253094383,1,2,False
receiver,6.5,32.5,0.4,0.0075,infeasible,no_communication_case_meets_requirements,0.0,0.0,0.0,0.0,10036.224000000031,3394.125253094383,1,2,False
receiver,6.75,32.5,0.4,0.0075,infeasible,no_communication_case_meets_requirements,0.0,0.0,0.0,0.0,10036.224000000031,3394.125253094383,1,2,False
receiver,7.0,32.5,0.4,0.0075,infeasible,no_communication_case_meets_requirements,0.0,0.0,0.0,0.0,10036.224000000031,3394.125253094383,1,2,False
receiver,7.25,32.5,0.4,0.0075,infeasible,no_communication_case_meets_requirements,0.0,0.0,0.0,0.0,10036.224000000031,3394.125253094383,1,2,False
receiver,7.5,32.5,0.4,0.0075,infeasible,no_communication_case_meets_requirements,0.0,0.0,0.0,0.0,10036.224000000031,3394.125253094383,1,2,False
receiver,7.75,32.5,0.4,0.0075,infeasible,no_communication_case_meets_requirements,0.0,0.0,0.0,0.0,10036.224000000031,3394.125253094383,1,2,False
receiver,8.0,32.5,0.4,0.0075,infeasible,no_communication_case_meets_requirements,0.0,0.0,0.0,0.0,10036.224000000031,3394.125253094383,1,2,False
receiver,0.0,33.0,0.4,0.0075,feedback,minimum_traffic_feasible,0.511422372380157,0.511422372380157,0.006437739227085344,0.006437739227085344,10036.224000000031,3394.125253094383,1,2,False
receiver,0.25,33.0,0.4,0.0075,feedback,minimum_traffic_feasible,0.511422372380157,0.511422372380157,0.006437739227085344,0.006437739227085344,10036.224000000031,3394.125253094383,1,2,False
receiver,0.5,33.0,0.4,0.0075,feedback,minimum_traffic_feasible,0.511422372380157,0.511422372380157,0.006437739227085344,0.006437739227085344,10036.224000000031,3394.125253094383,1,2,True
receiver,0.75,33.0,0.4,0.0075,feedback,minimum_traffic_feasible,0.511422372380157,0.511422372380157,0.006437739227085344,0.006437739227085344,10036.224000000031,3394.125253094383,1,2,False
receiver,1.0,33.0,0.4,0.0075,feedback,minimum_traffic_feasible,0.511422372380157,0.511422372380157,0.006437739227085344,0.006437739227085344,10036.224000000031,3394.125253094383,1,2,False
receiver,1.25,33.0,0.4,0.0075,feedback,minimum_traffic_feasible,0.511422372380157,0.511422372380157,0.006437739227085344,0.006437739227085344,10036.224000000031,3394.125253094383,1,2,False
receiver,1.5,33.0,0.4,0.0075,feedback,minimum_traffic_feasible,0.511422372380157,0.511422372380157,0.006437739227085344,0.006437739227085344,10036.224000000031,3394.125253094383,1,2,False
receiver,1.75,33.0,0.4,0.0075,feedback,minimum_traffic_feasible,0.511422372380157,0.511422372380157,0.006437739227085344,0.006437739227085344,10036.224000000031,3394.125253094383,1,2,False
receiver,2.0,33.0,0.4,0.0075,feedback,minimum_traffic_feasible,0.511422372380157,0.511422372380157,0.006437739227085344,0.006437739227085344,10036.224000000031,3394.125253094383,1,2,False
receiver,2.25,33.0,0.4,0.0075,feedback,minimum_traffic_feasible,0.511422372380157,0.46338466121702576,0.006437739227085344,0.005609426354281838,10036.224000000031,3394.125253094383,1,2,False
receiver,2.5,33.0,0.4,0.0075,feedback,minimum_traffic_feasible,0.511422372380157,0.42333627978502897,0.006437739227085344,0.004763645807870683,10036.224000000031,3394.125253094383,1,2,False
receiver,2.75,33.0,0.4,0.0075,one_way,minimum_traffic_feasible,0.511422372380157,0.0,0.006437739227085344,0.0,10036.224000000031,3394.125253094383,1,2,False
receiver,3.0,33.0,0.4,0.0075,one_way,minimum_traffic_feasible,0.511422372380157,0.0,0.006437739227085344,0.0,10036.224000000031,3394.125253094383,1,2,False
receiver,3.25,33.0,0.4,0.0075,one_way,minimum_traffic_feasible,0.511422372380157,0.0,0.006437739227085344,0.0,10036.224000000031,3394.125253094383,1,2,False
receiver,3.5,33.0,0.4,0.0075,one_way,minimum_traffic_feasible,0.511422372380157,0.0,0.006437739227085344,0.0,10036.224000000031,3394.125253094383,1,2,False
receiver,3.75,33.0,0.4,0.0075,one_way,minimum_traffic_feasible,0.511422372380157,0.0,0.006437739227085344,0.0,10036.224000000031,3394.125253094383,1,2,False
receiver,4.0,33.0,0.4,0.0075,one_way,minimum_traffic_feasible,0.511422372380157,0.0,0.006437739227085344,0.0,10036.224000000031,3394.125253094383,1,2,False
receiver,4.25,33.0,0.4,0.0075,infeasible,no_communication_case_meets_requirements,0.04379947697890785,0.0,0.015379870979270549,0.0,10036.224000000031,3394.125253094383,1,2,False
receiver,4.5,33.0,0.4,0.0075,infeasible,no_communication_case_meets_requirements,0.04379947697890785,0.0,0.015379870979270549,0.0,10036.224000000031,3394.125253094383,1,2,False
receiver,4.75,33.0,0.4,0.0075,infeasible,no_communication_case_meets_requirements,0.04379947697890785,0.0,0.015379870979270549,0.0,10036.224000000031,3394.125253094383,1,2,False
receiver,5.0,33.0,0.4,0.0075,infeasible,no_communication_case_meets_requirements,0.0037510955469110237,0.0,0.024241522903033906,0.0,10036.224000000031,3394.125253094383,1,2,False
receiver,5.25,33.0,0.4,0.0075,infeasible,no_communication_case_meets_requirements,0.0,0.0,0.0,0.0,10036.224000000031,3394.125253094383,1,2,False
receiver,5.5,33.0,0.4,0.0075,infeasible,no_communication_case_meets_requirements,0.0,0.0,0.0,0.0,10036.224000000031,3394.125253094383,1,2,False
receiver,5.75,33.0,0.4,0.0075,infeasible,no_communication_case_meets_requirements,0.0,0.0,0.0,0.0,10036.224000000031,3394.125253094383,1,2,False
receiver,6.0,33.0,0.4,0.0075,infeasible,no_communication_case_meets_requirements,0.0,0.0,0.0,0.0,10036.224000000031,3394.125253094383,1,2,False
receiver,6.25,33.0,0.4,0.0075,infeasible,no_communication_case_meets_requirements,0.0,0.0,0.0,0.0,10036.224000000031,3394.125253094383,1,2,False
receiver,6.5,33.0,0.4,0.0075,infeasible,no_communication_case_meets_requirements,0.0,0.0,0.0,0.0,10036.224000000031,3394.125253094383,1,2,False
receiver,6.75,33.0,0.4,0.0075,infeasible,no_communication_case_meets_requirements,0.0,0.0,0.0,0.0,10036.224000000031,3394.125253094383,1,2,False
receiver,7.0,33.0,0.4,0.0075,infeasible,no_communication_case_meets_requirements,0.0,0.0,0.0,0.0,10036.224000000031,3394.125253094383,1,2,False
receiver,7.25,33.0,0.4,0.0075,infeasible,no_communication_case_meets_requirements,0.0,0.0,0.0,0.0,10036.224000000031,3394.125253094383,1,2,False
receiver,7.5,33.0,0.4,0.0075,infeasible,no_communication_case_meets_requirements,0.0,0.0,0.0,0.0,10036.224000000031,3394.125253094383,1,2,False
receiver,7.75,33.0,0.4,0.0075,infeasible,no_communication_case_meets_requirements,0.0,0.0,0.0,0.0,10036.224000000031,3394.125253094383,1,2,False
receiver,8.0,33.0,0.4,0.0075,infeasible,no_communication_case_meets_requirements,0.0,0.0,0.0,0.0,10036.224000000031,3394.125253094383,1,2,False
receiver,0.0,33.5,0.4,0.0075,feedback,minimum_traffic_feasible,0.511422372380157,0.511422372380157,0.006437739227085344,0.006437739227085344,10036.224000000031,3394.125253094383,1,2,False
receiver,0.25,33.5,0.4,0.0075,feedback,minimum_traffic_feasible,0.511422372380157,0.511422372380157,0.006437739227085344,0.006437739227085344,10036.224000000031,3394.125253094383,1,2,False
receiver,0.5,33.5,0.4,0.0075,feedback,minimum_traffic_feasible,0.511422372380157,0.511422372380157,0.006437739227085344,0.006437739227085344,10036.224000000031,3394.125253094383,1,2,False
receiver,0.75,33.5,0.4,0.0075,feedback,minimum_traffic_feasible,0.511422372380157,0.511422372380157,0.006437739227085344,0.006437739227085344,10036.224000000031,3394.125253094383,1,2,False
receiver,1.0,33.5,0.4,0.0075,feedback,minimum_traffic_feasible,0.511422372380157,0.511422372380157,0.006437739227085344,0.006437739227085344,10036.224000000031,3394.125253094383,1,2,False
receiver,1.25,33.5,0.4,0.0075,feedback,minimum_traffic_feasible,0.511422372380157,0.511422372380157,0.006437739227085344,0.006437739227085344,10036.224000000031,3394.125253094383,1,2,False
receiver,1.5,33.5,0.4,0.0075,feedback,minimum_traffic_feasible,0.511422372380157,0.511422372380157,0.006437739227085344,0.006437739227085344,10036.224000000031,3394.125253094383,1,2,False
receiver,1.75,33.5,0.4,0.0075,feedback,minimum_traffic_feasible,0.511422372380157,0.511422372380157,0.006437739227085344,0.006437739227085344,10036.224000000031,3394.125253094383,1,2,False
receiver,2.0,33.5,0.4,0.0075,feedback,minimum_traffic_feasible,0.511422372380157,0.511422372380157,0.006437739227085344,0.006437739227085344,10036.224000000031,3394.125253094383,1,2,False
receiver,2.25,33.5,0.4,0.0075,feedback,minimum_traffic_feasible,0.511422372380157,0.46338466121702576,0.006437739227085344,0.005609426354281838,10036.224000000031,3394.125253094383,1,2,False
receiver,2.5,33.5,0.4,0.0075,feedback,minimum_traffic_feasible,0.511422372380157,0.42333627978502897,0.006437739227085344,0.004763645807870683,10036.224000000031,3394.125253094383,1,2,False
receiver,2.75,33.5,0.4,0.0075,one_way,minimum_traffic_feasible,0.511422372380157,0.0,0.006437739227085344,0.0,10036.224000000031,3394.125253094383,1,2,False
receiver,3.0,33.5,0.4,0.0075,one_way,minimum_traffic_feasible,0.511422372380157,0.0,0.006437739227085344,0.0,10036.224000000031,3394.125253094383,1,2,False
receiver,3.25,33.5,0.4,0.0075,one_way,minimum_traffic_feasible,0.511422372380157,0.0,0.006437739227085344,0.0,10036.224000000031,3394.125253094383,1,2,False
receiver,3.5,33.5,0.4,0.0075,one_way,minimum_traffic_feasible,0.511422372380157,0.0,0.006437739227085344,0.0,10036.224000000031,3394.125253094383,1,2,False
receiver,3.75,33.5,0.4,0.0075,one_way,minimum_traffic_feasible,0.511422372380157,0.0,0.006437739227085344,0.0,10036.224000000031,3394.125253094383,1,2,False
receiver,4.0,33.5,0.4,0.0075,one_way,minimum_traffic_feasible,0.511422372380157,0.0,0.006437739227085344,0.0,10036.224000000031,3394.125253094383,1,2,False
receiver,4.25,33.5,0.4,0.0075,infeasible,no_communication_case_meets_requirements,0.04379947697890785,0.0,0.015379870979270549,0.0,10036.224000000031,3394.125253094383,1,2,False
receiver,4.5,33.5,0.4,0.0075,infeasible,no_communication_case_meets_requirements,0.04379947697890785,0.0,0.015379870979270549,0.0,10036.224000000031,3394.125253094383,1,2,False
receiver,4.75,33.5,0.4,0.0075,infeasible,no_communication_case_meets_requirements,0.04379947697890785,0.0,0.015379870979270549,0.0,10036.224000000031,3394.125253094383,1,2,False
receiver,5.0,33.5,0.4,0.0075,infeasible,no_communication_case_meets_requirements,0.0037510955469110237,0.0,0.024241522903033906,0.0,10036.224000000031,3394.125253094383,1,2,False
receiver,5.25,33.5,0.4,0.0075,infeasible,no_communication_case_meets_requirements,0.0,0.0,0.0,0.0,10036.224000000031,3394.125253094383,1,2,False
receiver,5.5,33.5,0.4,0.0075,infeasible,no_communication_case_meets_requirements,0.0,0.0,0.0,0.0,10036.224000000031,3394.125253094383,1,2,False
receiver,5.75,33.5,0.4,0.0075,infeasible,no_communication_case_meets_requirements,0.0,0.0,0.0,0.0,10036.224000000031,3394.125253094383,1,2,False
receiver,6.0,33.5,0.4,0.0075,infeasible,no_communication_case_meets_requirements,0.0,0.0,0.0,0.0,10036.224000000031,3394.125253094383,1,2,False
receiver,6.25,33.5,0.4,0.0075,infeasible,no_communication_case_meets_requirements,0.0,0.0,0.0,0.0,10036.224000000031,3394.125253094383,1,2,False
receiver,6.5,33.5,0.4,0.0075,infeasible,no_communication_case_meets_requirements,0.0,0.0,0.0,0.0,10036.224000000031,3394.125253094383,1,2,False
receiver,6.75,33.5,0.4,0.0075,infeasible,no_communication_case_meets_requirements,0.0,0.0,0.0,0.0,10036.224000000031,3394.125253094383,1,2,False
receiver,7.0,33.5,0.4,0.0075,infeasible,no_communication_case_meets_requirements,0.0,0.0,0.0,0.0,10036.224000000031,3394.125253094383,1,2,False
receiver,7.25,33.5,0.4,0.0075,infeasible,no_communication_case_meets_requirements,0.0,0.0,0.0,0.0,10036.224000000031,3394.125253094383,1,2,False
receiver,7.5,33.5,0.4,0.0075,infeasible,no_communication_case_meets_requirements,0.0,0.0,0.0,0.0,10036.224000000031,3394.125253094383,1,2,False
receiver,7.75,33.5,0.4,0.0075,infeasible,no_communication_case_meets_requirements,0.0,0.0,0.0,0.0,10036.224000000031,3394.125253094383,1,2,False
receiver,8.0,33.5,0.4,0.0075,infeasible,no_communication_case_meets_requirements,0.0,0.0,0.0,0.0,10036.224000000031,3394.125253094383,1,2,False
receiver,0.0,34.0,0.4,0.0075,feedback,minimum_traffic_feasible,0.511422372380157,0.511422372380157,0.006437739227085344,0.006437739227085344,10036.224000000031,3394.125253094383,1,2,False
receiver,0.25,34.0,0.4,0.0075,feedback,minimum_traffic_feasible,0.511422372380157,0.511422372380157,0.006437739227085344,0.006437739227085344,10036.224000000031,3394.125253094383,1,2,False
receiver,0.5,34.0,0.4,0.0075,feedback,minimum_traffic_feasible,0.511422372380157,0.511422372380157,0.006437739227085344,0.006437739227085344,10036.224000000031,3394.125253094383,1,2,False
receiver,0.75,34.0,0.4,0.0075,feedback,minimum_traffic_feasible,0.511422372380157,0.511422372380157,0.006437739227085344,0.006437739227085344,10036.224000000031,3394.125253094383,1,2,False
receiver,1.0,34.0,0.4,0.0075,feedback,minimum_traffic_feasible,0.511422372380157,0.511422372380157,0.006437739227085344,0.006437739227085344,10036.224000000031,3394.125253094383,1,2,False
receiver,1.25,34.0,0.4,0.0075,feedback,minimum_traffic_feasible,0.511422372380157,0.511422372380157,0.006437739227085344,0.006437739227085344,10036.224000000031,3394.125253094383,1,2,False
receiver,1.5,34.0,0.4,0.0075,feedback,minimum_traffic_feasible,0.511422372380157,0.511422372380157,0.006437739227085344,0.006437739227085344,10036.224000000031,3394.125253094383,1,2,False
receiver,1.75,34.0,0.4,0.0075,feedback,minimum_traffic_feasible,0.511422372380157,0.511422372380157,0.006437739227085344,0.006437739227085344,10036.224000000031,3394.125253094383,1,2,False
receiver,2.0,34.0,0.4,0.0075,feedback,minimum_traffic_feasible,0.511422372380157,0.511422372380157,0.006437739227085344,0.006437739227085344,10036.224000000031,3394.125253094383,1,2,False
receiver,2.25,34.0,0.4,0.0075,feedback,minimum_traffic_feasible,0.511422372380157,0.46338466121702576,0.006437739227085344,0.005609426354281838,10036.224000000031,3394.125253094383,1,2,False
receiver,2.5,34.0,0.4,0.0075,feedback,minimum_traffic_feasible,0.511422372380157,0.42333627978502897,0.006437739227085344,0.004763645807870683,10036.224000000031,3394.125253094383,1,2,False
receiver,2.75,34.0,0.4,0.0075,one_way,minimum_traffic_feasible,0.511422372380157,0.0,0.006437739227085344,0.0,10036.224000000031,3394.125253094383,1,2,False
receiver,3.0,34.0,0.4,0.0075,one_way,minimum_traffic_feasible,0.511422372380157,0.0,0.006437739227085344,0.0,10036.224000000031,3394.125253094383,1,2,False
receiver,3.25,34.0,0.4,0.0075,one_way,minimum_traffic_feasible,0.511422372380157,0.0,0.006437739227085344,0.0,10036.224000000031,3394.125253094383,1,2,False
receiver,3.5,34.0,0.4,0.0075,one_way,minimum_traffic_feasible,0.511422372380157,0.0,0.006437739227085344,0.0,10036.224000000031,3394.125253094383,1,2,False
receiver,3.75,34.0,0.4,0.0075,one_way,minimum_traffic_feasible,0.511422372380157,0.0,0.006437739227085344,0.0,10036.224000000031,3394.125253094383,1,2,False
receiver,4.0,34.0,0.4,0.0075,one_way,minimum_traffic_feasible,0.511422372380157,0.0,0.006437739227085344,0.0,10036.224000000031,3394.125253094383,1,2,False
receiver,4.25,34.0,0.4,0.0075,infeasible,no_communication_case_meets_requirements,0.04379947697890785,0.0,0.015379870979270549,0.0,10036.224000000031,3394.125253094383,1,2,False
receiver,4.5,34.0,0.4,0.0075,infeasible,no_communication_case_meets_requirements,0.04379947697890785,0.0,0.015379870979270549,0.0,10036.224000000031,3394.125253094383,1,2,False
receiver,4.75,34.0,0.4,0.0075,infeasible,no_communication_case_meets_requirements,0.04379947697890785,0.0,0.015379870979270549,0.0,10036.224000000031,3394.125253094383,1,2,False
receiver,5.0,34.0,0.4,0.0075,infeasible,no_communication_case_meets_requirements,0.0037510955469110237,0.0,0.024241522903033906,0.0,10036.224000000031,3394.125253094383,1,2,False
receiver,5.25,34.0,0.4,0.0075,infeasible,no_communication_case_meets_requirements,0.0,0.0,0.0,0.0,10036.224000000031,3394.125253094383,1,2,False
receiver,5.5,34.0,0.4,0.0075,infeasible,no_communication_case_meets_requirements,0.0,0.0,0.0,0.0,10036.224000000031,3394.125253094383,1,2,False
receiver,5.75,34.0,0.4,0.0075,infeasible,no_communication_case_meets_requirements,0.0,0.0,0.0,0.0,10036.224000000031,3394.125253094383,1,2,False
receiver,6.0,34.0,0.4,0.0075,infeasible,no_communication_case_meets_requirements,0.0,0.0,0.0,0.0,10036.224000000031,3394.125253094383,1,2,False
receiver,6.25,34.0,0.4,0.0075,infeasible,no_communication_case_meets_requirements,0.0,0.0,0.0,0.0,10036.224000000031,3394.125253094383,1,2,False
receiver,6.5,34.0,0.4,0.0075,infeasible,no_communication_case_meets_requirements,0.0,0.0,0.0,0.0,10036.224000000031,3394.125253094383,1,2,False
receiver,6.75,34.0,0.4,0.0075,infeasible,no_communication_case_meets_requirements,0.0,0.0,0.0,0.0,10036.224000000031,3394.125253094383,1,2,False
receiver,7.0,34.0,0.4,0.0075,infeasible,no_communication_case_meets_requirements,0.0,0.0,0.0,0.0,10036.224000000031,3394.125253094383,1,2,False
receiver,7.25,34.0,0.4,0.0075,infeasible,no_communication_case_meets_requirements,0.0,0.0,0.0,0.0,10036.224000000031,3394.125253094383,1,2,False
receiver,7.5,34.0,0.4,0.0075,infeasible,no_communication_case_meets_requirements,0.0,0.0,0.0,0.0,10036.224000000031,3394.125253094383,1,2,False
receiver,7.75,34.0,0.4,0.0075,infeasible,no_communication_case_meets_requirements,0.0,0.0,0.0,0.0,10036.224000000031,3394.125253094383,1,2,False
receiver,8.0,34.0,0.4,0.0075,infeasible,no_communication_case_meets_requirements,0.0,0.0,0.0,0.0,10036.224000000031,3394.125253094383,1,2,False
receiver,0.0,34.5,0.4,0.0075,feedback,minimum_traffic_feasible,0.511422372380157,0.511422372380157,0.006437739227085344,0.006437739227085344,10036.224000000031,3394.125253094383,1,2,False
receiver,0.25,34.5,0.4,0.0075,feedback,minimum_traffic_feasible,0.511422372380157,0.511422372380157,0.006437739227085344,0.006437739227085344,10036.224000000031,3394.125253094383,1,2,False
receiver,0.5,34.5,0.4,0.0075,feedback,minimum_traffic_feasible,0.511422372380157,0.511422372380157,0.006437739227085344,0.006437739227085344,10036.224000000031,3394.125253094383,1,2,False
receiver,0.75,34.5,0.4,0.0075,feedback,minimum_traffic_feasible,0.511422372380157,0.511422372380157,0.006437739227085344,0.006437739227085344,10036.224000000031,3394.125253094383,1,2,False
receiver,1.0,34.5,0.4,0.0075,feedback,minimum_traffic_feasible,0.511422372380157,0.511422372380157,0.006437739227085344,0.006437739227085344,10036.224000000031,3394.125253094383,1,2,False
receiver,1.25,34.5,0.4,0.0075,feedback,minimum_traffic_feasible,0.511422372380157,0.511422372380157,0.006437739227085344,0.006437739227085344,10036.224000000031,3394.125253094383,1,2,False
receiver,1.5,34.5,0.4,0.0075,feedback,minimum_traffic_feasible,0.511422372380157,0.511422372380157,0.006437739227085344,0.006437739227085344,10036.224000000031,3394.125253094383,1,2,False
receiver,1.75,34.5,0.4,0.0075,feedback,minimum_traffic_feasible,0.511422372380157,0.511422372380157,0.006437739227085344,0.006437739227085344,10036.224000000031,3394.125253094383,1,2,False
receiver,2.0,34.5,0.4,0.0075,feedback,minimum_traffic_feasible,0.511422372380157,0.511422372380157,0.006437739227085344,0.006437739227085344,10036.224000000031,3394.125253094383,1,2,False
receiver,2.25,34.5,0.4,0.0075,feedback,minimum_traffic_feasible,0.511422372380157,0.46338466121702576,0.006437739227085344,0.005609426354281838,10036.224000000031,3394.125253094383,1,2,False
receiver,2.5,34.5,0.4,0.0075,feedback,minimum_traffic_feasible,0.511422372380157,0.42333627978502897,0.006437739227085344,0.004763645807870683,10036.224000000031,3394.125253094383,1,2,False
receiver,2.75,34.5,0.4,0.0075,one_way,minimum_traffic_feasible,0.511422372380157,0.0,0.006437739227085344,0.0,10036.224000000031,3394.125253094383,1,2,False
receiver,3.0,34.5,0.4,0.0075,one_way,minimum_traffic_feasible,0.511422372380157,0.0,0.006437739227085344,0.0,10036.224000000031,3394.125253094383,1,2,False
receiver,3.25,34.5,0.4,0.0075,one_way,minimum_traffic_feasible,0.511422372380157,0.0,0.006437739227085344,0.0,10036.224000000031,3394.125253094383,1,2,False
receiver,3.5,34.5,0.4,0.0075,one_way,minimum_traffic_feasible,0.511422372380157,0.0,0.006437739227085344,0.0,10036.224000000031,3394.125253094383,1,2,False
receiver,3.75,34.5,0.4,0.0075,one_way,minimum_traffic_feasible,0.511422372380157,0.0,0.006437739227085344,0.0,10036.224000000031,3394.125253094383,1,2,False
receiver,4.0,34.5,0.4,0.0075,one_way,minimum_traffic_feasible,0.511422372380157,0.0,0.006437739227085344,0.0,10036.224000000031,3394.125253094383,1,2,False
receiver,4.25,34.5,0.4,0.0075,infeasible,no_communication_case_meets_requirements,0.04379947697890785,0.0,0.015379870979270549,0.0,10036.224000000031,3394.125253094383,1,2,False
receiver,4.5,34.5,0.4,0.0075,infeasible,no_communication_case_meets_requirements,0.04379947697890785,0.0,0.015379870979270549,0.0,10036.224000000031,3394.125253094383,1,2,False
receiver,4.75,34.5,0.4,0.0075,infeasible,no_communication_case_meets_requirements,0.04379947697890785,0.0,0.015379870979270549,0.0,10036.224000000031,3394.125253094383,1,2,False
receiver,5.0,34.5,0.4,0.0075,infeasible,no_communication_case_meets_requirements,0.0037510955469110237,0.0,0.024241522903033906,0.0,10036.224000000031,3394.125253094383,1,2,False
receiver,5.25,34.5,0.4,0.0075,infeasible,no_communication_case_meets_requirements,0.0,0.0,0.0,0.0,10036.224000000031,3394.125253094383,1,2,False
receiver,5.5,34.5,0.4,0.0075,infeasible,no_communication_case_meets_requirements,0.0,0.0,0.0,0.0,10036.224000000031,3394.125253094383,1,2,False
receiver,5.75,34.5,0.4,0.0075,infeasible,no_communication_case_meets_requirements,0.0,0.0,0.0,0.0,10036.224000000031,3394.125253094383,1,2,False
receiver,6.0,34.5,0.4,0.0075,infeasible,no_communication_case_meets_requirements,0.0,0.0,0.0,0.0,10036.224000000031,3394.125253094383,1,2,False
receiver,6.25,34.5,0.4,0.0075,infeasible,no_communication_case_meets_requirements,0.0,0.0,0.0,0.0,10036.224000000031,3394.125253094383,1,2,False
receiver,6.5,34.5,0.4,0.0075,infeasible,no_communication_case_meets_requirements,0.0,0.0,0.0,0.0,10036.224000000031,3394.125253094383,1,2,False
receiver,6.75,34.5,0.4,0.0075,infeasible,no_communication_case_meets_requirements,0.0,0.0,0.0,0.0,10036.224000000031,3394.125253094383,1,2,False
receiver,7.0,34.5,0.4,0.0075,infeasible,no_communication_case_meets_requirements,0.0,0.0,0.0,0.0,10036.224000000031,3394.125253094383,1,2,False
receiver,7.25,34.5,0.4,0.0075,infeasible,no_communication_case_meets_requirements,0.0,0.0,0.0,0.0,10036.224000000031,3394.125253094383,1,2,False
receiver,7.5,34.5,0.4,0.0075,infeasible,no_communication_case_meets_requirements,0.0,0.0,0.0,0.0,10036.224000000031,3394.125253094383,1,2,False
receiver,7.75,34.5,0.4,0.0075,infeasible,no_communication_case_meets_requirements,0.0,0.0,0.0,0.0,10036.224000000031,3394.125253094383,1,2,False
receiver,8.0,34.5,0.4,0.0075,infeasible,no_communication_case_meets_requirements,0.0,0.0,0.0,0.0,10036.224000000031,3394.125253094383,1,2,False
receiver,0.0,35.0,0.4,0.0075,feedback,minimum_traffic_feasible,0.511422372380157,0.511422372380157,0.006437739227085344,0.006437739227085344,10036.224000000031,3394.125253094383,1,2,False
receiver,0.25,35.0,0.4,0.0075,feedback,minimum_traffic_feasible,0.511422372380157,0.511422372380157,0.006437739227085344,0.006437739227085344,10036.224000000031,3394.125253094383,1,2,False
receiver,0.5,35.0,0.4,0.0075,feedback,minimum_traffic_feasible,0.511422372380157,0.511422372380157,0.006437739227085344,0.006437739227085344,10036.224000000031,3394.125253094383,1,2,False
receiver,0.75,35.0,0.4,0.0075,feedback,minimum_traffic_feasible,0.511422372380157,0.511422372380157,0.006437739227085344,0.006437739227085344,10036.224000000031,3394.125253094383,1,2,False
receiver,1.0,35.0,0.4,0.0075,feedback,minimum_traffic_feasible,0.511422372380157,0.511422372380157,0.006437739227085344,0.006437739227085344,10036.224000000031,3394.125253094383,1,2,False
receiver,1.25,35.0,0.4,0.0075,feedback,minimum_traffic_feasible,0.511422372380157,0.511422372380157,0.006437739227085344,0.006437739227085344,10036.224000000031,3394.125253094383,1,2,False
receiver,1.5,35.0,0.4,0.0075,feedback,minimum_traffic_feasible,0.511422372380157,0.511422372380157,0.006437739227085344,0.006437739227085344,10036.224000000031,3394.125253094383,1,2,False
receiver,1.75,35.0,0.4,0.0075,feedback,minimum_traffic_feasible,0.511422372380157,0.511422372380157,0.006437739227085344,0.006437739227085344,10036.224000000031,3394.125253094383,1,2,False
receiver,2.0,35.0,0.4,0.0075,feedback,minimum_traffic_feasible,0.511422372380157,0.511422372380157,0.006437739227085344,0.006437739227085344,10036.224000000031,3394.125253094383,1,2,False
receiver,2.25,35.0,0.4,0.0075,feedback,minimum_traffic_feasible,0.511422372380157,0.46338466121702576,0.006437739227085344,0.005609426354281838,10036.224000000031,3394.125253094383,1,2,False
receiver,2.5,35.0,0.4,0.0075,feedback,minimum_traffic_feasible,0.511422372380157,0.42333627978502897,0.006437739227085344,0.004763645807870683,10036.224000000031,3394.125253094383,1,2,False
receiver,2.75,35.0,0.4,0.0075,one_way,minimum_traffic_feasible,0.511422372380157,0.0,0.006437739227085344,0.0,10036.224000000031,3394.125253094383,1,2,False
receiver,3.0,35.0,0.4,0.0075,one_way,minimum_traffic_feasible,0.511422372380157,0.0,0.006437739227085344,0.0,10036.224000000031,3394.125253094383,1,2,False
receiver,3.25,35.0,0.4,0.0075,one_way,minimum_traffic_feasible,0.511422372380157,0.0,0.006437739227085344,0.0,10036.224000000031,3394.125253094383,1,2,False
receiver,3.5,35.0,0.4,0.0075,one_way,minimum_traffic_feasible,0.511422372380157,0.0,0.006437739227085344,0.0,10036.224000000031,3394.125253094383,1,2,False
receiver,3.75,35.0,0.4,0.0075,one_way,minimum_traffic_feasible,0.511422372380157,0.0,0.006437739227085344,0.0,10036.224000000031,3394.125253094383,1,2,False
receiver,4.0,35.0,0.4,0.0075,one_way,minimum_traffic_feasible,0.511422372380157,0.0,0.006437739227085344,0.0,10036.224000000031,3394.125253094383,1,2,False
receiver,4.25,35.0,0.4,0.0075,infeasible,no_communication_case_meets_requirements,0.04379947697890785,0.0,0.015379870979270549,0.0,10036.224000000031,3394.125253094383,1,2,False
receiver,4.5,35.0,0.4,0.0075,infeasible,no_communication_case_meets_requirements,0.04379947697890785,0.0,0.015379870979270549,0.0,10036.224000000031,3394.125253094383,1,2,False
receiver,4.75,35.0,0.4,0.0075,infeasible,no_communication_case_meets_requirements,0.04379947697890785,0.0,0.015379870979270549,0.0,10036.224000000031,3394.125253094383,1,2,False
receiver,5.0,35.0,0.4,0.0075,infeasible,no_communication_case_meets_requirements,0.0037510955469110237,0.0,0.024241522903033906,0.0,10036.224000000031,3394.125253094383,1,2,False
receiver,5.25,35.0,0.4,0.0075,infeasible,no_communication_case_meets_requirements,0.0,0.0,0.0,0.0,10036.224000000031,3394.125253094383,1,2,False
receiver,5.5,35.0,0.4,0.0075,infeasible,no_communication_case_meets_requirements,0.0,0.0,0.0,0.0,10036.224000000031,3394.125253094383,1,2,False
receiver,5.75,35.0,0.4,0.0075,infeasible,no_communication_case_meets_requirements,0.0,0.0,0.0,0.0,10036.224000000031,3394.125253094383,1,2,False
receiver,6.0,35.0,0.4,0.0075,infeasible,no_communication_case_meets_requirements,0.0,0.0,0.0,0.0,10036.224000000031,3394.125253094383,1,2,False
receiver,6.25,35.0,0.4,0.0075,infeasible,no_communication_case_meets_requirements,0.0,0.0,0.0,0.0,10036.224000000031,3394.125253094383,1,2,False
receiver,6.5,35.0,0.4,0.0075,infeasible,no_communication_case_meets_requirements,0.0,0.0,0.0,0.0,10036.224000000031,3394.125253094383,1,2,False
receiver,6.75,35.0,0.4,0.0075,infeasible,no_communication_case_meets_requirements,0.0,0.0,0.0,0.0,10036.224000000031,3394.125253094383,1,2,False
receiver,7.0,35.0,0.4,0.0075,infeasible,no_communication_case_meets_requirements,0.0,0.0,0.0,0.0,10036.224000000031,3394.125253094383,1,2,False
receiver,7.25,35.0,0.4,0.0075,infeasible,no_communication_case_meets_requirements,0.0,0.0,0.0,0.0,10036.224000000031,3394.125253094383,1,2,False
receiver,7.5,35.0,0.4,0.0075,infeasible,no_communication_case_meets_requirements,0.0,0.0,0.0,0.0,10036.224000000031,3394.125253094383,1,2,False
receiver,7.75,35.0,0.4,0.0075,infeasible,no_communication_case_meets_requirements,0.0,0.0,0.0,0.0,10036.224000000031,3394.125253094383,1,2,False
receiver,8.0,35.0,0.4,0.0075,infeasible,no_communication_case_meets_requirements,0.0,0.0,0.0,0.0,10036.224000000031,3394.125253094383,1,2,False
receiver,0.0,35.5,0.4,0.0075,feedback,minimum_traffic_feasible,0.511422372380157,0.511422372380157,0.006437739227085344,0.006437739227085344,10036.224000000031,3394.125253094383,1,2,False
receiver,0.25,35.5,0.4,0.0075,feedback,minimum_traffic_feasible,0.511422372380157,0.511422372380157,0.006437739227085344,0.006437739227085344,10036.224000000031,3394.125253094383,1,2,False
receiver,0.5,35.5,0.4,0.0075,feedback,minimum_traffic_feasible,0.511422372380157,0.511422372380157,0.006437739227085344,0.006437739227085344,10036.224000000031,3394.125253094383,1,2,False
receiver,0.75,35.5,0.4,0.0075,feedback,minimum_traffic_feasible,0.511422372380157,0.511422372380157,0.006437739227085344,0.006437739227085344,10036.224000000031,3394.125253094383,1,2,False
receiver,1.0,35.5,0.4,0.0075,feedback,minimum_traffic_feasible,0.511422372380157,0.511422372380157,0.006437739227085344,0.006437739227085344,10036.224000000031,3394.125253094383,1,2,False
receiver,1.25,35.5,0.4,0.0075,feedback,minimum_traffic_feasible,0.511422372380157,0.511422372380157,0.006437739227085344,0.006437739227085344,10036.224000000031,3394.125253094383,1,2,False
receiver,1.5,35.5,0.4,0.0075,feedback,minimum_traffic_feasible,0.511422372380157,0.511422372380157,0.006437739227085344,0.006437739227085344,10036.224000000031,3394.125253094383,1,2,False
receiver,1.75,35.5,0.4,0.0075,feedback,minimum_traffic_feasible,0.511422372380157,0.511422372380157,0.006437739227085344,0.006437739227085344,10036.224000000031,3394.125253094383,1,2,False
receiver,2.0,35.5,0.4,0.0075,feedback,minimum_traffic_feasible,0.511422372380157,0.511422372380157,0.006437739227085344,0.006437739227085344,10036.224000000031,3394.125253094383,1,2,False
receiver,2.25,35.5,0.4,0.0075,feedback,minimum_traffic_feasible,0.511422372380157,0.46338466121702576,0.006437739227085344,0.005609426354281838,10036.224000000031,3394.125253094383,1,2,False
receiver,2.5,35.5,0.4,0.0075,feedback,minimum_traffic_feasible,0.511422372380157,0.42333627978502897,0.006437739227085344,0.004763645807870683,10036.224000000031,3394.125253094383,1,2,False
receiver,2.75,35.5,0.4,0.0075,one_way,minimum_traffic_feasible,0.511422372380157,0.0,0.006437739227085344,0.0,10036.224000000031,3394.125253094383,1,2,False
receiver,3.0,35.5,0.4,0.0075,one_way,minimum_traffic_feasible,0.511422372380157,0.0,0.006437739227085344,0.0,10036.224000000031,3394.125253094383,1,2,False
receiver,3.25,35.5,0.4,0.0075,one_way,minimum_traffic_feasible,0.511422372380157,0.0,0.006437739227085344,0.0,10036.224000000031,3394.125253094383,1,2,False
receiver,3.5,35.5,0.4,0.0075,one_way,minimum_traffic_feasible,0.511422372380157,0.0,0.006437739227085344,0.0,10036.224000000031,3394.125253094383,1,2,False
receiver,3.75,35.5,0.4,0.0075,one_way,minimum_traffic_feasible,0.511422372380157,0.0,0.006437739227085344,0.0,10036.224000000031,3394.125253094383,1,2,False
receiver,4.0,35.5,0.4,0.0075,one_way,minimum_traffic_feasible,0.511422372380157,0.0,0.006437739227085344,0.0,10036.224000000031,3394.125253094383,1,2,False
receiver,4.25,35.5,0.4,0.0075,infeasible,no_communication_case_meets_requirements,0.04379947697890785,0.0,0.015379870979270549,0.0,10036.224000000031,3394.125253094383,1,2,False
receiver,4.5,35.5,0.4,0.0075,infeasible,no_communication_case_meets_requirements,0.04379947697890785,0.0,0.015379870979270549,0.0,10036.224000000031,3394.125253094383,1,2,False
receiver,4.75,35.5,0.4,0.0075,infeasible,no_communication_case_meets_requirements,0.04379947697890785,0.0,0.015379870979270549,0.0,10036.224000000031,3394.125253094383,1,2,False
receiver,5.0,35.5,0.4,0.0075,infeasible,no_communication_case_meets_requirements,0.0037510955469110237,0.0,0.024241522903033906,0.0,10036.224000000031,3394.125253094383,1,2,False
receiver,5.25,35.5,0.4,0.0075,infeasible,no_communication_case_meets_requirements,0.0,0.0,0.0,0.0,10036.224000000031,3394.125253094383,1,2,False
receiver,5.5,35.5,0.4,0.0075,infeasible,no_communication_case_meets_requirements,0.0,0.0,0.0,0.0,10036.224000000031,3394.125253094383,1,2,False
receiver,5.75,35.5,0.4,0.0075,infeasible,no_communication_case_meets_requirements,0.0,0.0,0.0,0.0,10036.224000000031,3394.125253094383,1,2,False
receiver,6.0,35.5,0.4,0.0075,infeasible,no_communication_case_meets_requirements,0.0,0.0,0.0,0.0,10036.224000000031,3394.125253094383,1,2,False
receiver,6.25,35.5,0.4,0.0075,infeasible,no_communication_case_meets_requirements,0.0,0.0,0.0,0.0,10036.224000000031,3394.125253094383,1,2,False
receiver,6.5,35.5,0.4,0.0075,infeasible,no_communication_case_meets_requirements,0.0,0.0,0.0,0.0,10036.224000000031,3394.125253094383,1,2,False
receiver,6.75,35.5,0.4,0.0075,infeasible,no_communication_case_meets_requirements,0.0,0.0,0.0,0.0,10036.224000000031,3394.125253094383,1,2,False
receiver,7.0,35.5,0.4,0.0075,infeasible,no_communication_case_meets_requirements,0.0,0.0,0.0,0.0,10036.224000000031,3394.125253094383,1,2,False
receiver,7.25,35.5,0.4,0.0075,infeasible,no_communication_case_meets_requirements,0.0,0.0,0.0,0.0,10036.224000000031,3394.125253094383,1,2,False
receiver,7.5,35.5,0.4,0.0075,infeasible,no_communication_case_meets_requirements,0.0,0.0,0.0,0.0,10036.224000000031,3394.125253094383,1,2,False
receiver,7.75,35.5,0.4,0.0075,infeasible,no_communication_case_meets_requirements,0.0,0.0,0.0,0.0,10036.224000000031,3394.125253094383,1,2,False
receiver,8.0,35.5,0.4,0.0075,infeasible,no_communication_case_meets_requirements,0.0,0.0,0.0,0.0,10036.224000000031,3394.125253094383,1,2,False
receiver,0.0,36.0,0.4,0.0075,feedback,minimum_traffic_feasible,0.511422372380157,0.511422372380157,0.006437739227085344,0.006437739227085344,10036.224000000031,3394.125253094383,1,2,False
receiver,0.25,36.0,0.4,0.0075,feedback,minimum_traffic_feasible,0.511422372380157,0.511422372380157,0.006437739227085344,0.006437739227085344,10036.224000000031,3394.125253094383,1,2,False
receiver,0.5,36.0,0.4,0.0075,feedback,minimum_traffic_feasible,0.511422372380157,0.511422372380157,0.006437739227085344,0.006437739227085344,10036.224000000031,3394.125253094383,1,2,False
receiver,0.75,36.0,0.4,0.0075,feedback,minimum_traffic_feasible,0.511422372380157,0.511422372380157,0.006437739227085344,0.006437739227085344,10036.224000000031,3394.125253094383,1,2,False
receiver,1.0,36.0,0.4,0.0075,feedback,minimum_traffic_feasible,0.511422372380157,0.511422372380157,0.006437739227085344,0.006437739227085344,10036.224000000031,3394.125253094383,1,2,False
receiver,1.25,36.0,0.4,0.0075,feedback,minimum_traffic_feasible,0.511422372380157,0.511422372380157,0.006437739227085344,0.006437739227085344,10036.224000000031,3394.125253094383,1,2,False
receiver,1.5,36.0,0.4,0.0075,feedback,minimum_traffic_feasible,0.511422372380157,0.511422372380157,0.006437739227085344,0.006437739227085344,10036.224000000031,3394.125253094383,1,2,False
receiver,1.75,36.0,0.4,0.0075,feedback,minimum_traffic_feasible,0.511422372380157,0.511422372380157,0.006437739227085344,0.006437739227085344,10036.224000000031,3394.125253094383,1,2,False
receiver,2.0,36.0,0.4,0.0075,feedback,minimum_traffic_feasible,0.511422372380157,0.511422372380157,0.006437739227085344,0.006437739227085344,10036.224000000031,3394.125253094383,1,2,False
receiver,2.25,36.0,0.4,0.0075,feedback,minimum_traffic_feasible,0.511422372380157,0.46338466121702576,0.006437739227085344,0.005609426354281838,10036.224000000031,3394.125253094383,1,2,False
receiver,2.5,36.0,0.4,0.0075,feedback,minimum_traffic_feasible,0.511422372380157,0.42333627978502897,0.006437739227085344,0.004763645807870683,10036.224000000031,3394.125253094383,1,2,False
receiver,2.75,36.0,0.4,0.0075,one_way,minimum_traffic_feasible,0.511422372380157,0.0,0.006437739227085344,0.0,10036.224000000031,3394.125253094383,1,2,False
receiver,3.0,36.0,0.4,0.0075,one_way,minimum_traffic_feasible,0.511422372380157,0.0,0.006437739227085344,0.0,10036.224000000031,3394.125253094383,1,2,False
receiver,3.25,36.0,0.4,0.0075,one_way,minimum_traffic_feasible,0.511422372380157,0.0,0.006437739227085344,0.0,10036.224000000031,3394.125253094383,1,2,False
receiver,3.5,36.0,0.4,0.0075,one_way,minimum_traffic_feasible,0.511422372380157,0.0,0.006437739227085344,0.0,10036.224000000031,3394.125253094383,1,2,False
receiver,3.75,36.0,0.4,0.0075,one_way,minimum_traffic_feasible,0.511422372380157,0.0,0.006437739227085344,0.0,10036.224000000031,3394.125253094383,1,2,False
receiver,4.0,36.0,0.4,0.0075,one_way,minimum_traffic_feasible,0.511422372380157,0.0,0.006437739227085344,0.0,10036.224000000031,3394.125253094383,1,2,False
receiver,4.25,36.0,0.4,0.0075,infeasible,no_communication_case_meets_requirements,0.04379947697890785,0.0,0.015379870979270549,0.0,10036.224000000031,3394.125253094383,1,2,False
receiver,4.5,36.0,0.4,0.0075,infeasible,no_communication_case_meets_requirements,0.04379947697890785,0.0,0.015379870979270549,0.0,10036.224000000031,3394.125253094383,1,2,False
receiver,4.75,36.0,0.4,0.0075,infeasible,no_communication_case_meets_requirements,0.04379947697890785,0.0,0.015379870979270549,0.0,10036.224000000031,3394.125253094383,1,2,False
receiver,5.0,36.0,0.4,0.0075,infeasible,no_communication_case_meets_requirements,0.0037510955469110237,0.0,0.024241522903033906,0.0,10036.224000000031,3394.125253094383,1,2,False
receiver,5.25,36.0,0.4,0.0075,infeasible,no_communication_case_meets_requirements,0.0,0.0,0.0,0.0,10036.224000000031,3394.125253094383,1,2,False
receiver,5.5,36.0,0.4,0.0075,infeasible,no_communication_case_meets_requirements,0.0,0.0,0.0,0.0,10036.224000000031,3394.125253094383,1,2,False
receiver,5.75,36.0,0.4,0.0075,infeasible,no_communication_case_meets_requirements,0.0,0.0,0.0,0.0,10036.224000000031,3394.125253094383,1,2,False
receiver,6.0,36.0,0.4,0.0075,infeasible,no_communication_case_meets_requirements,0.0,0.0,0.0,0.0,10036.224000000031,3394.125253094383,1,2,False
receiver,6.25,36.0,0.4,0.0075,infeasible,no_communication_case_meets_requirements,0.0,0.0,0.0,0.0,10036.224000000031,3394.125253094383,1,2,False
receiver,6.5,36.0,0.4,0.0075,infeasible,no_communication_case_meets_requirements,0.0,0.0,0.0,0.0,10036.224000000031,3394.125253094383,1,2,False
receiver,6.75,36.0,0.4,0.0075,infeasible,no_communication_case_meets_requirements,0.0,0.0,0.0,0.0,10036.224000000031,3394.125253094383,1,2,False
receiver,7.0,36.0,0.4,0.0075,infeasible,no_communication_case_meets_requirements,0.0,0.0,0.0,0.0,10036.224000000031,3394.125253094383,1,2,False
receiver,7.25,36.0,0.4,0.0075,infeasible,no_communication_case_meets_requirements,0.0,0.0,0.0,0.0,10036.224000000031,3394.125253094383,1,2,False
receiver,7.5,36.0,0.4,0.0075,infeasible,no_communication_case_meets_requirements,0.0,0.0,0.0,0.0,10036.224000000031,3394.125253094383,1,2,False
receiver,7.75,36.0,0.4,0.0075,infeasible,no_communication_case_meets_requirements,0.0,0.0,0.0,0.0,10036.224000000031,3394.125253094383,1,2,False
receiver,8.0,36.0,0.4,0.0075,infeasible,no_communication_case_meets_requirements,0.0,0.0,0.0,0.0,10036.224000000031,3394.125253094383,1,2,False
receiver,0.0,36.5,0.4,0.0075,feedback,minimum_traffic_feasible,0.511422372380157,0.511422372380157,0.006437739227085344,0.006437739227085344,10036.224000000031,3394.125253094383,1,2,False
receiver,0.25,36.5,0.4,0.0075,feedback,minimum_traffic_feasible,0.511422372380157,0.511422372380157,0.006437739227085344,0.006437739227085344,10036.224000000031,3394.125253094383,1,2,False
receiver,0.5,36.5,0.4,0.0075,feedback,minimum_traffic_feasible,0.511422372380157,0.511422372380157,0.006437739227085344,0.006437739227085344,10036.224000000031,3394.125253094383,1,2,False
receiver,0.75,36.5,0.4,0.0075,feedback,minimum_traffic_feasible,0.511422372380157,0.511422372380157,0.006437739227085344,0.006437739227085344,10036.224000000031,3394.125253094383,1,2,False
receiver,1.0,36.5,0.4,0.0075,feedback,minimum_traffic_feasible,0.511422372380157,0.511422372380157,0.006437739227085344,0.006437739227085344,10036.224000000031,3394.125253094383,1,2,False
receiver,1.25,36.5,0.4,0.0075,feedback,minimum_traffic_feasible,0.511422372380157,0.511422372380157,0.006437739227085344,0.006437739227085344,10036.224000000031,3394.125253094383,1,2,False
receiver,1.5,36.5,0.4,0.0075,feedback,minimum_traffic_feasible,0.511422372380157,0.511422372380157,0.006437739227085344,0.006437739227085344,10036.224000000031,3394.125253094383,1,2,False
receiver,1.75,36.5,0.4,0.0075,feedback,minimum_traffic_feasible,0.511422372380157,0.511422372380157,0.006437739227085344,0.006437739227085344,10036.224000000031,3394.125253094383,1,2,False
receiver,2.0,36.5,0.4,0.0075,feedback,minimum_traffic_feasible,0.511422372380157,0.511422372380157,0.006437739227085344,0.006437739227085344,10036.224000000031,3394.125253094383,1,2,False
receiver,2.25,36.5,0.4,0.0075,feedback,minimum_traffic_feasible,0.511422372380157,0.46338466121702576,0.006437739227085344,0.005609426354281838,10036.224000000031,3394.125253094383,1,2,False
receiver,2.5,36.5,0.4,0.0075,feedback,minimum_traffic_feasible,0.511422372380157,0.42333627978502897,0.006437739227085344,0.004763645807870683,10036.224000000031,3394.125253094383,1,2,False
receiver,2.75,36.5,0.4,0.0075,one_way,minimum_traffic_feasible,0.511422372380157,0.0,0.006437739227085344,0.0,10036.224000000031,3394.125253094383,1,2,False
receiver,3.0,36.5,0.4,0.0075,one_way,minimum_traffic_feasible,0.511422372380157,0.0,0.006437739227085344,0.0,10036.224000000031,3394.125253094383,1,2,False
receiver,3.25,36.5,0.4,0.0075,one_way,minimum_traffic_feasible,0.511422372380157,0.0,0.006437739227085344,0.0,10036.224000000031,3394.125253094383,1,2,False
receiver,3.5,36.5,0.4,0.0075,one_way,minimum_traffic_feasible,0.511422372380157,0.0,0.006437739227085344,0.0,10036.224000000031,3394.125253094383,1,2,False
receiver,3.75,36.5,0.4,0.0075,one_way,minimum_traffic_feasible,0.511422372380157,0.0,0.006437739227085344,0.0,10036.224000000031,3394.125253094383,1,2,False
receiver,4.0,36.5,0.4,0.0075,one_way,minimum_traffic_feasible,0.511422372380157,0.0,0.006437739227085344,0.0,10036.224000000031,3394.125253094383,1,2,False
receiver,4.25,36.5,0.4,0.0075,infeasible,no_communication_case_meets_requirements,0.04379947697890785,0.0,0.015379870979270549,0.0,10036.224000000031,3394.125253094383,1,2,False
receiver,4.5,36.5,0.4,0.0075,infeasible,no_communication_case_meets_requirements,0.04379947697890785,0.0,0.015379870979270549,0.0,10036.224000000031,3394.125253094383,1,2,False
receiver,4.75,36.5,0.4,0.0075,infeasible,no_communication_case_meets_requirements,0.04379947697890785,0.0,0.015379870979270549,0.0,10036.224000000031,3394.125253094383,1,2,False
receiver,5.0,36.5,0.4,0.0075,infeasible,no_communication_case_meets_requirements,0.0037510955469110237,0.0,0.024241522903033906,0.0,10036.224000000031,3394.125253094383,1,2,False
receiver,5.25,36.5,0.4,0.0075,infeasible,no_communication_case_meets_requirements,0.0,0.0,0.0,0.0,10036.224000000031,3394.125253094383,1,2,False
receiver,5.5,36.5,0.4,0.0075,infeasible,no_communication_case_meets_requirements,0.0,0.0,0.0,0.0,10036.224000000031,3394.125253094383,1,2,False
receiver,5.75,36.5,0.4,0.0075,infeasible,no_communication_case_meets_requirements,0.0,0.0,0.0,0.0,10036.224000000031,3394.125253094383,1,2,False
receiver,6.0,36.5,0.4,0.0075,infeasible,no_communication_case_meets_requirements,0.0,0.0,0.0,0.0,10036.224000000031,3394.125253094383,1,2,False
receiver,6.25,36.5,0.4,0.0075,infeasible,no_communication_case_meets_requirements,0.0,0.0,0.0,0.0,10036.224000000031,3394.125253094383,1,2,False
receiver,6.5,36.5,0.4,0.0075,infeasible,no_communication_case_meets_requirements,0.0,0.0,0.0,0.0,10036.224000000031,3394.125253094383,1,2,False
receiver,6.75,36.5,0.4,0.0075,infeasible,no_communication_case_meets_requirements,0.0,0.0,0.0,0.0,10036.224000000031,3394.125253094383,1,2,False
receiver,7.0,36.5,0.4,0.0075,infeasible,no_communication_case_meets_requirements,0.0,0.0,0.0,0.0,10036.224000000031,3394.125253094383,1,2,False
receiver,7.25,36.5,0.4,0.0075,infeasible,no_communication_case_meets_requirements,0.0,0.0,0.0,0.0,10036.224000000031,3394.125253094383,1,2,False
receiver,7.5,36.5,0.4,0.0075,infeasible,no_communication_case_meets_requirements,0.0,0.0,0.0,0.0,10036.224000000031,3394.125253094383,1,2,False
receiver,7.75,36.5,0.4,0.0075,infeasible,no_communication_case_meets_requirements,0.0,0.0,0.0,0.0,10036.224000000031,3394.125253094383,1,2,False
receiver,8.0,36.5,0.4,0.0075,infeasible,no_communication_case_meets_requirements,0.0,0.0,0.0,0.0,10036.224000000031,3394.125253094383,1,2,False
receiver,0.0,37.0,0.4,0.0075,feedback,minimum_traffic_feasible,0.511422372380157,0.511422372380157,0.006437739227085344,0.006437739227085344,10036.224000000031,3394.125253094383,1,2,False
receiver,0.25,37.0,0.4,0.0075,feedback,minimum_traffic_feasible,0.511422372380157,0.511422372380157,0.006437739227085344,0.006437739227085344,10036.224000000031,3394.125253094383,1,2,False
receiver,0.5,37.0,0.4,0.0075,feedback,minimum_traffic_feasible,0.511422372380157,0.511422372380157,0.006437739227085344,0.006437739227085344,10036.224000000031,3394.125253094383,1,2,False
receiver,0.75,37.0,0.4,0.0075,feedback,minimum_traffic_feasible,0.511422372380157,0.511422372380157,0.006437739227085344,0.006437739227085344,10036.224000000031,3394.125253094383,1,2,False
receiver,1.0,37.0,0.4,0.0075,feedback,minimum_traffic_feasible,0.511422372380157,0.511422372380157,0.006437739227085344,0.006437739227085344,10036.224000000031,3394.125253094383,1,2,False
receiver,1.25,37.0,0.4,0.0075,feedback,minimum_traffic_feasible,0.511422372380157,0.511422372380157,0.006437739227085344,0.006437739227085344,10036.224000000031,3394.125253094383,1,2,False
receiver,1.5,37.0,0.4,0.0075,feedback,minimum_traffic_feasible,0.511422372380157,0.511422372380157,0.006437739227085344,0.006437739227085344,10036.224000000031,3394.125253094383,1,2,False
receiver,1.75,37.0,0.4,0.0075,feedback,minimum_traffic_feasible,0.511422372380157,0.511422372380157,0.006437739227085344,0.006437739227085344,10036.224000000031,3394.125253094383,1,2,False
receiver,2.0,37.0,0.4,0.0075,feedback,minimum_traffic_feasible,0.511422372380157,0.511422372380157,0.006437739227085344,0.006437739227085344,10036.224000000031,3394.125253094383,1,2,False
receiver,2.25,37.0,0.4,0.0075,feedback,minimum_traffic_feasible,0.511422372380157,0.46338466121702576,0.006437739227085344,0.005609426354281838,10036.224000000031,3394.125253094383,1,2,False
receiver,2.5,37.0,0.4,0.0075,feedback,minimum_traffic_feasible,0.511422372380157,0.42333627978502897,0.006437739227085344,0.004763645807870683,10036.224000000031,3394.125253094383,1,2,False
receiver,2.75,37.0,0.4,0.0075,one_way,minimum_traffic_feasible,0.511422372380157,0.0,0.006437739227085344,0.0,10036.224000000031,3394.125253094383,1,2,False
receiver,3.0,37.0,0.4,0.0075,one_way,minimum_traffic_feasible,0.511422372380157,0.0,0.006437739227085344,0.0,10036.224000000031,3394.125253094383,1,2,False
receiver,3.25,37.0,0.4,0.0075,one_way,minimum_traffic_feasible,0.511422372380157,0.0,0.006437739227085344,0.0,10036.224000000031,3394.125253094383,1,2,False
receiver,3.5,37.0,0.4,0.0075,one_way,minimum_traffic_feasible,0.511422372380157,0.0,0.006437739227085344,0.0,10036.224000000031,3394.125253094383,1,2,False
receiver,3.75,37.0,0.4,0.0075,one_way,minimum_traffic_feasible,0.511422372380157,0.0,0.006437739227085344,0.0,10036.224000000031,3394.125253094383,1,2,False
receiver,4.0,37.0,0.4,0.0075,one_way,minimum_traffic_feasible,0.511422372380157,0.0,0.006437739227085344,0.0,10036.224000000031,3394.125253094383,1,2,False
receiver,4.25,37.0,0.4,0.0075,infeasible,no_communication_case_meets_requirements,0.04379947697890785,0.0,0.015379870979270549,0.0,10036.224000000031,3394.125253094383,1,2,False
receiver,4.5,37.0,0.4,0.0075,infeasible,no_communication_case_meets_requirements,0.04379947697890785,0.0,0.015379870979270549,0.0,10036.224000000031,3394.125253094383,1,2,False
receiver,4.75,37.0,0.4,0.0075,infeasible,no_communication_case_meets_requirements,0.04379947697890785,0.0,0.015379870979270549,0.0,10036.224000000031,3394.125253094383,1,2,False
receiver,5.0,37.0,0.4,0.0075,infeasible,no_communication_case_meets_requirements,0.0037510955469110237,0.0,0.024241522903033906,0.0,10036.224000000031,3394.125253094383,1,2,False
receiver,5.25,37.0,0.4,0.0075,infeasible,no_communication_case_meets_requirements,0.0,0.0,0.0,0.0,10036.224000000031,3394.125253094383,1,2,False
receiver,5.5,37.0,0.4,0.0075,infeasible,no_communication_case_meets_requirements,0.0,0.0,0.0,0.0,10036.224000000031,3394.125253094383,1,2,False
receiver,5.75,37.0,0.4,0.0075,infeasible,no_communication_case_meets_requirements,0.0,0.0,0.0,0.0,10036.224000000031,3394.125253094383,1,2,False
receiver,6.0,37.0,0.4,0.0075,infeasible,no_communication_case_meets_requirements,0.0,0.0,0.0,0.0,10036.224000000031,3394.125253094383,1,2,False
receiver,6.25,37.0,0.4,0.0075,infeasible,no_communication_case_meets_requirements,0.0,0.0,0.0,0.0,10036.224000000031,3394.125253094383,1,2,False
receiver,6.5,37.0,0.4,0.0075,infeasible,no_communication_case_meets_requirements,0.0,0.0,0.0,0.0,10036.224000000031,3394.125253094383,1,2,False
receiver,6.75,37.0,0.4,0.0075,infeasible,no_communication_case_meets_requirements,0.0,0.0,0.0,0.0,10036.224000000031,3394.125253094383,1,2,False
receiver,7.0,37.0,0.4,0.0075,infeasible,no_communication_case_meets_requirements,0.0,0.0,0.0,0.0,10036.224000000031,3394.125253094383,1,2,False
receiver,7.25,37.0,0.4,0.0075,infeasible,no_communication_case_meets_requirements,0.0,0.0,0.0,0.0,10036.224000000031,3394.125253094383,1,2,False
receiver,7.5,37.0,0.4,0.0075,infeasible,no_communication_case_meets_requirements,0.0,0.0,0.0,0.0,10036.224000000031,3394.125253094383,1,2,False
receiver,7.75,37.0,0.4,0.0075,infeasible,no_communication_case_meets_requirements,0.0,0.0,0.0,0.0,10036.224000000031,3394.125253094383,1,2,False
receiver,8.0,37.0,0.4,0.0075,infeasible,no_communication_case_meets_requirements,0.0,0.0,0.0,0.0,10036.224000000031,3394.125253094383,1,2,False
receiver,0.0,37.5,0.4,0.0075,feedback,minimum_traffic_feasible,0.511422372380157,0.511422372380157,0.006437739227085344,0.006437739227085344,10036.224000000031,3394.125253094383,1,2,False
receiver,0.25,37.5,0.4,0.0075,feedback,minimum_traffic_feasible,0.511422372380157,0.511422372380157,0.006437739227085344,0.006437739227085344,10036.224000000031,3394.125253094383,1,2,False
receiver,0.5,37.5,0.4,0.0075,feedback,minimum_traffic_feasible,0.511422372380157,0.511422372380157,0.006437739227085344,0.006437739227085344,10036.224000000031,3394.125253094383,1,2,False
receiver,0.75,37.5,0.4,0.0075,feedback,minimum_traffic_feasible,0.511422372380157,0.511422372380157,0.006437739227085344,0.006437739227085344,10036.224000000031,3394.125253094383,1,2,False
receiver,1.0,37.5,0.4,0.0075,feedback,minimum_traffic_feasible,0.511422372380157,0.511422372380157,0.006437739227085344,0.006437739227085344,10036.224000000031,3394.125253094383,1,2,False
receiver,1.25,37.5,0.4,0.0075,feedback,minimum_traffic_feasible,0.511422372380157,0.511422372380157,0.006437739227085344,0.006437739227085344,10036.224000000031,3394.125253094383,1,2,False
receiver,1.5,37.5,0.4,0.0075,feedback,minimum_traffic_feasible,0.511422372380157,0.511422372380157,0.006437739227085344,0.006437739227085344,10036.224000000031,3394.125253094383,1,2,False
receiver,1.75,37.5,0.4,0.0075,feedback,minimum_traffic_feasible,0.511422372380157,0.511422372380157,0.006437739227085344,0.006437739227085344,10036.224000000031,3394.125253094383,1,2,False
receiver,2.0,37.5,0.4,0.0075,feedback,minimum_traffic_feasible,0.511422372380157,0.511422372380157,0.006437739227085344,0.006437739227085344,10036.224000000031,3394.125253094383,1,2,False
receiver,2.25,37.5,0.4,0.0075,feedback,minimum_traffic_feasible,0.511422372380157,0.46338466121702576,0.006437739227085344,0.005609426354281838,10036.224000000031,3394.125253094383,1,2,False
receiver,2.5,37.5,0.4,0.0075,feedback,minimum_traffic_feasible,0.511422372380157,0.42333627978502897,0.006437739227085344,0.004763645807870683,10036.224000000031,3394.125253094383,1,2,False
receiver,2.75,37.5,0.4,0.0075,one_way,minimum_traffic_feasible,0.511422372380157,0.0,0.006437739227085344,0.0,10036.224000000031,3394.125253094383,1,2,False
receiver,3.0,37.5,0.4,0.0075,one_way,minimum_traffic_feasible,0.511422372380157,0.0,0.006437739227085344,0.0,10036.224000000031,3394.125253094383,1,2,False
receiver,3.25,37.5,0.4,0.0075,one_way,minimum_traffic_feasible,0.511422372380157,0.0,0.006437739227085344,0.0,10036.224000000031,3394.125253094383,1,2,False
receiver,3.5,37.5,0.4,0.0075,one_way,minimum_traffic_feasible,0.511422372380157,0.0,0.006437739227085344,0.0,10036.224000000031,3394.125253094383,1,2,False
receiver,3.75,37.5,0.4,0.0075,one_way,minimum_traffic_feasible,0.511422372380157,0.0,0.006437739227085344,0.0,10036.224000000031,3394.125253094383,1,2,False
receiver,4.0,37.5,0.4,0.0075,one_way,minimum_traffic_feasible,0.511422372380157,0.0,0.006437739227085344,0.0,10036.224000000031,3394.125253094383,1,2,False
receiver,4.25,37.5,0.4,0.0075,infeasible,no_communication_case_meets_requirements,0.04379947697890785,0.0,0.015379870979270549,0.0,10036.224000000031,3394.125253094383,1,2,False
receiver,4.5,37.5,0.4,0.0075,infeasible,no_communication_case_meets_requirements,0.04379947697890785,0.0,0.015379870979270549,0.0,10036.224000000031,3394.125253094383,1,2,False
receiver,4.75,37.5,0.4,0.0075,infeasible,no_communication_case_meets_requirements,0.04379947697890785,0.0,0.015379870979270549,0.0,10036.224000000031,3394.125253094383,1,2,False
receiver,5.0,37.5,0.4,0.0075,infeasible,no_communication_case_meets_requirements,0.0037510955469110237,0.0,0.024241522903033906,0.0,10036.224000000031,3394.125253094383,1,2,False
receiver,5.25,37.5,0.4,0.0075,infeasible,no_communication_case_meets_requirements,0.0,0.0,0.0,0.0,10036.224000000031,3394.125253094383,1,2,False
receiver,5.5,37.5,0.4,0.0075,infeasible,no_communication_case_meets_requirements,0.0,0.0,0.0,0.0,10036.224000000031,3394.125253094383,1,2,False
receiver,5.75,37.5,0.4,0.0075,infeasible,no_communication_case_meets_requirements,0.0,0.0,0.0,0.0,10036.224000000031,3394.125253094383,1,2,False
receiver,6.0,37.5,0.4,0.0075,infeasible,no_communication_case_meets_requirements,0.0,0.0,0.0,0.0,10036.224000000031,3394.125253094383,1,2,False
receiver,6.25,37.5,0.4,0.0075,infeasible,no_communication_case_meets_requirements,0.0,0.0,0.0,0.0,10036.224000000031,3394.125253094383,1,2,False
receiver,6.5,37.5,0.4,0.0075,infeasible,no_communication_case_meets_requirements,0.0,0.0,0.0,0.0,10036.224000000031,3394.125253094383,1,2,False
receiver,6.75,37.5,0.4,0.0075,infeasible,no_communication_case_meets_requirements,0.0,0.0,0.0,0.0,10036.224000000031,3394.125253094383,1,2,False
receiver,7.0,37.5,0.4,0.0075,infeasible,no_communication_case_meets_requirements,0.0,0.0,0.0,0.0,10036.224000000031,3394.125253094383,1,2,False
receiver,7.25,37.5,0.4,0.0075,infeasible,no_communication_case_meets_requirements,0.0,0.0,0.0,0.0,10036.224000000031,3394.125253094383,1,2,False
receiver,7.5,37.5,0.4,0.0075,infeasible,no_communication_case_meets_requirements,0.0,0.0,0.0,0.0,10036.224000000031,3394.125253094383,1,2,False
receiver,7.75,37.5,0.4,0.0075,infeasible,no_communication_case_meets_requirements,0.0,0.0,0.0,0.0,10036.224000000031,3394.125253094383,1,2,False
receiver,8.0,37.5,0.4,0.0075,infeasible,no_communication_case_meets_requirements,0.0,0.0,0.0,0.0,10036.224000000031,3394.125253094383,1,2,False
receiver,0.0,38.0,0.4,0.0075,feedback,minimum_traffic_feasible,0.511422372380157,0.511422372380157,0.006437739227085344,0.006437739227085344,10036.224000000031,3394.125253094383,1,2,False
receiver,0.25,38.0,0.4,0.0075,feedback,minimum_traffic_feasible,0.511422372380157,0.511422372380157,0.006437739227085344,0.006437739227085344,10036.224000000031,3394.125253094383,1,2,False
receiver,0.5,38.0,0.4,0.0075,feedback,minimum_traffic_feasible,0.511422372380157,0.511422372380157,0.006437739227085344,0.006437739227085344,10036.224000000031,3394.125253094383,1,2,False
receiver,0.75,38.0,0.4,0.0075,feedback,minimum_traffic_feasible,0.511422372380157,0.511422372380157,0.006437739227085344,0.006437739227085344,10036.224000000031,3394.125253094383,1,2,False
receiver,1.0,38.0,0.4,0.0075,feedback,minimum_traffic_feasible,0.511422372380157,0.511422372380157,0.006437739227085344,0.006437739227085344,10036.224000000031,3394.125253094383,1,2,False
receiver,1.25,38.0,0.4,0.0075,feedback,minimum_traffic_feasible,0.511422372380157,0.511422372380157,0.006437739227085344,0.006437739227085344,10036.224000000031,3394.125253094383,1,2,False
receiver,1.5,38.0,0.4,0.0075,feedback,minimum_traffic_feasible,0.511422372380157,0.511422372380157,0.006437739227085344,0.006437739227085344,10036.224000000031,3394.125253094383,1,2,False
receiver,1.75,38.0,0.4,0.0075,feedback,minimum_traffic_feasible,0.511422372380157,0.511422372380157,0.006437739227085344,0.006437739227085344,10036.224000000031,3394.125253094383,1,2,False
receiver,2.0,38.0,0.4,0.0075,feedback,minimum_traffic_feasible,0.511422372380157,0.511422372380157,0.006437739227085344,0.006437739227085344,10036.224000000031,3394.125253094383,1,2,False
receiver,2.25,38.0,0.4,0.0075,feedback,minimum_traffic_feasible,0.511422372380157,0.46338466121702576,0.006437739227085344,0.005609426354281838,10036.224000000031,3394.125253094383,1,2,False
receiver,2.5,38.0,0.4,0.0075,feedback,minimum_traffic_feasible,0.511422372380157,0.42333627978502897,0.006437739227085344,0.004763645807870683,10036.224000000031,3394.125253094383,1,2,False
receiver,2.75,38.0,0.4,0.0075,one_way,minimum_traffic_feasible,0.511422372380157,0.0,0.006437739227085344,0.0,10036.224000000031,3394.125253094383,1,2,False
receiver,3.0,38.0,0.4,0.0075,one_way,minimum_traffic_feasible,0.511422372380157,0.0,0.006437739227085344,0.0,10036.224000000031,3394.125253094383,1,2,False
receiver,3.25,38.0,0.4,0.0075,one_way,minimum_traffic_feasible,0.511422372380157,0.0,0.006437739227085344,0.0,10036.224000000031,3394.125253094383,1,2,False
receiver,3.5,38.0,0.4,0.0075,one_way,minimum_traffic_feasible,0.511422372380157,0.0,0.006437739227085344,0.0,10036.224000000031,3394.125253094383,1,2,False
receiver,3.75,38.0,0.4,0.0075,one_way,minimum_traffic_feasible,0.511422372380157,0.0,0.006437739227085344,0.0,10036.224000000031,3394.125253094383,1,2,False
receiver,4.0,38.0,0.4,0.0075,one_way,minimum_traffic_feasible,0.511422372380157,0.0,0.006437739227085344,0.0,10036.224000000031,3394.125253094383,1,2,False
receiver,4.25,38.0,0.4,0.0075,infeasible,no_communication_case_meets_requirements,0.04379947697890785,0.0,0.015379870979270549,0.0,10036.224000000031,3394.125253094383,1,2,False
receiver,4.5,38.0,0.4,0.0075,infeasible,no_communication_case_meets_requirements,0.04379947697890785,0.0,0.015379870979270549,0.0,10036.224000000031,3394.125253094383,1,2,False
receiver,4.75,38.0,0.4,0.0075,infeasible,no_communication_case_meets_requirements,0.04379947697890785,0.0,0.015379870979270549,0.0,10036.224000000031,3394.125253094383,1,2,False
receiver,5.0,38.0,0.4,0.0075,infeasible,no_communication_case_meets_requirements,0.0037510955469110237,0.0,0.024241522903033906,0.0,10036.224000000031,3394.125253094383,1,2,False
receiver,5.25,38.0,0.4,0.0075,infeasible,no_communication_case_meets_requirements,0.0,0.0,0.0,0.0,10036.224000000031,3394.125253094383,1,2,False
receiver,5.5,38.0,0.4,0.0075,infeasible,no_communication_case_meets_requirements,0.0,0.0,0.0,0.0,10036.224000000031,3394.125253094383,1,2,False
receiver,5.75,38.0,0.4,0.0075,infeasible,no_communication_case_meets_requirements,0.0,0.0,0.0,0.0,10036.224000000031,3394.125253094383,1,2,False
receiver,6.0,38.0,0.4,0.0075,infeasible,no_communication_case_meets_requirements,0.0,0.0,0.0,0.0,10036.224000000031,3394.125253094383,1,2,False
receiver,6.25,38.0,0.4,0.0075,infeasible,no_communication_case_meets_requirements,0.0,0.0,0.0,0.0,10036.224000000031,3394.125253094383,1,2,False
receiver,6.5,38.0,0.4,0.0075,infeasible,no_communication_case_meets_requirements,0.0,0.0,0.0,0.0,10036.224000000031,3394.125253094383,1,2,False
receiver,6.75,38.0,0.4,0.0075,infeasible,no_communication_case_meets_requirements,0.0,0.0,0.0,0.0,10036.224000000031,3394.125253094383,1,2,False
receiver,7.0,38.0,0.4,0.0075,infeasible,no_communication_case_meets_requirements,0.0,0.0,0.0,0.0,10036.224000000031,3394.125253094383,1,2,False
receiver,7.25,38.0,0.4,0.0075,infeasible,no_communication_case_meets_requirements,0.0,0.0,0.0,0.0,10036.224000000031,3394.125253094383,1,2,False
receiver,7.5,38.0,0.4,0.0075,infeasible,no_communication_case_meets_requirements,0.0,0.0,0.0,0.0,10036.224000000031,3394.125253094383,1,2,False
receiver,7.75,38.0,0.4,0.0075,infeasible,no_communication_case_meets_requirements,0.0,0.0,0.0,0.0,10036.224000000031,3394.125253094383,1,2,False
receiver,8.0,38.0,0.4,0.0075,infeasible,no_communication_case_meets_requirements,0.0,0.0,0.0,0.0,10036.224000000031,3394.125253094383,1,2,False
receiver,0.0,38.5,0.4,0.0075,feedback,minimum_traffic_feasible,0.511422372380157,0.511422372380157,0.006437739227085344,0.006437739227085344,10036.224000000031,3394.125253094383,1,2,False
receiver,0.25,38.5,0.4,0.0075,feedback,minimum_traffic_feasible,0.511422372380157,0.511422372380157,0.006437739227085344,0.006437739227085344,10036.224000000031,3394.125253094383,1,2,False
receiver,0.5,38.5,0.4,0.0075,feedback,minimum_traffic_feasible,0.511422372380157,0.511422372380157,0.006437739227085344,0.006437739227085344,10036.224000000031,3394.125253094383,1,2,False
receiver,0.75,38.5,0.4,0.0075,feedback,minimum_traffic_feasible,0.511422372380157,0.511422372380157,0.006437739227085344,0.006437739227085344,10036.224000000031,3394.125253094383,1,2,False
receiver,1.0,38.5,0.4,0.0075,feedback,minimum_traffic_feasible,0.511422372380157,0.511422372380157,0.006437739227085344,0.006437739227085344,10036.224000000031,3394.125253094383,1,2,False
receiver,1.25,38.5,0.4,0.0075,feedback,minimum_traffic_feasible,0.511422372380157,0.511422372380157,0.006437739227085344,0.006437739227085344,10036.224000000031,3394.125253094383,1,2,False
receiver,1.5,38.5,0.4,0.0075,feedback,minimum_traffic_feasible,0.511422372380157,0.511422372380157,0.006437739227085344,0.006437739227085344,10036.224000000031,3394.125253094383,1,2,False
receiver,1.75,38.5,0.4,0.0075,feedback,minimum_traffic_feasible,0.511422372380157,0.511422372380157,0.006437739227085344,0.006437739227085344,10036.224000000031,3394.125253094383,1,2,False
receiver,2.0,38.5,0.4,0.0075,feedback,minimum_traffic_feasible,0.511422372380157,0.511422372380157,0.006437739227085344,0.006437739227085344,10036.224000000031,3394.125253094383,1,2,False
receiver,2.25,38.5,0.4,0.0075,feedback,minimum_traffic_feasible,0.511422372380157,0.46338466121702576,0.006437739227085344,0.005609426354281838,10036.224000000031,3394.125253094383,1,2,False
receiver,2.5,38.5,0.4,0.0075,feedback,minimum_traffic_feasible,0.511422372380157,0.42333627978502897,0.006437739227085344,0.004763645807870683,10036.224000000031,3394.125253094383,1,2,False
receiver,2.75,38.5,0.4,0.0075,one_way,minimum_traffic_feasible,0.511422372380157,0.0,0.006437739227085344,0.0,10036.224000000031,3394.125253094383,1,2,False
receiver,3.0,38.5,0.4,0.0075,one_way,minimum_traffic_feasible,0.511422372380157,0.0,0.006437739227085344,0.0,10036.224000000031,3394.125253094383,1,2,False
receiver,3.25,38.5,0.4,0.0075,one_way,minimum_traffic_feasible,0.511422372380157,0.0,0.006437739227085344,0.0,10036.224000000031,3394.125253094383,1,2,False
receiver,3.5,38.5,0.4,0.0075,one_way,minimum_traffic_feasible,0.511422372380157,0.0,0.006437739227085344,0.0,10036.224000000031,3394.125253094383,1,2,False
receiver,3.75,38.5,0.4,0.0075,one_way,minimum_traffic_feasible,0.511422372380157,0.0,0.006437739227085344,0.0,10036.224000000031,3394.125253094383,1,2,False
receiver,4.0,38.5,0.4,0.0075,one_way,minimum_traffic_feasible,0.511422372380157,0.0,0.006437739227085344,0.0,10036.224000000031,3394.125253094383,1,2,False
receiver,4.25,38.5,0.4,0.0075,infeasible,no_communication_case_meets_requirements,0.04379947697890785,0.0,0.015379870979270549,0.0,10036.224000000031,3394.125253094383,1,2,False
receiver,4.5,38.5,0.4,0.0075,infeasible,no_communication_case_meets_requirements,0.04379947697890785,0.0,0.015379870979270549,0.0,10036.224000000031,3394.125253094383,1,2,False
receiver,4.75,38.5,0.4,0.0075,infeasible,no_communication_case_meets_requirements,0.04379947697890785,0.0,0.015379870979270549,0.0,10036.224000000031,3394.125253094383,1,2,False
receiver,5.0,38.5,0.4,0.0075,infeasible,no_communication_case_meets_requirements,0.0037510955469110237,0.0,0.024241522903033906,0.0,10036.224000000031,3394.125253094383,1,2,False
receiver,5.25,38.5,0.4,0.0075,infeasible,no_communication_case_meets_requirements,0.0,0.0,0.0,0.0,10036.224000000031,3394.125253094383,1,2,False
receiver,5.5,38.5,0.4,0.0075,infeasible,no_communication_case_meets_requirements,0.0,0.0,0.0,0.0,10036.224000000031,3394.125253094383,1,2,False
receiver,5.75,38.5,0.4,0.0075,infeasible,no_communication_case_meets_requirements,0.0,0.0,0.0,0.0,10036.224000000031,3394.125253094383,1,2,False
receiver,6.0,38.5,0.4,0.0075,infeasible,no_communication_case_meets_requirements,0.0,0.0,0.0,0.0,10036.224000000031,3394.125253094383,1,2,False
receiver,6.25,38.5,0.4,0.0075,infeasible,no_communication_case_meets_requirements,0.0,0.0,0.0,0.0,10036.224000000031,3394.125253094383,1,2,False
receiver,6.5,38.5,0.4,0.0075,infeasible,no_communication_case_meets_requirements,0.0,0.0,0.0,0.0,10036.224000000031,3394.125253094383,1,2,False
receiver,6.75,38.5,0.4,0.0075,infeasible,no_communication_case_meets_requirements,0.0,0.0,0.0,0.0,10036.224000000031,3394.125253094383,1,2,False
receiver,7.0,38.5,0.4,0.0075,infeasible,no_communication_case_meets_requirements,0.0,0.0,0.0,0.0,10036.224000000031,3394.125253094383,1,2,False
receiver,7.25,38.5,0.4,0.0075,infeasible,no_communication_case_meets_requirements,0.0,0.0,0.0,0.0,10036.224000000031,3394.125253094383,1,2,False
receiver,7.5,38.5,0.4,0.0075,infeasible,no_communication_case_meets_requirements,0.0,0.0,0.0,0.0,10036.224000000031,3394.125253094383,1,2,False
receiver,7.75,38.5,0.4,0.0075,infeasible,no_communication_case_meets_requirements,0.0,0.0,0.0,0.0,10036.224000000031,3394.125253094383,1,2,False
receiver,8.0,38.5,0.4,0.0075,infeasible,no_communication_case_meets_requirements,0.0,0.0,0.0,0.0,10036.224000000031,3394.125253094383,1,2,False
receiver,0.0,39.0,0.4,0.0075,feedback,minimum_traffic_feasible,0.511422372380157,0.511422372380157,0.006437739227085344,0.006437739227085344,10036.224000000031,3394.125253094383,1,2,False
receiver,0.25,39.0,0.4,0.0075,feedback,minimum_traffic_feasible,0.511422372380157,0.511422372380157,0.006437739227085344,0.006437739227085344,10036.224000000031,3394.125253094383,1,2,False
receiver,0.5,39.0,0.4,0.0075,feedback,minimum_traffic_feasible,0.511422372380157,0.511422372380157,0.006437739227085344,0.006437739227085344,10036.224000000031,3394.125253094383,1,2,False
receiver,0.75,39.0,0.4,0.0075,feedback,minimum_traffic_feasible,0.511422372380157,0.511422372380157,0.006437739227085344,0.006437739227085344,10036.224000000031,3394.125253094383,1,2,False
receiver,1.0,39.0,0.4,0.0075,feedback,minimum_traffic_feasible,0.511422372380157,0.511422372380157,0.006437739227085344,0.006437739227085344,10036.224000000031,3394.125253094383,1,2,False
receiver,1.25,39.0,0.4,0.0075,feedback,minimum_traffic_feasible,0.511422372380157,0.511422372380157,0.006437739227085344,0.006437739227085344,10036.224000000031,3394.125253094383,1,2,False
receiver,1.5,39.0,0.4,0.0075,feedback,minimum_traffic_feasible,0.511422372380157,0.511422372380157,0.006437739227085344,0.006437739227085344,10036.224000000031,3394.125253094383,1,2,False
receiver,1.75,39.0,0.4,0.0075,feedback,minimum_traffic_feasible,0.511422372380157,0.511422372380157,0.006437739227085344,0.006437739227085344,10036.224000000031,3394.125253094383,1,2,False
receiver,2.0,39.0,0.4,0.0075,feedback,minimum_traffic_feasible,0.511422372380157,0.511422372380157,0.006437739227085344,0.006437739227085344,10036.224000000031,3394.125253094383,1,2,False
receiver,2.25,39.0,0.4,0.0075,feedback,minimum_traffic_feasible,0.511422372380157,0.46338466121702576,0.006437739227085344,0.005609426354281838,10036.224000000031,3394.125253094383,1,2,False
receiver,2.5,39.0,0.4,0.0075,feedback,minimum_traffic_feasible,0.511422372380157,0.42333627978502897,0.006437739227085344,0.004763645807870683,10036.224000000031,3394.125253094383,1,2,False
receiver,2.75,39.0,0.4,0.0075,one_way,minimum_traffic_feasible,0.511422372380157,0.0,0.006437739227085344,0.0,10036.224000000031,3394.125253094383,1,2,False
receiver,3.0,39.0,0.4,0.0075,one_way,minimum_traffic_feasible,0.511422372380157,0.0,0.006437739227085344,0.0,10036.224000000031,3394.125253094383,1,2,False
receiver,3.25,39.0,0.4,0.0075,one_way,minimum_traffic_feasible,0.511422372380157,0.0,0.006437739227085344,0.0,10036.224000000031,3394.125253094383,1,2,False
receiver,3.5,39.0,0.4,0.0075,one_way,minimum_traffic_feasible,0.511422372380157,0.0,0.006437739227085344,0.0,10036.224000000031,3394.125253094383,1,2,False
receiver,3.75,39.0,0.4,0.0075,one_way,minimum_traffic_feasible,0.511422372380157,0.0,0.006437739227085344,0.0,10036.224000000031,3394.125253094383,1,2,False
receiver,4.0,39.0,0.4,0.0075,one_way,minimum_traffic_feasible,0.511422372380157,0.0,0.006437739227085344,0.0,10036.224000000031,3394.125253094383,1,2,False
receiver,4.25,39.0,0.4,0.0075,infeasible,no_communication_case_meets_requirements,0.04379947697890785,0.0,0.015379870979270549,0.0,10036.224000000031,3394.125253094383,1,2,False
receiver,4.5,39.0,0.4,0.0075,infeasible,no_communication_case_meets_requirements,0.04379947697890785,0.0,0.015379870979270549,0.0,10036.224000000031,3394.125253094383,1,2,False
receiver,4.75,39.0,0.4,0.0075,infeasible,no_communication_case_meets_requirements,0.04379947697890785,0.0,0.015379870979270549,0.0,10036.224000000031,3394.125253094383,1,2,False
receiver,5.0,39.0,0.4,0.0075,infeasible,no_communication_case_meets_requirements,0.0037510955469110237,0.0,0.024241522903033906,0.0,10036.224000000031,3394.125253094383,1,2,False
receiver,5.25,39.0,0.4,0.0075,infeasible,no_communication_case_meets_requirements,0.0,0.0,0.0,0.0,10036.224000000031,3394.125253094383,1,2,False
receiver,5.5,39.0,0.4,0.0075,infeasible,no_communication_case_meets_requirements,0.0,0.0,0.0,0.0,10036.224000000031,3394.125253094383,1,2,False
receiver,5.75,39.0,0.4,0.0075,infeasible,no_communication_case_meets_requirements,0.0,0.0,0.0,0.0,10036.224000000031,3394.125253094383,1,2,False
receiver,6.0,39.0,0.4,0.0075,infeasible,no_communication_case_meets_requirements,0.0,0.0,0.0,0.0,10036.224000000031,3394.125253094383,1,2,False
receiver,6.25,39.0,0.4,0.0075,infeasible,no_communication_case_meets_requirements,0.0,0.0,0.0,0.0,10036.224000000031,3394.125253094383,1,2,False
receiver,6.5,39.0,0.4,0.0075,infeasible,no_communication_case_meets_requirements,0.0,0.0,0.0,0.0,10036.224000000031,3394.125253094383,1,2,False
receiver,6.75,39.0,0.4,0.0075,infeasible,no_communication_case_meets_requirements,0.0,0.0,0.0,0.0,10036.224000000031,3394.125253094383,1,2,False
receiver,7.0,39.0,0.4,0.0075,infeasible,no_communication_case_meets_requirements,0.0,0.0,0.0,0.0,10036.224000000031,3394.125253094383,1,2,False
receiver,7.25,39.0,0.4,0.0075,infeasible,no_communication_case_meets_requirements,0.0,0.0,0.0,0.0,10036.224000000031,3394.125253094383,1,2,False
receiver,7.5,39.0,0.4,0.0075,infeasible,no_communication_case_meets_requirements,0.0,0.0,0.0,0.0,10036.224000000031,3394.125253094383,1,2,False
receiver,7.75,39.0,0.4,0.0075,infeasible,no_communication_case_meets_requirements,0.0,0.0,0.0,0.0,10036.224000000031,3394.125253094383,1,2,False
receiver,8.0,39.0,0.4,0.0075,infeasible,no_communication_case_meets_requirements,0.0,0.0,0.0,0.0,10036.224000000031,3394.125253094383,1,2,False
receiver,0.0,39.5,0.4,0.0075,feedback,minimum_traffic_feasible,0.511422372380157,0.511422372380157,0.006437739227085344,0.006437739227085344,10036.224000000031,3394.125253094383,1,2,False
receiver,0.25,39.5,0.4,0.0075,feedback,minimum_traffic_feasible,0.511422372380157,0.511422372380157,0.006437739227085344,0.006437739227085344,10036.224000000031,3394.125253094383,1,2,False
receiver,0.5,39.5,0.4,0.0075,feedback,minimum_traffic_feasible,0.511422372380157,0.511422372380157,0.006437739227085344,0.006437739227085344,10036.224000000031,3394.125253094383,1,2,False
receiver,0.75,39.5,0.4,0.0075,feedback,minimum_traffic_feasible,0.511422372380157,0.511422372380157,0.006437739227085344,0.006437739227085344,10036.224000000031,3394.125253094383,1,2,False
receiver,1.0,39.5,0.4,0.0075,feedback,minimum_traffic_feasible,0.511422372380157,0.511422372380157,0.006437739227085344,0.006437739227085344,10036.224000000031,3394.125253094383,1,2,False
receiver,1.25,39.5,0.4,0.0075,feedback,minimum_traffic_feasible,0.511422372380157,0.511422372380157,0.006437739227085344,0.006437739227085344,10036.224000000031,3394.125253094383,1,2,False
receiver,1.5,39.5,0.4,0.0075,feedback,minimum_traffic_feasible,0.511422372380157,0.511422372380157,0.006437739227085344,0.006437739227085344,10036.224000000031,3394.125253094383,1,2,False
receiver,1.75,39.5,0.4,0.0075,feedback,minimum_traffic_feasible,0.511422372380157,0.511422372380157,0.006437739227085344,0.006437739227085344,10036.224000000031,3394.125253094383,1,2,False
receiver,2.0,39.5,0.4,0.0075,feedback,minimum_traffic_feasible,0.511422372380157,0.511422372380157,0.006437739227085344,0.006437739227085344,10036.224000000031,3394.125253094383,1,2,False
receiver,2.25,39.5,0.4,0.0075,feedback,minimum_traffic_feasible,0.511422372380157,0.46338466121702576,0.006437739227085344,0.005609426354281838,10036.224000000031,3394.125253094383,1,2,False
receiver,2.5,39.5,0.4,0.0075,feedback,minimum_traffic_feasible,0.511422372380157,0.42333627978502897,0.006437739227085344,0.004763645807870683,10036.224000000031,3394.125253094383,1,2,False
receiver,2.75,39.5,0.4,0.0075,one_way,minimum_traffic_feasible,0.511422372380157,0.0,0.006437739227085344,0.0,10036.224000000031,3394.125253094383,1,2,False
receiver,3.0,39.5,0.4,0.0075,one_way,minimum_traffic_feasible,0.511422372380157,0.0,0.006437739227085344,0.0,10036.224000000031,3394.125253094383,1,2,False
receiver,3.25,39.5,0.4,0.0075,one_way,minimum_traffic_feasible,0.511422372380157,0.0,0.006437739227085344,0.0,10036.224000000031,3394.125253094383,1,2,False
receiver,3.5,39.5,0.4,0.0075,one_way,minimum_traffic_feasible,0.511422372380157,0.0,0.006437739227085344,0.0,10036.224000000031,3394.125253094383,1,2,False
receiver,3.75,39.5,0.4,0.0075,one_way,minimum_traffic_feasible,0.511422372380157,0.0,0.006437739227085344,0.0,10036.224000000031,3394.125253094383,1,2,False
receiver,4.0,39.5,0.4,0.0075,one_way,minimum_traffic_feasible,0.511422372380157,0.0,0.006437739227085344,0.0,10036.224000000031,3394.125253094383,1,2,False
receiver,4.25,39.5,0.4,0.0075,infeasible,no_communication_case_meets_requirements,0.04379947697890785,0.0,0.015379870979270549,0.0,10036.224000000031,3394.125253094383,1,2,False
receiver,4.5,39.5,0.4,0.0075,infeasible,no_communication_case_meets_requirements,0.04379947697890785,0.0,0.015379870979270549,0.0,10036.224000000031,3394.125253094383,1,2,False
receiver,4.75,39.5,0.4,0.0075,infeasible,no_communication_case_meets_requirements,0.04379947697890785,0.0,0.015379870979270549,0.0,10036.224000000031,3394.125253094383,1,2,False
receiver,5.0,39.5,0.4,0.0075,infeasible,no_communication_case_meets_requirements,0.0037510955469110237,0.0,0.024241522903033906,0.0,10036.224000000031,3394.125253094383,1,2,False
receiver,5.25,39.5,0.4,0.0075,infeasible,no_communication_case_meets_requirements,0.0,0.0,0.0,0.0,10036.224000000031,3394.125253094383,1,2,False
receiver,5.5,39.5,0.4,0.0075,infeasible,no_communication_case_meets_requirements,0.0,0.0,0.0,0.0,10036.224000000031,3394.125253094383,1,2,False
receiver,5.75,39.5,0.4,0.0075,infeasible,no_communication_case_meets_requirements,0.0,0.0,0.0,0.0,10036.224000000031,3394.125253094383,1,2,False
receiver,6.0,39.5,0.4,0.0075,infeasible,no_communication_case_meets_requirements,0.0,0.0,0.0,0.0,10036.224000000031,3394.125253094383,1,2,False
receiver,6.25,39.5,0.4,0.0075,infeasible,no_communication_case_meets_requirements,0.0,0.0,0.0,0.0,10036.224000000031,3394.125253094383,1,2,False
receiver,6.5,39.5,0.4,0.0075,infeasible,no_communication_case_meets_requirements,0.0,0.0,0.0,0.0,10036.224000000031,3394.125253094383,1,2,False
receiver,6.75,39.5,0.4,0.0075,infeasible,no_communication_case_meets_requirements,0.0,0.0,0.0,0.0,10036.224000000031,3394.125253094383,1,2,False
receiver,7.0,39.5,0.4,0.0075,infeasible,no_communication_case_meets_requirements,0.0,0.0,0.0,0.0,10036.224000000031,3394.125253094383,1,2,False
receiver,7.25,39.5,0.4,0.0075,infeasible,no_communication_case_meets_requirements,0.0,0.0,0.0,0.0,10036.224000000031,3394.125253094383,1,2,False
receiver,7.5,39.5,0.4,0.0075,infeasible,no_communication_case_meets_requirements,0.0,0.0,0.0,0.0,10036.224000000031,3394.125253094383,1,2,False
receiver,7.75,39.5,0.4,0.0075,infeasible,no_communication_case_meets_requirements,0.0,0.0,0.0,0.0,10036.224000000031,3394.125253094383,1,2,False
receiver,8.0,39.5,0.4,0.0075,infeasible,no_communication_case_meets_requirements,0.0,0.0,0.0,0.0,10036.224000000031,3394.125253094383,1,2,False
receiver,0.0,40.0,0.4,0.0075,feedback,minimum_traffic_feasible,0.511422372380157,0.511422372380157,0.006437739227085344,0.006437739227085344,10036.224000000031,3394.125253094383,1,2,False
receiver,0.25,40.0,0.4,0.0075,feedback,minimum_traffic_feasible,0.511422372380157,0.511422372380157,0.006437739227085344,0.006437739227085344,10036.224000000031,3394.125253094383,1,2,False
receiver,0.5,40.0,0.4,0.0075,feedback,minimum_traffic_feasible,0.511422372380157,0.511422372380157,0.006437739227085344,0.006437739227085344,10036.224000000031,3394.125253094383,1,2,False
receiver,0.75,40.0,0.4,0.0075,feedback,minimum_traffic_feasible,0.511422372380157,0.511422372380157,0.006437739227085344,0.006437739227085344,10036.224000000031,3394.125253094383,1,2,False
receiver,1.0,40.0,0.4,0.0075,feedback,minimum_traffic_feasible,0.511422372380157,0.511422372380157,0.006437739227085344,0.006437739227085344,10036.224000000031,3394.125253094383,1,2,False
receiver,1.25,40.0,0.4,0.0075,feedback,minimum_traffic_feasible,0.511422372380157,0.511422372380157,0.006437739227085344,0.006437739227085344,10036.224000000031,3394.125253094383,1,2,False
receiver,1.5,40.0,0.4,0.0075,feedback,minimum_traffic_feasible,0.511422372380157,0.511422372380157,0.006437739227085344,0.006437739227085344,10036.224000000031,3394.125253094383,1,2,False
receiver,1.75,40.0,0.4,0.0075,feedback,minimum_traffic_feasible,0.511422372380157,0.511422372380157,0.006437739227085344,0.006437739227085344,10036.224000000031,3394.125253094383,1,2,False
receiver,2.0,40.0,0.4,0.0075,feedback,minimum_traffic_feasible,0.511422372380157,0.511422372380157,0.006437739227085344,0.006437739227085344,10036.224000000031,3394.125253094383,1,2,False
receiver,2.25,40.0,0.4,0.0075,feedback,minimum_traffic_feasible,0.511422372380157,0.46338466121702576,0.006437739227085344,0.005609426354281838,10036.224000000031,3394.125253094383,1,2,False
receiver,2.5,40.0,0.4,0.0075,feedback,minimum_traffic_feasible,0.511422372380157,0.42333627978502897,0.006437739227085344,0.004763645807870683,10036.224000000031,3394.125253094383,1,2,False
receiver,2.75,40.0,0.4,0.0075,one_way,minimum_traffic_feasible,0.511422372380157,0.0,0.006437739227085344,0.0,10036.224000000031,3394.125253094383,1,2,False
receiver,3.0,40.0,0.4,0.0075,one_way,minimum_traffic_feasible,0.511422372380157,0.0,0.006437739227085344,0.0,10036.224000000031,3394.125253094383,1,2,False
receiver,3.25,40.0,0.4,0.0075,one_way,minimum_traffic_feasible,0.511422372380157,0.0,0.006437739227085344,0.0,10036.224000000031,3394.125253094383,1,2,False
receiver,3.5,40.0,0.4,0.0075,one_way,minimum_traffic_feasible,0.511422372380157,0.0,0.006437739227085344,0.0,10036.224000000031,3394.125253094383,1,2,False
receiver,3.75,40.0,0.4,0.0075,one_way,minimum_traffic_feasible,0.511422372380157,0.0,0.006437739227085344,0.0,10036.224000000031,3394.125253094383,1,2,False
receiver,4.0,40.0,0.4,0.0075,one_way,minimum_traffic_feasible,0.511422372380157,0.0,0.006437739227085344,0.0,10036.224000000031,3394.125253094383,1,2,False
receiver,4.25,40.0,0.4,0.0075,infeasible,no_communication_case_meets_requirements,0.04379947697890785,0.0,0.015379870979270549,0.0,10036.224000000031,3394.125253094383,1,2,False
receiver,4.5,40.0,0.4,0.0075,infeasible,no_communication_case_meets_requirements,0.04379947697890785,0.0,0.015379870979270549,0.0,10036.224000000031,3394.125253094383,1,2,False
receiver,4.75,40.0,0.4,0.0075,infeasible,no_communication_case_meets_requirements,0.04379947697890785,0.0,0.015379870979270549,0.0,10036.224000000031,3394.125253094383,1,2,False
receiver,5.0,40.0,0.4,0.0075,infeasible,no_communication_case_meets_requirements,0.0037510955469110237,0.0,0.024241522903033906,0.0,10036.224000000031,3394.125253094383,1,2,False
receiver,5.25,40.0,0.4,0.0075,infeasible,no_communication_case_meets_requirements,0.0,0.0,0.0,0.0,10036.224000000031,3394.125253094383,1,2,False
receiver,5.5,40.0,0.4,0.0075,infeasible,no_communication_case_meets_requirements,0.0,0.0,0.0,0.0,10036.224000000031,3394.125253094383,1,2,False
receiver,5.75,40.0,0.4,0.0075,infeasible,no_communication_case_meets_requirements,0.0,0.0,0.0,0.0,10036.224000000031,3394.125253094383,1,2,False
receiver,6.0,40.0,0.4,0.0075,infeasible,no_communication_case_meets_requirements,0.0,0.0,0.0,0.0,10036.224000000031,3394.125253094383,1,2,False
receiver,6.25,40.0,0.4,0.0075,infeasible,no_communication_case_meets_requirements,0.0,0.0,0.0,0.0,10036.224000000031,3394.125253094383,1,2,False
receiver,6.5,40.0,0.4,0.0075,infeasible,no_communication_case_meets_requirements,0.0,0.0,0.0,0.0,10036.224000000031,3394.125253094383,1,2,False
receiver,6.75,40.0,0.4,0.0075,infeasible,no_communication_case_meets_requirements,0.0,0.0,0.0,0.0,10036.224000000031,3394.125253094383,1,2,False
receiver,7.0,40.0,0.4,0.0075,infeasible,no_communication_case_meets_requirements,0.0,0.0,0.0,0.0,10036.224000000031,3394.125253094383,1,2,False
receiver,7.25,40.0,0.4,0.0075,infeasible,no_communication_case_meets_requirements,0.0,0.0,0.0,0.0,10036.224000000031,3394.125253094383,1,2,False
receiver,7.5,40.0,0.4,0.0075,infeasible,no_communication_case_meets_requirements,0.0,0.0,0.0,0.0,10036.224000000031,3394.125253094383,1,2,False
receiver,7.75,40.0,0.4,0.0075,infeasible,no_communication_case_meets_requirements,0.0,0.0,0.0,0.0,10036.224000000031,3394.125253094383,1,2,False
receiver,8.0,40.0,0.4,0.0075,infeasible,no_communication_case_meets_requirements,0.0,0.0,0.0,0.0,10036.224000000031,3394.125253094383,1,2,False
receiver,0.0,40.5,0.4,0.0075,feedback,minimum_traffic_feasible,0.511422372380157,0.511422372380157,0.006437739227085344,0.006437739227085344,10036.224000000031,3394.125253094383,1,2,False
receiver,0.25,40.5,0.4,0.0075,feedback,minimum_traffic_feasible,0.511422372380157,0.511422372380157,0.006437739227085344,0.006437739227085344,10036.224000000031,3394.125253094383,1,2,False
receiver,0.5,40.5,0.4,0.0075,feedback,minimum_traffic_feasible,0.511422372380157,0.511422372380157,0.006437739227085344,0.006437739227085344,10036.224000000031,3394.125253094383,1,2,False
receiver,0.75,40.5,0.4,0.0075,feedback,minimum_traffic_feasible,0.511422372380157,0.511422372380157,0.006437739227085344,0.006437739227085344,10036.224000000031,3394.125253094383,1,2,False
receiver,1.0,40.5,0.4,0.0075,feedback,minimum_traffic_feasible,0.511422372380157,0.511422372380157,0.006437739227085344,0.006437739227085344,10036.224000000031,3394.125253094383,1,2,False
receiver,1.25,40.5,0.4,0.0075,feedback,minimum_traffic_feasible,0.511422372380157,0.511422372380157,0.006437739227085344,0.006437739227085344,10036.224000000031,3394.125253094383,1,2,False
receiver,1.5,40.5,0.4,0.0075,feedback,minimum_traffic_feasible,0.511422372380157,0.511422372380157,0.006437739227085344,0.006437739227085344,10036.224000000031,3394.125253094383,1,2,False
receiver,1.75,40.5,0.4,0.0075,feedback,minimum_traffic_feasible,0.511422372380157,0.511422372380157,0.006437739227085344,0.006437739227085344,10036.224000000031,3394.125253094383,1,2,False
receiver,2.0,40.5,0.4,0.0075,feedback,minimum_traffic_feasible,0.511422372380157,0.511422372380157,0.006437739227085344,0.006437739227085344,10036.224000000031,3394.125253094383,1,2,False
receiver,2.25,40.5,0.4,0.0075,feedback,minimum_traffic_feasible,0.511422372380157,0.46338466121702576,0.006437739227085344,0.005609426354281838,10036.224000000031,3394.125253094383,1,2,False
receiver,2.5,40.5,0.4,0.0075,feedback,minimum_traffic_feasible,0.511422372380157,0.42333627978502897,0.006437739227085344,0.004763645807870683,10036.224000000031,3394.125253094383,1,2,False
receiver,2.75,40.5,0.4,0.0075,one_way,minimum_traffic_feasible,0.511422372380157,0.0,0.006437739227085344,0.0,10036.224000000031,3394.125253094383,1,2,False
receiver,3.0,40.5,0.4,0.0075,one_way,minimum_traffic_feasible,0.511422372380157,0.0,0.006437739227085344,0.0,10036.224000000031,3394.125253094383,1,2,False
receiver,3.25,40.5,0.4,0.0075,one_way,minimum_traffic_feasible,0.511422372380157,0.0,0.006437739227085344,0.0,10036.224000000031,3394.125253094383,1,2,False
receiver,3.5,40.5,0.4,0.0075,one_way,minimum_traffic_feasible,0.511422372380157,0.0,0.006437739227085344,0.0,10036.224000000031,3394.125253094383,1,2,False
receiver,3.75,40.5,0.4,0.0075,one_way,minimum_traffic_feasible,0.511422372380157,0.0,0.006437739227085344,0.0,10036.224000000031,3394.125253094383,1,2,False
receiver,4.0,40.5,0.4,0.0075,one_way,minimum_traffic_feasible,0.511422372380157,0.0,0.006437739227085344,0.0,10036.224000000031,3394.125253094383,1,2,False
receiver,4.25,40.5,0.4,0.0075,infeasible,no_communication_case_meets_requirements,0.04379947697890785,0.0,0.015379870979270549,0.0,10036.224000000031,3394.125253094383,1,2,False
receiver,4.5,40.5,0.4,0.0075,infeasible,no_communication_case_meets_requirements,0.04379947697890785,0.0,0.015379870979270549,0.0,10036.224000000031,3394.125253094383,1,2,False
receiver,4.75,40.5,0.4,0.0075,infeasible,no_communication_case_meets_requirements,0.04379947697890785,0.0,0.015379870979270549,0.0,10036.224000000031,3394.125253094383,1,2,False
receiver,5.0,40.5,0.4,0.0075,infeasible,no_communication_case_meets_requirements,0.0037510955469110237,0.0,0.024241522903033906,0.0,10036.224000000031,3394.125253094383,1,2,False
receiver,5.25,40.5,0.4,0.0075,infeasible,no_communication_case_meets_requirements,0.0,0.0,0.0,0.0,10036.224000000031,3394.125253094383,1,2,False
receiver,5.5,40.5,0.4,0.0075,infeasible,no_communication_case_meets_requirements,0.0,0.0,0.0,0.0,10036.224000000031,3394.125253094383,1,2,False
receiver,5.75,40.5,0.4,0.0075,infeasible,no_communication_case_meets_requirements,0.0,0.0,0.0,0.0,10036.224000000031,3394.125253094383,1,2,False
receiver,6.0,40.5,0.4,0.0075,infeasible,no_communication_case_meets_requirements,0.0,0.0,0.0,0.0,10036.224000000031,3394.125253094383,1,2,False
receiver,6.25,40.5,0.4,0.0075,infeasible,no_communication_case_meets_requirements,0.0,0.0,0.0,0.0,10036.224000000031,3394.125253094383,1,2,False
receiver,6.5,40.5,0.4,0.0075,infeasible,no_communication_case_meets_requirements,0.0,0.0,0.0,0.0,10036.224000000031,3394.125253094383,1,2,False
receiver,6.75,40.5,0.4,0.0075,infeasible,no_communication_case_meets_requirements,0.0,0.0,0.0,0.0,10036.224000000031,3394.125253094383,1,2,False
receiver,7.0,40.5,0.4,0.0075,infeasible,no_communication_case_meets_requirements,0.0,0.0,0.0,0.0,10036.224000000031,3394.125253094383,1,2,False
receiver,7.25,40.5,0.4,0.0075,infeasible,no_communication_case_meets_requirements,0.0,0.0,0.0,0.0,10036.224000000031,3394.125253094383,1,2,False
receiver,7.5,40.5,0.4,0.0075,infeasible,no_communication_case_meets_requirements,0.0,0.0,0.0,0.0,10036.224000000031,3394.125253094383,1,2,False
receiver,7.75,40.5,0.4,0.0075,infeasible,no_communication_case_meets_requirements,0.0,0.0,0.0,0.0,10036.224000000031,3394.125253094383,1,2,False
receiver,8.0,40.5,0.4,0.0075,infeasible,no_communication_case_meets_requirements,0.0,0.0,0.0,0.0,10036.224000000031,3394.125253094383,1,2,False
receiver,0.0,41.0,0.4,0.0075,feedback,minimum_traffic_feasible,0.511422372380157,0.511422372380157,0.006437739227085344,0.006437739227085344,10036.224000000031,3394.125253094383,1,2,False
receiver,0.25,41.0,0.4,0.0075,feedback,minimum_traffic_feasible,0.511422372380157,0.511422372380157,0.006437739227085344,0.006437739227085344,10036.224000000031,3394.125253094383,1,2,False
receiver,0.5,41.0,0.4,0.0075,feedback,minimum_traffic_feasible,0.511422372380157,0.511422372380157,0.006437739227085344,0.006437739227085344,10036.224000000031,3394.125253094383,1,2,False
receiver,0.75,41.0,0.4,0.0075,feedback,minimum_traffic_feasible,0.511422372380157,0.511422372380157,0.006437739227085344,0.006437739227085344,10036.224000000031,3394.125253094383,1,2,False
receiver,1.0,41.0,0.4,0.0075,feedback,minimum_traffic_feasible,0.511422372380157,0.511422372380157,0.006437739227085344,0.006437739227085344,10036.224000000031,3394.125253094383,1,2,False
receiver,1.25,41.0,0.4,0.0075,feedback,minimum_traffic_feasible,0.511422372380157,0.511422372380157,0.006437739227085344,0.006437739227085344,10036.224000000031,3394.125253094383,1,2,False
receiver,1.5,41.0,0.4,0.0075,feedback,minimum_traffic_feasible,0.511422372380157,0.511422372380157,0.006437739227085344,0.006437739227085344,10036.224000000031,3394.125253094383,1,2,False
receiver,1.75,41.0,0.4,0.0075,feedback,minimum_traffic_feasible,0.511422372380157,0.511422372380157,0.006437739227085344,0.006437739227085344,10036.224000000031,3394.125253094383,1,2,False
receiver,2.0,41.0,0.4,0.0075,feedback,minimum_traffic_feasible,0.511422372380157,0.511422372380157,0.006437739227085344,0.006437739227085344,10036.224000000031,3394.125253094383,1,2,False
receiver,2.25,41.0,0.4,0.0075,feedback,minimum_traffic_feasible,0.511422372380157,0.46338466121702576,0.006437739227085344,0.005609426354281838,10036.224000000031,3394.125253094383,1,2,False
receiver,2.5,41.0,0.4,0.0075,feedback,minimum_traffic_feasible,0.511422372380157,0.42333627978502897,0.006437739227085344,0.004763645807870683,10036.224000000031,3394.125253094383,1,2,False
receiver,2.75,41.0,0.4,0.0075,one_way,minimum_traffic_feasible,0.511422372380157,0.0,0.006437739227085344,0.0,10036.224000000031,3394.125253094383,1,2,False
receiver,3.0,41.0,0.4,0.0075,one_way,minimum_traffic_feasible,0.511422372380157,0.0,0.006437739227085344,0.0,10036.224000000031,3394.125253094383,1,2,False
receiver,3.25,41.0,0.4,0.0075,one_way,minimum_traffic_feasible,0.511422372380157,0.0,0.006437739227085344,0.0,10036.224000000031,3394.125253094383,1,2,False
receiver,3.5,41.0,0.4,0.0075,one_way,minimum_traffic_feasible,0.511422372380157,0.0,0.006437739227085344,0.0,10036.224000000031,3394.125253094383,1,2,False
receiver,3.75,41.0,0.4,0.0075,one_way,minimum_traffic_feasible,0.511422372380157,0.0,0.006437739227085344,0.0,10036.224000000031,3394.125253094383,1,2,False
receiver,4.0,41.0,0.4,0.0075,one_way,minimum_traffic_feasible,0.511422372380157,0.0,0.006437739227085344,0.0,10036.224000000031,3394.125253094383,1,2,False
receiver,4.25,41.0,0.4,0.0075,infeasible,no_communication_case_meets_requirements,0.04379947697890785,0.0,0.015379870979270549,0.0,10036.224000000031,3394.125253094383,1,2,False
receiver,4.5,41.0,0.4,0.0075,infeasible,no_communication_case_meets_requirements,0.04379947697890785,0.0,0.015379870979270549,0.0,10036.224000000031,3394.125253094383,1,2,False
receiver,4.75,41.0,0.4,0.0075,infeasible,no_communication_case_meets_requirements,0.04379947697890785,0.0,0.015379870979270549,0.0,10036.224000000031,3394.125253094383,1,2,False
receiver,5.0,41.0,0.4,0.0075,infeasible,no_communication_case_meets_requirements,0.0037510955469110237,0.0,0.024241522903033906,0.0,10036.224000000031,3394.125253094383,1,2,False
receiver,5.25,41.0,0.4,0.0075,infeasible,no_communication_case_meets_requirements,0.0,0.0,0.0,0.0,10036.224000000031,3394.125253094383,1,2,False
receiver,5.5,41.0,0.4,0.0075,infeasible,no_communication_case_meets_requirements,0.0,0.0,0.0,0.0,10036.224000000031,3394.125253094383,1,2,False
receiver,5.75,41.0,0.4,0.0075,infeasible,no_communication_case_meets_requirements,0.0,0.0,0.0,0.0,10036.224000000031,3394.125253094383,1,2,False
receiver,6.0,41.0,0.4,0.0075,infeasible,no_communication_case_meets_requirements,0.0,0.0,0.0,0.0,10036.224000000031,3394.125253094383,1,2,False
receiver,6.25,41.0,0.4,0.0075,infeasible,no_communication_case_meets_requirements,0.0,0.0,0.0,0.0,10036.224000000031,3394.125253094383,1,2,False
receiver,6.5,41.0,0.4,0.0075,infeasible,no_communication_case_meets_requirements,0.0,0.0,0.0,0.0,10036.224000000031,3394.125253094383,1,2,False
receiver,6.75,41.0,0.4,0.0075,infeasible,no_communication_case_meets_requirements,0.0,0.0,0.0,0.0,10036.224000000031,3394.125253094383,1,2,False
receiver,7.0,41.0,0.4,0.0075,infeasible,no_communication_case_meets_requirements,0.0,0.0,0.0,0.0,10036.224000000031,3394.125253094383,1,2,False
receiver,7.25,41.0,0.4,0.0075,infeasible,no_communication_case_meets_requirements,0.0,0.0,0.0,0.0,10036.224000000031,3394.125253094383,1,2,False
receiver,7.5,41.0,0.4,0.0075,infeasible,no_communication_case_meets_requirements,0.0,0.0,0.0,0.0,10036.224000000031,3394.125253094383,1,2,False
receiver,7.75,41.0,0.4,0.0075,infeasible,no_communication_case_meets_requirements,0.0,0.0,0.0,0.0,10036.224000000031,3394.125253094383,1,2,False
receiver,8.0,41.0,0.4,0.0075,infeasible,no_communication_case_meets_requirements,0.0,0.0,0.0,0.0,10036.224000000031,3394.125253094383,1,2,False
receiver,0.0,41.5,0.4,0.0075,feedback,minimum_traffic_feasible,0.511422372380157,0.511422372380157,0.006437739227085344,0.006437739227085344,10036.224000000031,3394.125253094383,1,2,False
receiver,0.25,41.5,0.4,0.0075,feedback,minimum_traffic_feasible,0.511422372380157,0.511422372380157,0.006437739227085344,0.006437739227085344,10036.224000000031,3394.125253094383,1,2,False
receiver,0.5,41.5,0.4,0.0075,feedback,minimum_traffic_feasible,0.511422372380157,0.511422372380157,0.006437739227085344,0.006437739227085344,10036.224000000031,3394.125253094383,1,2,False
receiver,0.75,41.5,0.4,0.0075,feedback,minimum_traffic_feasible,0.511422372380157,0.511422372380157,0.006437739227085344,0.006437739227085344,10036.224000000031,3394.125253094383,1,2,False
receiver,1.0,41.5,0.4,0.0075,feedback,minimum_traffic_feasible,0.511422372380157,0.511422372380157,0.006437739227085344,0.006437739227085344,10036.224000000031,3394.125253094383,1,2,False
receiver,1.25,41.5,0.4,0.0075,feedback,minimum_traffic_feasible,0.511422372380157,0.511422372380157,0.006437739227085344,0.006437739227085344,10036.224000000031,3394.125253094383,1,2,False
receiver,1.5,41.5,0.4,0.0075,feedback,minimum_traffic_feasible,0.511422372380157,0.511422372380157,0.006437739227085344,0.006437739227085344,10036.224000000031,3394.125253094383,1,2,False
receiver,1.75,41.5,0.4,0.0075,feedback,minimum_traffic_feasible,0.511422372380157,0.511422372380157,0.006437739227085344,0.006437739227085344,10036.224000000031,3394.125253094383,1,2,False
receiver,2.0,41.5,0.4,0.0075,feedback,minimum_traffic_feasible,0.511422372380157,0.511422372380157,0.006437739227085344,0.006437739227085344,10036.224000000031,3394.125253094383,1,2,False
receiver,2.25,41.5,0.4,0.0075,feedback,minimum_traffic_feasible,0.511422372380157,0.46338466121702576,0.006437739227085344,0.005609426354281838,10036.224000000031,3394.125253094383,1,2,False
receiver,2.5,41.5,0.4,0.0075,feedback,minimum_traffic_feasible,0.511422372380157,0.42333627978502897,0.006437739227085344,0.004763645807870683,10036.224000000031,3394.125253094383,1,2,False
receiver,2.75,41.5,0.4,0.0075,one_way,minimum_traffic_feasible,0.511422372380157,0.0,0.006437739227085344,0.0,10036.224000000031,3394.125253094383,1,2,False
receiver,3.0,41.5,0.4,0.0075,one_way,minimum_traffic_feasible,0.511422372380157,0.0,0.006437739227085344,0.0,10036.224000000031,3394.125253094383,1,2,False
receiver,3.25,41.5,0.4,0.0075,one_way,minimum_traffic_feasible,0.511422372380157,0.0,0.006437739227085344,0.0,10036.224000000031,3394.125253094383,1,2,False
receiver,3.5,41.5,0.4,0.0075,one_way,minimum_traffic_feasible,0.511422372380157,0.0,0.006437739227085344,0.0,10036.224000000031,3394.125253094383,1,2,False
receiver,3.75,41.5,0.4,0.0075,one_way,minimum_traffic_feasible,0.511422372380157,0.0,0.006437739227085344,0.0,10036.224000000031,3394.125253094383,1,2,False
receiver,4.0,41.5,0.4,0.0075,one_way,minimum_traffic_feasible,0.511422372380157,0.0,0.006437739227085344,0.0,10036.224000000031,3394.125253094383,1,2,False
receiver,4.25,41.5,0.4,0.0075,infeasible,no_communication_case_meets_requirements,0.04379947697890785,0.0,0.015379870979270549,0.0,10036.224000000031,3394.125253094383,1,2,False
receiver,4.5,41.5,0.4,0.0075,infeasible,no_communication_case_meets_requirements,0.04379947697890785,0.0,0.015379870979270549,0.0,10036.224000000031,3394.125253094383,1,2,False
receiver,4.75,41.5,0.4,0.0075,infeasible,no_communication_case_meets_requirements,0.04379947697890785,0.0,0.015379870979270549,0.0,10036.224000000031,3394.125253094383,1,2,False
receiver,5.0,41.5,0.4,0.0075,infeasible,no_communication_case_meets_requirements,0.0037510955469110237,0.0,0.024241522903033906,0.0,10036.224000000031,3394.125253094383,1,2,False
receiver,5.25,41.5,0.4,0.0075,infeasible,no_communication_case_meets_requirements,0.0,0.0,0.0,0.0,10036.224000000031,3394.125253094383,1,2,False
receiver,5.5,41.5,0.4,0.0075,infeasible,no_communication_case_meets_requirements,0.0,0.0,0.0,0.0,10036.224000000031,3394.125253094383,1,2,False
receiver,5.75,41.5,0.4,0.0075,infeasible,no_communication_case_meets_requirements,0.0,0.0,0.0,0.0,10036.224000000031,3394.125253094383,1,2,False
receiver,6.0,41.5,0.4,0.0075,infeasible,no_communication_case_meets_requirements,0.0,0.0,0.0,0.0,10036.224000000031,3394.125253094383,1,2,False
receiver,6.25,41.5,0.4,0.0075,infeasible,no_communication_case_meets_requirements,0.0,0.0,0.0,0.0,10036.224000000031,3394.125253094383,1,2,False
receiver,6.5,41.5,0.4,0.0075,infeasible,no_communication_case_meets_requirements,0.0,0.0,0.0,0.0,10036.224000000031,3394.125253094383,1,2,False
receiver,6.75,41.5,0.4,0.0075,infeasible,no_communication_case_meets_requirements,0.0,0.0,0.0,0.0,10036.224000000031,3394.125253094383,1,2,False
receiver,7.0,41.5,0.4,0.0075,infeasible,no_communication_case_meets_requirements,0.0,0.0,0.0,0.0,10036.224000000031,3394.125253094383,1,2,False
receiver,7.25,41.5,0.4,0.0075,infeasible,no_communication_case_meets_requirements,0.0,0.0,0.0,0.0,10036.224000000031,3394.125253094383,1,2,False
receiver,7.5,41.5,0.4,0.0075,infeasible,no_communication_case_meets_requirements,0.0,0.0,0.0,0.0,10036.224000000031,3394.125253094383,1,2,False
receiver,7.75,41.5,0.4,0.0075,infeasible,no_communication_case_meets_requirements,0.0,0.0,0.0,0.0,10036.224000000031,3394.125253094383,1,2,False
receiver,8.0,41.5,0.4,0.0075,infeasible,no_communication_case_meets_requirements,0.0,0.0,0.0,0.0,10036.224000000031,3394.125253094383,1,2,False
receiver,0.0,42.0,0.4,0.0075,feedback,minimum_traffic_feasible,0.511422372380157,0.511422372380157,0.006437739227085344,0.006437739227085344,10036.224000000031,3394.125253094383,1,2,False
receiver,0.25,42.0,0.4,0.0075,feedback,minimum_traffic_feasible,0.511422372380157,0.511422372380157,0.006437739227085344,0.006437739227085344,10036.224000000031,3394.125253094383,1,2,False
receiver,0.5,42.0,0.4,0.0075,feedback,minimum_traffic_feasible,0.511422372380157,0.511422372380157,0.006437739227085344,0.006437739227085344,10036.224000000031,3394.125253094383,1,2,False
receiver,0.75,42.0,0.4,0.0075,feedback,minimum_traffic_feasible,0.511422372380157,0.511422372380157,0.006437739227085344,0.006437739227085344,10036.224000000031,3394.125253094383,1,2,False
receiver,1.0,42.0,0.4,0.0075,feedback,minimum_traffic_feasible,0.511422372380157,0.511422372380157,0.006437739227085344,0.006437739227085344,10036.224000000031,3394.125253094383,1,2,False
receiver,1.25,42.0,0.4,0.0075,feedback,minimum_traffic_feasible,0.511422372380157,0.511422372380157,0.006437739227085344,0.006437739227085344,10036.224000000031,3394.125253094383,1,2,False
receiver,1.5,42.0,0.4,0.0075,feedback,minimum_traffic_feasible,0.511422372380157,0.511422372380157,0.006437739227085344,0.006437739227085344,10036.224000000031,3394.125253094383,1,2,False
receiver,1.75,42.0,0.4,0.0075,feedback,minimum_traffic_feasible,0.511422372380157,0.511422372380157,0.006437739227085344,0.006437739227085344,10036.224000000031,3394.125253094383,1,2,False
receiver,2.0,42.0,0.4,0.0075,feedback,minimum_traffic_feasible,0.511422372380157,0.511422372380157,0.006437739227085344,0.006437739227085344,10036.224000000031,3394.125253094383,1,2,False
receiver,2.25,42.0,0.4,0.0075,feedback,minimum_traffic_feasible,0.511422372380157,0.46338466121702576,0.006437739227085344,0.005609426354281838,10036.224000000031,3394.125253094383,1,2,False
receiver,2.5,42.0,0.4,0.0075,feedback,minimum_traffic_feasible,0.511422372380157,0.42333627978502897,0.006437739227085344,0.004763645807870683,10036.224000000031,3394.125253094383,1,2,False
receiver,2.75,42.0,0.4,0.0075,one_way,minimum_traffic_feasible,0.511422372380157,0.0,0.006437739227085344,0.0,10036.224000000031,3394.125253094383,1,2,False
receiver,3.0,42.0,0.4,0.0075,one_way,minimum_traffic_feasible,0.511422372380157,0.0,0.006437739227085344,0.0,10036.224000000031,3394.125253094383,1,2,False
receiver,3.25,42.0,0.4,0.0075,one_way,minimum_traffic_feasible,0.511422372380157,0.0,0.006437739227085344,0.0,10036.224000000031,3394.125253094383,1,2,False
receiver,3.5,42.0,0.4,0.0075,one_way,minimum_traffic_feasible,0.511422372380157,0.0,0.006437739227085344,0.0,10036.224000000031,3394.125253094383,1,2,False
receiver,3.75,42.0,0.4,0.0075,one_way,minimum_traffic_feasible,0.511422372380157,0.0,0.006437739227085344,0.0,10036.224000000031,3394.125253094383,1,2,False
receiver,4.0,42.0,0.4,0.0075,one_way,minimum_traffic_feasible,0.511422372380157,0.0,0.006437739227085344,0.0,10036.224000000031,3394.125253094383,1,2,False
receiver,4.25,42.0,0.4,0.0075,infeasible,no_communication_case_meets_requirements,0.04379947697890785,0.0,0.015379870979270549,0.0,10036.224000000031,3394.125253094383,1,2,False
receiver,4.5,42.0,0.4,0.0075,infeasible,no_communication_case_meets_requirements,0.04379947697890785,0.0,0.015379870979270549,0.0,10036.224000000031,3394.125253094383,1,2,False
receiver,4.75,42.0,0.4,0.0075,infeasible,no_communication_case_meets_requirements,0.04379947697890785,0.0,0.015379870979270549,0.0,10036.224000000031,3394.125253094383,1,2,False
receiver,5.0,42.0,0.4,0.0075,infeasible,no_communication_case_meets_requirements,0.0037510955469110237,0.0,0.024241522903033906,0.0,10036.224000000031,3394.125253094383,1,2,False
receiver,5.25,42.0,0.4,0.0075,infeasible,no_communication_case_meets_requirements,0.0,0.0,0.0,0.0,10036.224000000031,3394.125253094383,1,2,False
receiver,5.5,42.0,0.4,0.0075,infeasible,no_communication_case_meets_requirements,0.0,0.0,0.0,0.0,10036.224000000031,3394.125253094383,1,2,False
receiver,5.75,42.0,0.4,0.0075,infeasible,no_communication_case_meets_requirements,0.0,0.0,0.0,0.0,10036.224000000031,3394.125253094383,1,2,False
receiver,6.0,42.0,0.4,0.0075,infeasible,no_communication_case_meets_requirements,0.0,0.0,0.0,0.0,10036.224000000031,3394.125253094383,1,2,False
receiver,6.25,42.0,0.4,0.0075,infeasible,no_communication_case_meets_requirements,0.0,0.0,0.0,0.0,10036.224000000031,3394.125253094383,1,2,False
receiver,6.5,42.0,0.4,0.0075,infeasible,no_communication_case_meets_requirements,0.0,0.0,0.0,0.0,10036.224000000031,3394.125253094383,1,2,False
receiver,6.75,42.0,0.4,0.0075,infeasible,no_communication_case_meets_requirements,0.0,0.0,0.0,0.0,10036.224000000031,3394.125253094383,1,2,False
receiver,7.0,42.0,0.4,0.0075,infeasible,no_communication_case_meets_requirements,0.0,0.0,0.0,0.0,10036.224000000031,3394.125253094383,1,2,False
receiver,7.25,42.0,0.4,0.0075,infeasible,no_communication_case_meets_requirements,0.0,0.0,0.0,0.0,10036.224000000031,3394.125253094383,1,2,False
receiver,7.5,42.0,0.4,0.0075,infeasible,no_communication_case_meets_requirements,0.0,0.0,0.0,0.0,10036.224000000031,3394.125253094383,1,2,False
receiver,7.75,42.0,0.4,0.0075,infeasible,no_communication_case_meets_requirements,0.0,0.0,0.0,0.0,10036.224000000031,3394.125253094383,1,2,False
receiver,8.0,42.0,0.4,0.0075,infeasible,no_communication_case_meets_requirements,0.0,0.0,0.0,0.0,10036.224000000031,3394.125253094383,1,2,False
receiver,0.0,42.5,0.4,0.0075,feedback,minimum_traffic_feasible,0.511422372380157,0.511422372380157,0.006437739227085344,0.006437739227085344,10036.224000000031,3394.125253094383,1,2,False
receiver,0.25,42.5,0.4,0.0075,feedback,minimum_traffic_feasible,0.511422372380157,0.511422372380157,0.006437739227085344,0.006437739227085344,10036.224000000031,3394.125253094383,1,2,False
receiver,0.5,42.5,0.4,0.0075,feedback,minimum_traffic_feasible,0.511422372380157,0.511422372380157,0.006437739227085344,0.006437739227085344,10036.224000000031,3394.125253094383,1,2,False
receiver,0.75,42.5,0.4,0.0075,feedback,minimum_traffic_feasible,0.511422372380157,0.511422372380157,0.006437739227085344,0.006437739227085344,10036.224000000031,3394.125253094383,1,2,False
receiver,1.0,42.5,0.4,0.0075,feedback,minimum_traffic_feasible,0.511422372380157,0.511422372380157,0.006437739227085344,0.006437739227085344,10036.224000000031,3394.125253094383,1,2,False
receiver,1.25,42.5,0.4,0.0075,feedback,minimum_traffic_feasible,0.511422372380157,0.511422372380157,0.006437739227085344,0.006437739227085344,10036.224000000031,3394.125253094383,1,2,False
receiver,1.5,42.5,0.4,0.0075,feedback,minimum_traffic_feasible,0.511422372380157,0.511422372380157,0.006437739227085344,0.006437739227085344,10036.224000000031,3394.125253094383,1,2,False
receiver,1.75,42.5,0.4,0.0075,feedback,minimum_traffic_feasible,0.511422372380157,0.511422372380157,0.006437739227085344,0.006437739227085344,10036.224000000031,3394.125253094383,1,2,False
receiver,2.0,42.5,0.4,0.0075,feedback,minimum_traffic_feasible,0.511422372380157,0.511422372380157,0.006437739227085344,0.006437739227085344,10036.224000000031,3394.125253094383,1,2,False
receiver,2.25,42.5,0.4,0.0075,feedback,minimum_traffic_feasible,0.511422372380157,0.46338466121702576,0.006437739227085344,0.005609426354281838,10036.224000000031,3394.125253094383,1,2,False
receiver,2.5,42.5,0.4,0.0075,feedback,minimum_traffic_feasible,0.511422372380157,0.42333627978502897,0.006437739227085344,0.004763645807870683,10036.224000000031,3394.125253094383,1,2,False
receiver,2.75,42.5,0.4,0.0075,one_way,minimum_traffic_feasible,0.511422372380157,0.0,0.006437739227085344,0.0,10036.224000000031,3394.125253094383,1,2,False
receiver,3.0,42.5,0.4,0.0075,one_way,minimum_traffic_feasible,0.511422372380157,0.0,0.006437739227085344,0.0,10036.224000000031,3394.125253094383,1,2,False
receiver,3.25,42.5,0.4,0.0075,one_way,minimum_traffic_feasible,0.511422372380157,0.0,0.006437739227085344,0.0,10036.224000000031,3394.125253094383,1,2,False
receiver,3.5,42.5,0.4,0.0075,one_way,minimum_traffic_feasible,0.511422372380157,0.0,0.006437739227085344,0.0,10036.224000000031,3394.125253094383,1,2,False
receiver,3.75,42.5,0.4,0.0075,one_way,minimum_traffic_feasible,0.511422372380157,0.0,0.006437739227085344,0.0,10036.224000000031,3394.125253094383,1,2,False
receiver,4.0,42.5,0.4,0.0075,one_way,minimum_traffic_feasible,0.511422372380157,0.0,0.006437739227085344,0.0,10036.224000000031,3394.125253094383,1,2,False
receiver,4.25,42.5,0.4,0.0075,infeasible,no_communication_case_meets_requirements,0.04379947697890785,0.0,0.015379870979270549,0.0,10036.224000000031,3394.125253094383,1,2,False
receiver,4.5,42.5,0.4,0.0075,infeasible,no_communication_case_meets_requirements,0.04379947697890785,0.0,0.015379870979270549,0.0,10036.224000000031,3394.125253094383,1,2,False
receiver,4.75,42.5,0.4,0.0075,infeasible,no_communication_case_meets_requirements,0.04379947697890785,0.0,0.015379870979270549,0.0,10036.224000000031,3394.125253094383,1,2,False
receiver,5.0,42.5,0.4,0.0075,infeasible,no_communication_case_meets_requirements,0.0037510955469110237,0.0,0.024241522903033906,0.0,10036.224000000031,3394.125253094383,1,2,False
receiver,5.25,42.5,0.4,0.0075,infeasible,no_communication_case_meets_requirements,0.0,0.0,0.0,0.0,10036.224000000031,3394.125253094383,1,2,False
receiver,5.5,42.5,0.4,0.0075,infeasible,no_communication_case_meets_requirements,0.0,0.0,0.0,0.0,10036.224000000031,3394.125253094383,1,2,False
receiver,5.75,42.5,0.4,0.0075,infeasible,no_communication_case_meets_requirements,0.0,0.0,0.0,0.0,10036.224000000031,3394.125253094383,1,2,False
receiver,6.0,42.5,0.4,0.0075,infeasible,no_communication_case_meets_requirements,0.0,0.0,0.0,0.0,10036.224000000031,3394.125253094383,1,2,False
receiver,6.25,42.5,0.4,0.0075,infeasible,no_communication_case_meets_requirements,0.0,0.0,0.0,0.0,10036.224000000031,3394.125253094383,1,2,False
receiver,6.5,42.5,0.4,0.0075,infeasible,no_communication_case_meets_requirements,0.0,0.0,0.0,0.0,10036.224000000031,3394.125253094383,1,2,False
receiver,6.75,42.5,0.4,0.0075,infeasible,no_communication_case_meets_requirements,0.0,0.0,0.0,0.0,10036.224000000031,3394.125253094383,1,2,False
receiver,7.0,42.5,0.4,0.0075,infeasible,no_communication_case_meets_requirements,0.0,0.0,0.0,0.0,10036.224000000031,3394.125253094383,1,2,False
receiver,7.25,42.5,0.4,0.0075,infeasible,no_communication_case_meets_requirements,0.0,0.0,0.0,0.0,10036.224000000031,3394.125253094383,1,2,False
receiver,7.5,42.5,0.4,0.0075,infeasible,no_communication_case_meets_requirements,0.0,0.0,0.0,0.0,10036.224000000031,3394.125253094383,1,2,False
receiver,7.75,42.5,0.4,0.0075,infeasible,no_communication_case_meets_requirements,0.0,0.0,0.0,0.0,10036.224000000031,3394.125253094383,1,2,False
receiver,8.0,42.5,0.4,0.0075,infeasible,no_communication_case_meets_requirements,0.0,0.0,0.0,0.0,10036.224000000031,3394.125253094383,1,2,False
receiver,0.0,43.0,0.4,0.0075,feedback,minimum_traffic_feasible,0.511422372380157,0.511422372380157,0.006437739227085344,0.006437739227085344,10036.224000000031,3394.125253094383,1,2,False
receiver,0.25,43.0,0.4,0.0075,feedback,minimum_traffic_feasible,0.511422372380157,0.511422372380157,0.006437739227085344,0.006437739227085344,10036.224000000031,3394.125253094383,1,2,False
receiver,0.5,43.0,0.4,0.0075,feedback,minimum_traffic_feasible,0.511422372380157,0.511422372380157,0.006437739227085344,0.006437739227085344,10036.224000000031,3394.125253094383,1,2,False
receiver,0.75,43.0,0.4,0.0075,feedback,minimum_traffic_feasible,0.511422372380157,0.511422372380157,0.006437739227085344,0.006437739227085344,10036.224000000031,3394.125253094383,1,2,False
receiver,1.0,43.0,0.4,0.0075,feedback,minimum_traffic_feasible,0.511422372380157,0.511422372380157,0.006437739227085344,0.006437739227085344,10036.224000000031,3394.125253094383,1,2,False
receiver,1.25,43.0,0.4,0.0075,feedback,minimum_traffic_feasible,0.511422372380157,0.511422372380157,0.006437739227085344,0.006437739227085344,10036.224000000031,3394.125253094383,1,2,False
receiver,1.5,43.0,0.4,0.0075,feedback,minimum_traffic_feasible,0.511422372380157,0.511422372380157,0.006437739227085344,0.006437739227085344,10036.224000000031,3394.125253094383,1,2,False
receiver,1.75,43.0,0.4,0.0075,feedback,minimum_traffic_feasible,0.511422372380157,0.511422372380157,0.006437739227085344,0.006437739227085344,10036.224000000031,3394.125253094383,1,2,False
receiver,2.0,43.0,0.4,0.0075,feedback,minimum_traffic_feasible,0.511422372380157,0.511422372380157,0.006437739227085344,0.006437739227085344,10036.224000000031,3394.125253094383,1,2,False
receiver,2.25,43.0,0.4,0.0075,feedback,minimum_traffic_feasible,0.511422372380157,0.46338466121702576,0.006437739227085344,0.005609426354281838,10036.224000000031,3394.125253094383,1,2,False
receiver,2.5,43.0,0.4,0.0075,feedback,minimum_traffic_feasible,0.511422372380157,0.42333627978502897,0.006437739227085344,0.004763645807870683,10036.224000000031,3394.125253094383,1,2,False
receiver,2.75,43.0,0.4,0.0075,one_way,minimum_traffic_feasible,0.511422372380157,0.0,0.006437739227085344,0.0,10036.224000000031,3394.125253094383,1,2,False
receiver,3.0,43.0,0.4,0.0075,one_way,minimum_traffic_feasible,0.511422372380157,0.0,0.006437739227085344,0.0,10036.224000000031,3394.125253094383,1,2,False
receiver,3.25,43.0,0.4,0.0075,one_way,minimum_traffic_feasible,0.511422372380157,0.0,0.006437739227085344,0.0,10036.224000000031,3394.125253094383,1,2,False
receiver,3.5,43.0,0.4,0.0075,one_way,minimum_traffic_feasible,0.511422372380157,0.0,0.006437739227085344,0.0,10036.224000000031,3394.125253094383,1,2,False
receiver,3.75,43.0,0.4,0.0075,one_way,minimum_traffic_feasible,0.511422372380157,0.0,0.006437739227085344,0.0,10036.224000000031,3394.125253094383,1,2,False
receiver,4.0,43.0,0.4,0.0075,one_way,minimum_traffic_feasible,0.511422372380157,0.0,0.006437739227085344,0.0,10036.224000000031,3394.125253094383,1,2,False
receiver,4.25,43.0,0.4,0.0075,infeasible,no_communication_case_meets_requirements,0.04379947697890785,0.0,0.015379870979270549,0.0,10036.224000000031,3394.125253094383,1,2,False
receiver,4.5,43.0,0.4,0.0075,infeasible,no_communication_case_meets_requirements,0.04379947697890785,0.0,0.015379870979270549,0.0,10036.224000000031,3394.125253094383,1,2,False
receiver,4.75,43.0,0.4,0.0075,infeasible,no_communication_case_meets_requirements,0.04379947697890785,0.0,0.015379870979270549,0.0,10036.224000000031,3394.125253094383,1,2,False
receiver,5.0,43.0,0.4,0.0075,infeasible,no_communication_case_meets_requirements,0.0037510955469110237,0.0,0.024241522903033906,0.0,10036.224000000031,3394.125253094383,1,2,False
receiver,5.25,43.0,0.4,0.0075,infeasible,no_communication_case_meets_requirements,0.0,0.0,0.0,0.0,10036.224000000031,3394.125253094383,1,2,False
receiver,5.5,43.0,0.4,0.0075,infeasible,no_communication_case_meets_requirements,0.0,0.0,0.0,0.0,10036.224000000031,3394.125253094383,1,2,False
receiver,5.75,43.0,0.4,0.0075,infeasible,no_communication_case_meets_requirements,0.0,0.0,0.0,0.0,10036.224000000031,3394.125253094383,1,2,False
receiver,6.0,43.0,0.4,0.0075,infeasible,no_communication_case_meets_requirements,0.0,0.0,0.0,0.0,10036.224000000031,3394.125253094383,1,2,False
receiver,6.25,43.0,0.4,0.0075,infeasible,no_communication_case_meets_requirements,0.0,0.0,0.0,0.0,10036.224000000031,3394.125253094383,1,2,False
receiver,6.5,43.0,0.4,0.0075,infeasible,no_communication_case_meets_requirements,0.0,0.0,0.0,0.0,10036.224000000031,3394.125253094383,1,2,False
receiver,6.75,43.0,0.4,0.0075,infeasible,no_communication_case_meets_requirements,0.0,0.0,0.0,0.0,10036.224000000031,3394.125253094383,1,2,False
receiver,7.0,43.0,0.4,0.0075,infeasible,no_communication_case_meets_requirements,0.0,0.0,0.0,0.0,10036.224000000031,3394.125253094383,1,2,False
receiver,7.25,43.0,0.4,0.0075,infeasible,no_communication_case_meets_requirements,0.0,0.0,0.0,0.0,10036.224000000031,3394.125253094383,1,2,False
receiver,7.5,43.0,0.4,0.0075,infeasible,no_communication_case_meets_requirements,0.0,0.0,0.0,0.0,10036.224000000031,3394.125253094383,1,2,False
receiver,7.75,43.0,0.4,0.0075,infeasible,no_communication_case_meets_requirements,0.0,0.0,0.0,0.0,10036.224000000031,3394.125253094383,1,2,False
receiver,8.0,43.0,0.4,0.0075,infeasible,no_communication_case_meets_requirements,0.0,0.0,0.0,0.0,10036.224000000031,3394.125253094383,1,2,False
receiver,0.0,43.5,0.4,0.0075,feedback,minimum_traffic_feasible,0.511422372380157,0.511422372380157,0.006437739227085344,0.006437739227085344,10036.224000000031,3394.125253094383,1,2,False
receiver,0.25,43.5,0.4,0.0075,feedback,minimum_traffic_feasible,0.511422372380157,0.511422372380157,0.006437739227085344,0.006437739227085344,10036.224000000031,3394.125253094383,1,2,False
receiver,0.5,43.5,0.4,0.0075,feedback,minimum_traffic_feasible,0.511422372380157,0.511422372380157,0.006437739227085344,0.006437739227085344,10036.224000000031,3394.125253094383,1,2,False
receiver,0.75,43.5,0.4,0.0075,feedback,minimum_traffic_feasible,0.511422372380157,0.511422372380157,0.006437739227085344,0.006437739227085344,10036.224000000031,3394.125253094383,1,2,False
receiver,1.0,43.5,0.4,0.0075,feedback,minimum_traffic_feasible,0.511422372380157,0.511422372380157,0.006437739227085344,0.006437739227085344,10036.224000000031,3394.125253094383,1,2,False
receiver,1.25,43.5,0.4,0.0075,feedback,minimum_traffic_feasible,0.511422372380157,0.511422372380157,0.006437739227085344,0.006437739227085344,10036.224000000031,3394.125253094383,1,2,False
receiver,1.5,43.5,0.4,0.0075,feedback,minimum_traffic_feasible,0.511422372380157,0.511422372380157,0.006437739227085344,0.006437739227085344,10036.224000000031,3394.125253094383,1,2,False
receiver,1.75,43.5,0.4,0.0075,feedback,minimum_traffic_feasible,0.511422372380157,0.511422372380157,0.006437739227085344,0.006437739227085344,10036.224000000031,3394.125253094383,1,2,False
receiver,2.0,43.5,0.4,0.0075,feedback,minimum_traffic_feasible,0.511422372380157,0.511422372380157,0.006437739227085344,0.006437739227085344,10036.224000000031,3394.125253094383,1,2,False
receiver,2.25,43.5,0.4,0.0075,feedback,minimum_traffic_feasible,0.511422372380157,0.46338466121702576,0.006437739227085344,0.005609426354281838,10036.224000000031,3394.125253094383,1,2,False
receiver,2.5,43.5,0.4,0.0075,feedback,minimum_traffic_feasible,0.511422372380157,0.42333627978502897,0.006437739227085344,0.004763645807870683,10036.224000000031,3394.125253094383,1,2,False
receiver,2.75,43.5,0.4,0.0075,one_way,minimum_traffic_feasible,0.511422372380157,0.0,0.006437739227085344,0.0,10036.224000000031,3394.125253094383,1,2,False
receiver,3.0,43.5,0.4,0.0075,one_way,minimum_traffic_feasible,0.511422372380157,0.0,0.006437739227085344,0.0,10036.224000000031,3394.125253094383,1,2,False
receiver,3.25,43.5,0.4,0.0075,one_way,minimum_traffic_feasible,0.511422372380157,0.0,0.006437739227085344,0.0,10036.224000000031,3394.125253094383,1,2,False
receiver,3.5,43.5,0.4,0.0075,one_way,minimum_traffic_feasible,0.511422372380157,0.0,0.006437739227085344,0.0,10036.224000000031,3394.125253094383,1,2,False
receiver,3.75,43.5,0.4,0.0075,one_way,minimum_traffic_feasible,0.511422372380157,0.0,0.006437739227085344,0.0,10036.224000000031,3394.125253094383,1,2,False
receiver,4.0,43.5,0.4,0.0075,one_way,minimum_traffic_feasible,0.511422372380157,0.0,0.006437739227085344,0.0,10036.224000000031,3394.125253094383,1,2,False
receiver,4.25,43.5,0.4,0.0075,infeasible,no_communication_case_meets_requirements,0.04379947697890785,0.0,0.015379870979270549,0.0,10036.224000000031,3394.125253094383,1,2,False
receiver,4.5,43.5,0.4,0.0075,infeasible,no_communication_case_meets_requirements,0.04379947697890785,0.0,0.015379870979270549,0.0,10036.224000000031,3394.125253094383,1,2,False
receiver,4.75,43.5,0.4,0.0075,infeasible,no_communication_case_meets_requirements,0.04379947697890785,0.0,0.015379870979270549,0.0,10036.224000000031,3394.125253094383,1,2,False
receiver,5.0,43.5,0.4,0.0075,infeasible,no_communication_case_meets_requirements,0.0037510955469110237,0.0,0.024241522903033906,0.0,10036.224000000031,3394.125253094383,1,2,False
receiver,5.25,43.5,0.4,0.0075,infeasible,no_communication_case_meets_requirements,0.0,0.0,0.0,0.0,10036.224000000031,3394.125253094383,1,2,False
receiver,5.5,43.5,0.4,0.0075,infeasible,no_communication_case_meets_requirements,0.0,0.0,0.0,0.0,10036.224000000031,3394.125253094383,1,2,False
receiver,5.75,43.5,0.4,0.0075,infeasible,no_communication_case_meets_requirements,0.0,0.0,0.0,0.0,10036.224000000031,3394.125253094383,1,2,False
receiver,6.0,43.5,0.4,0.0075,infeasible,no_communication_case_meets_requirements,0.0,0.0,0.0,0.0,10036.224000000031,3394.125253094383,1,2,False
receiver,6.25,43.5,0.4,0.0075,infeasible,no_communication_case_meets_requirements,0.0,0.0,0.0,0.0,10036.224000000031,3394.125253094383,1,2,False
receiver,6.5,43.5,0.4,0.0075,infeasible,no_communication_case_meets_requirements,0.0,0.0,0.0,0.0,10036.224000000031,3394.125253094383,1,2,False
receiver,6.75,43.5,0.4,0.0075,infeasible,no_communication_case_meets_requirements,0.0,0.0,0.0,0.0,10036.224000000031,3394.125253094383,1,2,False
receiver,7.0,43.5,0.4,0.0075,infeasible,no_communication_case_meets_requirements,0.0,0.0,0.0,0.0,10036.224000000031,3394.125253094383,1,2,False
receiver,7.25,43.5,0.4,0.0075,infeasible,no_communication_case_meets_requirements,0.0,0.0,0.0,0.0,10036.224000000031,3394.125253094383,1,2,False
receiver,7.5,43.5,0.4,0.0075,infeasible,no_communication_case_meets_requirements,0.0,0.0,0.0,0.0,10036.224000000031,3394.125253094383,1,2,False
receiver,7.75,43.5,0.4,0.0075,infeasible,no_communication_case_meets_requirements,0.0,0.0,0.0,0.0,10036.224000000031,3394.125253094383,1,2,False
receiver,8.0,43.5,0.4,0.0075,infeasible,no_communication_case_meets_requirements,0.0,0.0,0.0,0.0,10036.224000000031,3394.125253094383,1,2,False
receiver,0.0,44.0,0.4,0.0075,feedback,minimum_traffic_feasible,0.511422372380157,0.511422372380157,0.006437739227085344,0.006437739227085344,10036.224000000031,3394.125253094383,1,2,False
receiver,0.25,44.0,0.4,0.0075,feedback,minimum_traffic_feasible,0.511422372380157,0.511422372380157,0.006437739227085344,0.006437739227085344,10036.224000000031,3394.125253094383,1,2,False
receiver,0.5,44.0,0.4,0.0075,feedback,minimum_traffic_feasible,0.511422372380157,0.511422372380157,0.006437739227085344,0.006437739227085344,10036.224000000031,3394.125253094383,1,2,False
receiver,0.75,44.0,0.4,0.0075,feedback,minimum_traffic_feasible,0.511422372380157,0.511422372380157,0.006437739227085344,0.006437739227085344,10036.224000000031,3394.125253094383,1,2,False
receiver,1.0,44.0,0.4,0.0075,feedback,minimum_traffic_feasible,0.511422372380157,0.511422372380157,0.006437739227085344,0.006437739227085344,10036.224000000031,3394.125253094383,1,2,False
receiver,1.25,44.0,0.4,0.0075,feedback,minimum_traffic_feasible,0.511422372380157,0.511422372380157,0.006437739227085344,0.006437739227085344,10036.224000000031,3394.125253094383,1,2,False
receiver,1.5,44.0,0.4,0.0075,feedback,minimum_traffic_feasible,0.511422372380157,0.511422372380157,0.006437739227085344,0.006437739227085344,10036.224000000031,3394.125253094383,1,2,False
receiver,1.75,44.0,0.4,0.0075,feedback,minimum_traffic_feasible,0.511422372380157,0.511422372380157,0.006437739227085344,0.006437739227085344,10036.224000000031,3394.125253094383,1,2,False
receiver,2.0,44.0,0.4,0.0075,feedback,minimum_traffic_feasible,0.511422372380157,0.511422372380157,0.006437739227085344,0.006437739227085344,10036.224000000031,3394.125253094383,1,2,False
receiver,2.25,44.0,0.4,0.0075,feedback,minimum_traffic_feasible,0.511422372380157,0.46338466121702576,0.006437739227085344,0.005609426354281838,10036.224000000031,3394.125253094383,1,2,False
receiver,2.5,44.0,0.4,0.0075,feedback,minimum_traffic_feasible,0.511422372380157,0.42333627978502897,0.006437739227085344,0.004763645807870683,10036.224000000031,3394.125253094383,1,2,False
receiver,2.75,44.0,0.4,0.0075,one_way,minimum_traffic_feasible,0.511422372380157,0.0,0.006437739227085344,0.0,10036.224000000031,3394.125253094383,1,2,False
receiver,3.0,44.0,0.4,0.0075,one_way,minimum_traffic_feasible,0.511422372380157,0.0,0.006437739227085344,0.0,10036.224000000031,3394.125253094383,1,2,False
receiver,3.25,44.0,0.4,0.0075,one_way,minimum_traffic_feasible,0.511422372380157,0.0,0.006437739227085344,0.0,10036.224000000031,3394.125253094383,1,2,False
receiver,3.5,44.0,0.4,0.0075,one_way,minimum_traffic_feasible,0.511422372380157,0.0,0.006437739227085344,0.0,10036.224000000031,3394.125253094383,1,2,False
receiver,3.75,44.0,0.4,0.0075,one_way,minimum_traffic_feasible,0.511422372380157,0.0,0.006437739227085344,0.0,10036.224000000031,3394.125253094383,1,2,False
receiver,4.0,44.0,0.4,0.0075,one_way,minimum_traffic_feasible,0.511422372380157,0.0,0.006437739227085344,0.0,10036.224000000031,3394.125253094383,1,2,False
receiver,4.25,44.0,0.4,0.0075,infeasible,no_communication_case_meets_requirements,0.04379947697890785,0.0,0.015379870979270549,0.0,10036.224000000031,3394.125253094383,1,2,False
receiver,4.5,44.0,0.4,0.0075,infeasible,no_communication_case_meets_requirements,0.04379947697890785,0.0,0.015379870979270549,0.0,10036.224000000031,3394.125253094383,1,2,False
receiver,4.75,44.0,0.4,0.0075,infeasible,no_communication_case_meets_requirements,0.04379947697890785,0.0,0.015379870979270549,0.0,10036.224000000031,3394.125253094383,1,2,False
receiver,5.0,44.0,0.4,0.0075,infeasible,no_communication_case_meets_requirements,0.0037510955469110237,0.0,0.024241522903033906,0.0,10036.224000000031,3394.125253094383,1,2,False
receiver,5.25,44.0,0.4,0.0075,infeasible,no_communication_case_meets_requirements,0.0,0.0,0.0,0.0,10036.224000000031,3394.125253094383,1,2,False
receiver,5.5,44.0,0.4,0.0075,infeasible,no_communication_case_meets_requirements,0.0,0.0,0.0,0.0,10036.224000000031,3394.125253094383,1,2,False
receiver,5.75,44.0,0.4,0.0075,infeasible,no_communication_case_meets_requirements,0.0,0.0,0.0,0.0,10036.224000000031,3394.125253094383,1,2,False
receiver,6.0,44.0,0.4,0.0075,infeasible,no_communication_case_meets_requirements,0.0,0.0,0.0,0.0,10036.224000000031,3394.125253094383,1,2,False
receiver,6.25,44.0,0.4,0.0075,infeasible,no_communication_case_meets_requirements,0.0,0.0,0.0,0.0,10036.224000000031,3394.125253094383,1,2,False
receiver,6.5,44.0,0.4,0.0075,infeasible,no_communication_case_meets_requirements,0.0,0.0,0.0,0.0,10036.224000000031,3394.125253094383,1,2,False
receiver,6.75,44.0,0.4,0.0075,infeasible,no_communication_case_meets_requirements,0.0,0.0,0.0,0.0,10036.224000000031,3394.125253094383,1,2,False
receiver,7.0,44.0,0.4,0.0075,infeasible,no_communication_case_meets_requirements,0.0,0.0,0.0,0.0,10036.224000000031,3394.125253094383,1,2,False
receiver,7.25,44.0,0.4,0.0075,infeasible,no_communication_case_meets_requirements,0.0,0.0,0.0,0.0,10036.224000000031,3394.125253094383,1,2,False
receiver,7.5,44.0,0.4,0.0075,infeasible,no_communication_case_meets_requirements,0.0,0.0,0.0,0.0,10036.224000000031,3394.125253094383,1,2,False
receiver,7.75,44.0,0.4,0.0075,infeasible,no_communication_case_meets_requirements,0.0,0.0,0.0,0.0,10036.224000000031,3394.125253094383,1,2,False
receiver,8.0,44.0,0.4,0.0075,infeasible,no_communication_case_meets_requirements,0.0,0.0,0.0,0.0,10036.224000000031,3394.125253094383,1,2,False
receiver,0.0,44.5,0.4,0.0075,feedback,minimum_traffic_feasible,0.511422372380157,0.511422372380157,0.006437739227085344,0.006437739227085344,10036.224000000031,3394.125253094383,1,2,False
receiver,0.25,44.5,0.4,0.0075,feedback,minimum_traffic_feasible,0.511422372380157,0.511422372380157,0.006437739227085344,0.006437739227085344,10036.224000000031,3394.125253094383,1,2,False
receiver,0.5,44.5,0.4,0.0075,feedback,minimum_traffic_feasible,0.511422372380157,0.511422372380157,0.006437739227085344,0.006437739227085344,10036.224000000031,3394.125253094383,1,2,False
receiver,0.75,44.5,0.4,0.0075,feedback,minimum_traffic_feasible,0.511422372380157,0.511422372380157,0.006437739227085344,0.006437739227085344,10036.224000000031,3394.125253094383,1,2,False
receiver,1.0,44.5,0.4,0.0075,feedback,minimum_traffic_feasible,0.511422372380157,0.511422372380157,0.006437739227085344,0.006437739227085344,10036.224000000031,3394.125253094383,1,2,False
receiver,1.25,44.5,0.4,0.0075,feedback,minimum_traffic_feasible,0.511422372380157,0.511422372380157,0.006437739227085344,0.006437739227085344,10036.224000000031,3394.125253094383,1,2,False
receiver,1.5,44.5,0.4,0.0075,feedback,minimum_traffic_feasible,0.511422372380157,0.511422372380157,0.006437739227085344,0.006437739227085344,10036.224000000031,3394.125253094383,1,2,False
receiver,1.75,44.5,0.4,0.0075,feedback,minimum_traffic_feasible,0.511422372380157,0.511422372380157,0.006437739227085344,0.006437739227085344,10036.224000000031,3394.125253094383,1,2,False
receiver,2.0,44.5,0.4,0.0075,feedback,minimum_traffic_feasible,0.511422372380157,0.511422372380157,0.006437739227085344,0.006437739227085344,10036.224000000031,3394.125253094383,1,2,False
receiver,2.25,44.5,0.4,0.0075,feedback,minimum_traffic_feasible,0.511422372380157,0.46338466121702576,0.006437739227085344,0.005609426354281838,10036.224000000031,3394.125253094383,1,2,False
receiver,2.5,44.5,0.4,0.0075,feedback,minimum_traffic_feasible,0.511422372380157,0.42333627978502897,0.006437739227085344,0.004763645807870683,10036.224000000031,3394.125253094383,1,2,False
receiver,2.75,44.5,0.4,0.0075,one_way,minimum_traffic_feasible,0.511422372380157,0.0,0.006437739227085344,0.0,10036.224000000031,3394.125253094383,1,2,False
receiver,3.0,44.5,0.4,0.0075,one_way,minimum_traffic_feasible,0.511422372380157,0.0,0.006437739227085344,0.0,10036.224000000031,3394.125253094383,1,2,False
receiver,3.25,44.5,0.4,0.0075,one_way,minimum_traffic_feasible,0.511422372380157,0.0,0.006437739227085344,0.0,10036.224000000031,3394.125253094383,1,2,False
receiver,3.5,44.5,0.4,0.0075,one_way,minimum_traffic_feasible,0.511422372380157,0.0,0.006437739227085344,0.0,10036.224000000031,3394.125253094383,1,2,False
receiver,3.75,44.5,0.4,0.0075,one_way,minimum_traffic_feasible,0.511422372380157,0.0,0.006437739227085344,0.0,10036.224000000031,3394.125253094383,1,2,False
receiver,4.0,44.5,0.4,0.0075,one_way,minimum_traffic_feasible,0.511422372380157,0.0,0.006437739227085344,0.0,10036.224000000031,3394.125253094383,1,2,False
receiver,4.25,44.5,0.4,0.0075,infeasible,no_communication_case_meets_requirements,0.04379947697890785,0.0,0.015379870979270549,0.0,10036.224000000031,3394.125253094383,1,2,False
receiver,4.5,44.5,0.4,0.0075,infeasible,no_communication_case_meets_requirements,0.04379947697890785,0.0,0.015379870979270549,0.0,10036.224000000031,3394.125253094383,1,2,False
receiver,4.75,44.5,0.4,0.0075,infeasible,no_communication_case_meets_requirements,0.04379947697890785,0.0,0.015379870979270549,0.0,10036.224000000031,3394.125253094383,1,2,False
receiver,5.0,44.5,0.4,0.0075,infeasible,no_communication_case_meets_requirements,0.0037510955469110237,0.0,0.024241522903033906,0.0,10036.224000000031,3394.125253094383,1,2,False
receiver,5.25,44.5,0.4,0.0075,infeasible,no_communication_case_meets_requirements,0.0,0.0,0.0,0.0,10036.224000000031,3394.125253094383,1,2,False
receiver,5.5,44.5,0.4,0.0075,infeasible,no_communication_case_meets_requirements,0.0,0.0,0.0,0.0,10036.224000000031,3394.125253094383,1,2,False
receiver,5.75,44.5,0.4,0.0075,infeasible,no_communication_case_meets_requirements,0.0,0.0,0.0,0.0,10036.224000000031,3394.125253094383,1,2,False
receiver,6.0,44.5,0.4,0.0075,infeasible,no_communication_case_meets_requirements,0.0,0.0,0.0,0.0,10036.224000000031,3394.125253094383,1,2,False
receiver,6.25,44.5,0.4,0.0075,infeasible,no_communication_case_meets_requirements,0.0,0.0,0.0,0.0,10036.224000000031,3394.125253094383,1,2,False
receiver,6.5,44.5,0.4,0.0075,infeasible,no_communication_case_meets_requirements,0.0,0.0,0.0,0.0,10036.224000000031,3394.125253094383,1,2,False
receiver,6.75,44.5,0.4,0.0075,infeasible,no_communication_case_meets_requirements,0.0,0.0,0.0,0.0,10036.224000000031,3394.125253094383,1,2,False
receiver,7.0,44.5,0.4,0.0075,infeasible,no_communication_case_meets_requirements,0.0,0.0,0.0,0.0,10036.224000000031,3394.125253094383,1,2,False
receiver,7.25,44.5,0.4,0.0075,infeasible,no_communication_case_meets_requirements,0.0,0.0,0.0,0.0,10036.224000000031,3394.125253094383,1,2,False
receiver,7.5,44.5,0.4,0.0075,infeasible,no_communication_case_meets_requirements,0.0,0.0,0.0,0.0,10036.224000000031,3394.125253094383,1,2,False
receiver,7.75,44.5,0.4,0.0075,infeasible,no_communication_case_meets_requirements,0.0,0.0,0.0,0.0,10036.224000000031,3394.125253094383,1,2,False
receiver,8.0,44.5,0.4,0.0075,infeasible,no_communication_case_meets_requirements,0.0,0.0,0.0,0.0,10036.224000000031,3394.125253094383,1,2,False
receiver,0.0,45.0,0.4,0.0075,feedback,minimum_traffic_feasible,0.511422372380157,0.511422372380157,0.006437739227085344,0.006437739227085344,10036.224000000031,3394.125253094383,1,2,False
receiver,0.25,45.0,0.4,0.0075,feedback,minimum_traffic_feasible,0.511422372380157,0.511422372380157,0.006437739227085344,0.006437739227085344,10036.224000000031,3394.125253094383,1,2,False
receiver,0.5,45.0,0.4,0.0075,feedback,minimum_traffic_feasible,0.511422372380157,0.511422372380157,0.006437739227085344,0.006437739227085344,10036.224000000031,3394.125253094383,1,2,False
receiver,0.75,45.0,0.4,0.0075,feedback,minimum_traffic_feasible,0.511422372380157,0.511422372380157,0.006437739227085344,0.006437739227085344,10036.224000000031,3394.125253094383,1,2,False
receiver,1.0,45.0,0.4,0.0075,feedback,minimum_traffic_feasible,0.511422372380157,0.511422372380157,0.006437739227085344,0.006437739227085344,10036.224000000031,3394.125253094383,1,2,False
receiver,1.25,45.0,0.4,0.0075,feedback,minimum_traffic_feasible,0.511422372380157,0.511422372380157,0.006437739227085344,0.006437739227085344,10036.224000000031,3394.125253094383,1,2,False
receiver,1.5,45.0,0.4,0.0075,feedback,minimum_traffic_feasible,0.511422372380157,0.511422372380157,0.006437739227085344,0.006437739227085344,10036.224000000031,3394.125253094383,1,2,False
receiver,1.75,45.0,0.4,0.0075,feedback,minimum_traffic_feasible,0.511422372380157,0.511422372380157,0.006437739227085344,0.006437739227085344,10036.224000000031,3394.125253094383,1,2,False
receiver,2.0,45.0,0.4,0.0075,feedback,minimum_traffic_feasible,0.511422372380157,0.511422372380157,0.006437739227085344,0.006437739227085344,10036.224000000031,3394.125253094383,1,2,False
receiver,2.25,45.0,0.4,0.0075,feedback,minimum_traffic_feasible,0.511422372380157,0.46338466121702576,0.006437739227085344,0.005609426354281838,10036.224000000031,3394.125253094383,1,2,False
receiver,2.5,45.0,0.4,0.0075,feedback,minimum_traffic_feasible,0.511422372380157,0.42333627978502897,0.006437739227085344,0.004763645807870683,10036.224000000031,3394.125253094383,1,2,False
receiver,2.75,45.0,0.4,0.0075,one_way,minimum_traffic_feasible,0.511422372380157,0.0,0.006437739227085344,0.0,10036.224000000031,3394.125253094383,1,2,False
receiver,3.0,45.0,0.4,0.0075,one_way,minimum_traffic_feasible,0.511422372380157,0.0,0.006437739227085344,0.0,10036.224000000031,3394.125253094383,1,2,False
receiver,3.25,45.0,0.4,0.0075,one_way,minimum_traffic_feasible,0.511422372380157,0.0,0.006437739227085344,0.0,10036.224000000031,3394.125253094383,1,2,False
receiver,3.5,45.0,0.4,0.0075,one_way,minimum_traffic_feasible,0.511422372380157,0.0,0.006437739227085344,0.0,10036.224000000031,3394.125253094383,1,2,False
receiver,3.75,45.0,0.4,0.0075,one_way,minimum_traffic_feasible,0.511422372380157,0.0,0.006437739227085344,0.0,10036.224000000031,3394.125253094383,1,2,False
receiver,4.0,45.0,0.4,0.0075,one_way,minimum_traffic_feasible,0.511422372380157,0.0,0.006437739227085344,0.0,10036.224000000031,3394.125253094383,1,2,False
receiver,4.25,45.0,0.4,0.0075,infeasible,no_communication_case_meets_requirements,0.04379947697890785,0.0,0.015379870979270549,0.0,10036.224000000031,3394.125253094383,1,2,False
receiver,4.5,45.0,0.4,0.0075,infeasible,no_communication_case_meets_requirements,0.04379947697890785,0.0,0.015379870979270549,0.0,10036.224000000031,3394.125253094383,1,2,False
receiver,4.75,45.0,0.4,0.0075,infeasible,no_communication_case_meets_requirements,0.04379947697890785,0.0,0.015379870979270549,0.0,10036.224000000031,3394.125253094383,1,2,False
receiver,5.0,45.0,0.4,0.0075,infeasible,no_communication_case_meets_requirements,0.0037510955469110237,0.0,0.024241522903033906,0.0,10036.224000000031,3394.125253094383,1,2,False
receiver,5.25,45.0,0.4,0.0075,infeasible,no_communication_case_meets_requirements,0.0,0.0,0.0,0.0,10036.224000000031,3394.125253094383,1,2,False
receiver,5.5,45.0,0.4,0.0075,infeasible,no_communication_case_meets_requirements,0.0,0.0,0.0,0.0,10036.224000000031,3394.125253094383,1,2,False
receiver,5.75,45.0,0.4,0.0075,infeasible,no_communication_case_meets_requirements,0.0,0.0,0.0,0.0,10036.224000000031,3394.125253094383,1,2,False
receiver,6.0,45.0,0.4,0.0075,infeasible,no_communication_case_meets_requirements,0.0,0.0,0.0,0.0,10036.224000000031,3394.125253094383,1,2,False
receiver,6.25,45.0,0.4,0.0075,infeasible,no_communication_case_meets_requirements,0.0,0.0,0.0,0.0,10036.224000000031,3394.125253094383,1,2,False
receiver,6.5,45.0,0.4,0.0075,infeasible,no_communication_case_meets_requirements,0.0,0.0,0.0,0.0,10036.224000000031,3394.125253094383,1,2,False
receiver,6.75,45.0,0.4,0.0075,infeasible,no_communication_case_meets_requirements,0.0,0.0,0.0,0.0,10036.224000000031,3394.125253094383,1,2,False
receiver,7.0,45.0,0.4,0.0075,infeasible,no_communication_case_meets_requirements,0.0,0.0,0.0,0.0,10036.224000000031,3394.125253094383,1,2,False
receiver,7.25,45.0,0.4,0.0075,infeasible,no_communication_case_meets_requirements,0.0,0.0,0.0,0.0,10036.224000000031,3394.125253094383,1,2,False
receiver,7.5,45.0,0.4,0.0075,infeasible,no_communication_case_meets_requirements,0.0,0.0,0.0,0.0,10036.224000000031,3394.125253094383,1,2,False
receiver,7.75,45.0,0.4,0.0075,infeasible,no_communication_case_meets_requirements,0.0,0.0,0.0,0.0,10036.224000000031,3394.125253094383,1,2,False
receiver,8.0,45.0,0.4,0.0075,infeasible,no_communication_case_meets_requirements,0.0,0.0,0.0,0.0,10036.224000000031,3394.125253094383,1,2,False
receiver,0.0,45.5,0.4,0.0075,feedback,minimum_traffic_feasible,0.511422372380157,0.511422372380157,0.006437739227085344,0.006437739227085344,10036.224000000031,3394.125253094383,1,2,False
receiver,0.25,45.5,0.4,0.0075,feedback,minimum_traffic_feasible,0.511422372380157,0.511422372380157,0.006437739227085344,0.006437739227085344,10036.224000000031,3394.125253094383,1,2,False
receiver,0.5,45.5,0.4,0.0075,feedback,minimum_traffic_feasible,0.511422372380157,0.511422372380157,0.006437739227085344,0.006437739227085344,10036.224000000031,3394.125253094383,1,2,False
receiver,0.75,45.5,0.4,0.0075,feedback,minimum_traffic_feasible,0.511422372380157,0.511422372380157,0.006437739227085344,0.006437739227085344,10036.224000000031,3394.125253094383,1,2,False
receiver,1.0,45.5,0.4,0.0075,feedback,minimum_traffic_feasible,0.511422372380157,0.511422372380157,0.006437739227085344,0.006437739227085344,10036.224000000031,3394.125253094383,1,2,False
receiver,1.25,45.5,0.4,0.0075,feedback,minimum_traffic_feasible,0.511422372380157,0.511422372380157,0.006437739227085344,0.006437739227085344,10036.224000000031,3394.125253094383,1,2,False
receiver,1.5,45.5,0.4,0.0075,feedback,minimum_traffic_feasible,0.511422372380157,0.511422372380157,0.006437739227085344,0.006437739227085344,10036.224000000031,3394.125253094383,1,2,False
receiver,1.75,45.5,0.4,0.0075,feedback,minimum_traffic_feasible,0.511422372380157,0.511422372380157,0.006437739227085344,0.006437739227085344,10036.224000000031,3394.125253094383,1,2,False
receiver,2.0,45.5,0.4,0.0075,feedback,minimum_traffic_feasible,0.511422372380157,0.511422372380157,0.006437739227085344,0.006437739227085344,10036.224000000031,3394.125253094383,1,2,False
receiver,2.25,45.5,0.4,0.0075,feedback,minimum_traffic_feasible,0.511422372380157,0.46338466121702576,0.006437739227085344,0.005609426354281838,10036.224000000031,3394.125253094383,1,2,False
receiver,2.5,45.5,0.4,0.0075,feedback,minimum_traffic_feasible,0.511422372380157,0.42333627978502897,0.006437739227085344,0.004763645807870683,10036.224000000031,3394.125253094383,1,2,False
receiver,2.75,45.5,0.4,0.0075,one_way,minimum_traffic_feasible,0.511422372380157,0.0,0.006437739227085344,0.0,10036.224000000031,3394.125253094383,1,2,False
receiver,3.0,45.5,0.4,0.0075,one_way,minimum_traffic_feasible,0.511422372380157,0.0,0.006437739227085344,0.0,10036.224000000031,3394.125253094383,1,2,False
receiver,3.25,45.5,0.4,0.0075,one_way,minimum_traffic_feasible,0.511422372380157,0.0,0.006437739227085344,0.0,10036.224000000031,3394.125253094383,1,2,False
receiver,3.5,45.5,0.4,0.0075,one_way,minimum_traffic_feasible,0.511422372380157,0.0,0.006437739227085344,0.0,10036.224000000031,3394.125253094383,1,2,False
receiver,3.75,45.5,0.4,0.0075,one_way,minimum_traffic_feasible,0.511422372380157,0.0,0.006437739227085344,0.0,10036.224000000031,3394.125253094383,1,2,False
receiver,4.0,45.5,0.4,0.0075,one_way,minimum_traffic_feasible,0.511422372380157,0.0,0.006437739227085344,0.0,10036.224000000031,3394.125253094383,1,2,False
receiver,4.25,45.5,0.4,0.0075,infeasible,no_communication_case_meets_requirements,0.04379947697890785,0.0,0.015379870979270549,0.0,10036.224000000031,3394.125253094383,1,2,False
receiver,4.5,45.5,0.4,0.0075,infeasible,no_communication_case_meets_requirements,0.04379947697890785,0.0,0.015379870979270549,0.0,10036.224000000031,3394.125253094383,1,2,False
receiver,4.75,45.5,0.4,0.0075,infeasible,no_communication_case_meets_requirements,0.04379947697890785,0.0,0.015379870979270549,0.0,10036.224000000031,3394.125253094383,1,2,False
receiver,5.0,45.5,0.4,0.0075,infeasible,no_communication_case_meets_requirements,0.0037510955469110237,0.0,0.024241522903033906,0.0,10036.224000000031,3394.125253094383,1,2,False
receiver,5.25,45.5,0.4,0.0075,infeasible,no_communication_case_meets_requirements,0.0,0.0,0.0,0.0,10036.224000000031,3394.125253094383,1,2,False
receiver,5.5,45.5,0.4,0.0075,infeasible,no_communication_case_meets_requirements,0.0,0.0,0.0,0.0,10036.224000000031,3394.125253094383,1,2,False
receiver,5.75,45.5,0.4,0.0075,infeasible,no_communication_case_meets_requirements,0.0,0.0,0.0,0.0,10036.224000000031,3394.125253094383,1,2,False
receiver,6.0,45.5,0.4,0.0075,infeasible,no_communication_case_meets_requirements,0.0,0.0,0.0,0.0,10036.224000000031,3394.125253094383,1,2,False
receiver,6.25,45.5,0.4,0.0075,infeasible,no_communication_case_meets_requirements,0.0,0.0,0.0,0.0,10036.224000000031,3394.125253094383,1,2,False
receiver,6.5,45.5,0.4,0.0075,infeasible,no_communication_case_meets_requirements,0.0,0.0,0.0,0.0,10036.224000000031,3394.125253094383,1,2,False
receiver,6.75,45.5,0.4,0.0075,infeasible,no_communication_case_meets_requirements,0.0,0.0,0.0,0.0,10036.224000000031,3394.125253094383,1,2,False
receiver,7.0,45.5,0.4,0.0075,infeasible,no_communication_case_meets_requirements,0.0,0.0,0.0,0.0,10036.224000000031,3394.125253094383,1,2,False
receiver,7.25,45.5,0.4,0.0075,infeasible,no_communication_case_meets_requirements,0.0,0.0,0.0,0.0,10036.224000000031,3394.125253094383,1,2,False
receiver,7.5,45.5,0.4,0.0075,infeasible,no_communication_case_meets_requirements,0.0,0.0,0.0,0.0,10036.224000000031,3394.125253094383,1,2,False
receiver,7.75,45.5,0.4,0.0075,infeasible,no_communication_case_meets_requirements,0.0,0.0,0.0,0.0,10036.224000000031,3394.125253094383,1,2,False
receiver,8.0,45.5,0.4,0.0075,infeasible,no_communication_case_meets_requirements,0.0,0.0,0.0,0.0,10036.224000000031,3394.125253094383,1,2,False
receiver,0.0,46.0,0.4,0.0075,feedback,minimum_traffic_feasible,0.511422372380157,0.511422372380157,0.006437739227085344,0.006437739227085344,10036.224000000031,3394.125253094383,1,2,False
receiver,0.25,46.0,0.4,0.0075,feedback,minimum_traffic_feasible,0.511422372380157,0.511422372380157,0.006437739227085344,0.006437739227085344,10036.224000000031,3394.125253094383,1,2,False
receiver,0.5,46.0,0.4,0.0075,feedback,minimum_traffic_feasible,0.511422372380157,0.511422372380157,0.006437739227085344,0.006437739227085344,10036.224000000031,3394.125253094383,1,2,False
receiver,0.75,46.0,0.4,0.0075,feedback,minimum_traffic_feasible,0.511422372380157,0.511422372380157,0.006437739227085344,0.006437739227085344,10036.224000000031,3394.125253094383,1,2,False
receiver,1.0,46.0,0.4,0.0075,feedback,minimum_traffic_feasible,0.511422372380157,0.511422372380157,0.006437739227085344,0.006437739227085344,10036.224000000031,3394.125253094383,1,2,False
receiver,1.25,46.0,0.4,0.0075,feedback,minimum_traffic_feasible,0.511422372380157,0.511422372380157,0.006437739227085344,0.006437739227085344,10036.224000000031,3394.125253094383,1,2,False
receiver,1.5,46.0,0.4,0.0075,feedback,minimum_traffic_feasible,0.511422372380157,0.511422372380157,0.006437739227085344,0.006437739227085344,10036.224000000031,3394.125253094383,1,2,False
receiver,1.75,46.0,0.4,0.0075,feedback,minimum_traffic_feasible,0.511422372380157,0.511422372380157,0.006437739227085344,0.006437739227085344,10036.224000000031,3394.125253094383,1,2,False
receiver,2.0,46.0,0.4,0.0075,feedback,minimum_traffic_feasible,0.511422372380157,0.511422372380157,0.006437739227085344,0.006437739227085344,10036.224000000031,3394.125253094383,1,2,False
receiver,2.25,46.0,0.4,0.0075,feedback,minimum_traffic_feasible,0.511422372380157,0.46338466121702576,0.006437739227085344,0.005609426354281838,10036.224000000031,3394.125253094383,1,2,False
receiver,2.5,46.0,0.4,0.0075,feedback,minimum_traffic_feasible,0.511422372380157,0.42333627978502897,0.006437739227085344,0.004763645807870683,10036.224000000031,3394.125253094383,1,2,False
receiver,2.75,46.0,0.4,0.0075,one_way,minimum_traffic_feasible,0.511422372380157,0.0,0.006437739227085344,0.0,10036.224000000031,3394.125253094383,1,2,False
receiver,3.0,46.0,0.4,0.0075,one_way,minimum_traffic_feasible,0.511422372380157,0.0,0.006437739227085344,0.0,10036.224000000031,3394.125253094383,1,2,False
receiver,3.25,46.0,0.4,0.0075,one_way,minimum_traffic_feasible,0.511422372380157,0.0,0.006437739227085344,0.0,10036.224000000031,3394.125253094383,1,2,False
receiver,3.5,46.0,0.4,0.0075,one_way,minimum_traffic_feasible,0.511422372380157,0.0,0.006437739227085344,0.0,10036.224000000031,3394.125253094383,1,2,False
receiver,3.75,46.0,0.4,0.0075,one_way,minimum_traffic_feasible,0.511422372380157,0.0,0.006437739227085344,0.0,10036.224000000031,3394.125253094383,1,2,False
receiver,4.0,46.0,0.4,0.0075,one_way,minimum_traffic_feasible,0.511422372380157,0.0,0.006437739227085344,0.0,10036.224000000031,3394.125253094383,1,2,False
receiver,4.25,46.0,0.4,0.0075,infeasible,no_communication_case_meets_requirements,0.04379947697890785,0.0,0.015379870979270549,0.0,10036.224000000031,3394.125253094383,1,2,False
receiver,4.5,46.0,0.4,0.0075,infeasible,no_communication_case_meets_requirements,0.04379947697890785,0.0,0.015379870979270549,0.0,10036.224000000031,3394.125253094383,1,2,False
receiver,4.75,46.0,0.4,0.0075,infeasible,no_communication_case_meets_requirements,0.04379947697890785,0.0,0.015379870979270549,0.0,10036.224000000031,3394.125253094383,1,2,False
receiver,5.0,46.0,0.4,0.0075,infeasible,no_communication_case_meets_requirements,0.0037510955469110237,0.0,0.024241522903033906,0.0,10036.224000000031,3394.125253094383,1,2,False
receiver,5.25,46.0,0.4,0.0075,infeasible,no_communication_case_meets_requirements,0.0,0.0,0.0,0.0,10036.224000000031,3394.125253094383,1,2,False
receiver,5.5,46.0,0.4,0.0075,infeasible,no_communication_case_meets_requirements,0.0,0.0,0.0,0.0,10036.224000000031,3394.125253094383,1,2,False
receiver,5.75,46.0,0.4,0.0075,infeasible,no_communication_case_meets_requirements,0.0,0.0,0.0,0.0,10036.224000000031,3394.125253094383,1,2,False
receiver,6.0,46.0,0.4,0.0075,infeasible,no_communication_case_meets_requirements,0.0,0.0,0.0,0.0,10036.224000000031,3394.125253094383,1,2,False
receiver,6.25,46.0,0.4,0.0075,infeasible,no_communication_case_meets_requirements,0.0,0.0,0.0,0.0,10036.224000000031,3394.125253094383,1,2,False
receiver,6.5,46.0,0.4,0.0075,infeasible,no_communication_case_meets_requirements,0.0,0.0,0.0,0.0,10036.224000000031,3394.125253094383,1,2,False
receiver,6.75,46.0,0.4,0.0075,infeasible,no_communication_case_meets_requirements,0.0,0.0,0.0,0.0,10036.224000000031,3394.125253094383,1,2,False
receiver,7.0,46.0,0.4,0.0075,infeasible,no_communication_case_meets_requirements,0.0,0.0,0.0,0.0,10036.224000000031,3394.125253094383,1,2,False
receiver,7.25,46.0,0.4,0.0075,infeasible,no_communication_case_meets_requirements,0.0,0.0,0.0,0.0,10036.224000000031,3394.125253094383,1,2,False
receiver,7.5,46.0,0.4,0.0075,infeasible,no_communication_case_meets_requirements,0.0,0.0,0.0,0.0,10036.224000000031,3394.125253094383,1,2,False
receiver,7.75,46.0,0.4,0.0075,infeasible,no_communication_case_meets_requirements,0.0,0.0,0.0,0.0,10036.224000000031,3394.125253094383,1,2,False
receiver,8.0,46.0,0.4,0.0075,infeasible,no_communication_case_meets_requirements,0.0,0.0,0.0,0.0,10036.224000000031,3394.125253094383,1,2,False
receiver,0.0,46.5,0.4,0.0075,feedback,minimum_traffic_feasible,0.511422372380157,0.511422372380157,0.006437739227085344,0.006437739227085344,10036.224000000031,3394.125253094383,1,2,False
receiver,0.25,46.5,0.4,0.0075,feedback,minimum_traffic_feasible,0.511422372380157,0.511422372380157,0.006437739227085344,0.006437739227085344,10036.224000000031,3394.125253094383,1,2,False
receiver,0.5,46.5,0.4,0.0075,feedback,minimum_traffic_feasible,0.511422372380157,0.511422372380157,0.006437739227085344,0.006437739227085344,10036.224000000031,3394.125253094383,1,2,False
receiver,0.75,46.5,0.4,0.0075,feedback,minimum_traffic_feasible,0.511422372380157,0.511422372380157,0.006437739227085344,0.006437739227085344,10036.224000000031,3394.125253094383,1,2,False
receiver,1.0,46.5,0.4,0.0075,feedback,minimum_traffic_feasible,0.511422372380157,0.511422372380157,0.006437739227085344,0.006437739227085344,10036.224000000031,3394.125253094383,1,2,False
receiver,1.25,46.5,0.4,0.0075,feedback,minimum_traffic_feasible,0.511422372380157,0.511422372380157,0.006437739227085344,0.006437739227085344,10036.224000000031,3394.125253094383,1,2,False
receiver,1.5,46.5,0.4,0.0075,feedback,minimum_traffic_feasible,0.511422372380157,0.511422372380157,0.006437739227085344,0.006437739227085344,10036.224000000031,3394.125253094383,1,2,False
receiver,1.75,46.5,0.4,0.0075,feedback,minimum_traffic_feasible,0.511422372380157,0.511422372380157,0.006437739227085344,0.006437739227085344,10036.224000000031,3394.125253094383,1,2,False
receiver,2.0,46.5,0.4,0.0075,feedback,minimum_traffic_feasible,0.511422372380157,0.511422372380157,0.006437739227085344,0.006437739227085344,10036.224000000031,3394.125253094383,1,2,False
receiver,2.25,46.5,0.4,0.0075,feedback,minimum_traffic_feasible,0.511422372380157,0.46338466121702576,0.006437739227085344,0.005609426354281838,10036.224000000031,3394.125253094383,1,2,False
receiver,2.5,46.5,0.4,0.0075,feedback,minimum_traffic_feasible,0.511422372380157,0.42333627978502897,0.006437739227085344,0.004763645807870683,10036.224000000031,3394.125253094383,1,2,False
receiver,2.75,46.5,0.4,0.0075,one_way,minimum_traffic_feasible,0.511422372380157,0.0,0.006437739227085344,0.0,10036.224000000031,3394.125253094383,1,2,False
receiver,3.0,46.5,0.4,0.0075,one_way,minimum_traffic_feasible,0.511422372380157,0.0,0.006437739227085344,0.0,10036.224000000031,3394.125253094383,1,2,False
receiver,3.25,46.5,0.4,0.0075,one_way,minimum_traffic_feasible,0.511422372380157,0.0,0.006437739227085344,0.0,10036.224000000031,3394.125253094383,1,2,False
receiver,3.5,46.5,0.4,0.0075,one_way,minimum_traffic_feasible,0.511422372380157,0.0,0.006437739227085344,0.0,10036.224000000031,3394.125253094383,1,2,False
receiver,3.75,46.5,0.4,0.0075,one_way,minimum_traffic_feasible,0.511422372380157,0.0,0.006437739227085344,0.0,10036.224000000031,3394.125253094383,1,2,False
receiver,4.0,46.5,0.4,0.0075,one_way,minimum_traffic_feasible,0.511422372380157,0.0,0.006437739227085344,0.0,10036.224000000031,3394.125253094383,1,2,False
receiver,4.25,46.5,0.4,0.0075,infeasible,no_communication_case_meets_requirements,0.04379947697890785,0.0,0.015379870979270549,0.0,10036.224000000031,3394.125253094383,1,2,False
receiver,4.5,46.5,0.4,0.0075,infeasible,no_communication_case_meets_requirements,0.04379947697890785,0.0,0.015379870979270549,0.0,10036.224000000031,3394.125253094383,1,2,False
receiver,4.75,46.5,0.4,0.0075,infeasible,no_communication_case_meets_requirements,0.04379947697890785,0.0,0.015379870979270549,0.0,10036.224000000031,3394.125253094383,1,2,False
receiver,5.0,46.5,0.4,0.0075,infeasible,no_communication_case_meets_requirements,0.0037510955469110237,0.0,0.024241522903033906,0.0,10036.224000000031,3394.125253094383,1,2,False
receiver,5.25,46.5,0.4,0.0075,infeasible,no_communication_case_meets_requirements,0.0,0.0,0.0,0.0,10036.224000000031,3394.125253094383,1,2,False
receiver,5.5,46.5,0.4,0.0075,infeasible,no_communication_case_meets_requirements,0.0,0.0,0.0,0.0,10036.224000000031,3394.125253094383,1,2,False
receiver,5.75,46.5,0.4,0.0075,infeasible,no_communication_case_meets_requirements,0.0,0.0,0.0,0.0,10036.224000000031,3394.125253094383,1,2,False
receiver,6.0,46.5,0.4,0.0075,infeasible,no_communication_case_meets_requirements,0.0,0.0,0.0,0.0,10036.224000000031,3394.125253094383,1,2,False
receiver,6.25,46.5,0.4,0.0075,infeasible,no_communication_case_meets_requirements,0.0,0.0,0.0,0.0,10036.224000000031,3394.125253094383,1,2,False
receiver,6.5,46.5,0.4,0.0075,infeasible,no_communication_case_meets_requirements,0.0,0.0,0.0,0.0,10036.224000000031,3394.125253094383,1,2,False
receiver,6.75,46.5,0.4,0.0075,infeasible,no_communication_case_meets_requirements,0.0,0.0,0.0,0.0,10036.224000000031,3394.125253094383,1,2,False
receiver,7.0,46.5,0.4,0.0075,infeasible,no_communication_case_meets_requirements,0.0,0.0,0.0,0.0,10036.224000000031,3394.125253094383,1,2,False
receiver,7.25,46.5,0.4,0.0075,infeasible,no_communication_case_meets_requirements,0.0,0.0,0.0,0.0,10036.224000000031,3394.125253094383,1,2,False
receiver,7.5,46.5,0.4,0.0075,infeasible,no_communication_case_meets_requirements,0.0,0.0,0.0,0.0,10036.224000000031,3394.125253094383,1,2,False
receiver,7.75,46.5,0.4,0.0075,infeasible,no_communication_case_meets_requirements,0.0,0.0,0.0,0.0,10036.224000000031,3394.125253094383,1,2,False
receiver,8.0,46.5,0.4,0.0075,infeasible,no_communication_case_meets_requirements,0.0,0.0,0.0,0.0,10036.224000000031,3394.125253094383,1,2,False
receiver,0.0,47.0,0.4,0.0075,feedback,minimum_traffic_feasible,0.511422372380157,0.511422372380157,0.006437739227085344,0.006437739227085344,10036.224000000031,3394.125253094383,1,2,False
receiver,0.25,47.0,0.4,0.0075,feedback,minimum_traffic_feasible,0.511422372380157,0.511422372380157,0.006437739227085344,0.006437739227085344,10036.224000000031,3394.125253094383,1,2,False
receiver,0.5,47.0,0.4,0.0075,feedback,minimum_traffic_feasible,0.511422372380157,0.511422372380157,0.006437739227085344,0.006437739227085344,10036.224000000031,3394.125253094383,1,2,False
receiver,0.75,47.0,0.4,0.0075,feedback,minimum_traffic_feasible,0.511422372380157,0.511422372380157,0.006437739227085344,0.006437739227085344,10036.224000000031,3394.125253094383,1,2,False
receiver,1.0,47.0,0.4,0.0075,feedback,minimum_traffic_feasible,0.511422372380157,0.511422372380157,0.006437739227085344,0.006437739227085344,10036.224000000031,3394.125253094383,1,2,False
receiver,1.25,47.0,0.4,0.0075,feedback,minimum_traffic_feasible,0.511422372380157,0.511422372380157,0.006437739227085344,0.006437739227085344,10036.224000000031,3394.125253094383,1,2,False
receiver,1.5,47.0,0.4,0.0075,feedback,minimum_traffic_feasible,0.511422372380157,0.511422372380157,0.006437739227085344,0.006437739227085344,10036.224000000031,3394.125253094383,1,2,False
receiver,1.75,47.0,0.4,0.0075,feedback,minimum_traffic_feasible,0.511422372380157,0.511422372380157,0.006437739227085344,0.006437739227085344,10036.224000000031,3394.125253094383,1,2,False
receiver,2.0,47.0,0.4,0.0075,feedback,minimum_traffic_feasible,0.511422372380157,0.511422372380157,0.006437739227085344,0.006437739227085344,10036.224000000031,3394.125253094383,1,2,False
receiver,2.25,47.0,0.4,0.0075,feedback,minimum_traffic_feasible,0.511422372380157,0.46338466121702576,0.006437739227085344,0.005609426354281838,10036.224000000031,3394.125253094383,1,2,False
receiver,2.5,47.0,0.4,0.0075,feedback,minimum_traffic_feasible,0.511422372380157,0.42333627978502897,0.006437739227085344,0.004763645807870683,10036.224000000031,3394.125253094383,1,2,False
receiver,2.75,47.0,0.4,0.0075,one_way,minimum_traffic_feasible,0.511422372380157,0.0,0.006437739227085344,0.0,10036.224000000031,3394.125253094383,1,2,False
receiver,3.0,47.0,0.4,0.0075,one_way,minimum_traffic_feasible,0.511422372380157,0.0,0.006437739227085344,0.0,10036.224000000031,3394.125253094383,1,2,False
receiver,3.25,47.0,0.4,0.0075,one_way,minimum_traffic_feasible,0.511422372380157,0.0,0.006437739227085344,0.0,10036.224000000031,3394.125253094383,1,2,False
receiver,3.5,47.0,0.4,0.0075,one_way,minimum_traffic_feasible,0.511422372380157,0.0,0.006437739227085344,0.0,10036.224000000031,3394.125253094383,1,2,False
receiver,3.75,47.0,0.4,0.0075,one_way,minimum_traffic_feasible,0.511422372380157,0.0,0.006437739227085344,0.0,10036.224000000031,3394.125253094383,1,2,False
receiver,4.0,47.0,0.4,0.0075,one_way,minimum_traffic_feasible,0.511422372380157,0.0,0.006437739227085344,0.0,10036.224000000031,3394.125253094383,1,2,False
receiver,4.25,47.0,0.4,0.0075,infeasible,no_communication_case_meets_requirements,0.04379947697890785,0.0,0.015379870979270549,0.0,10036.224000000031,3394.125253094383,1,2,False
receiver,4.5,47.0,0.4,0.0075,infeasible,no_communication_case_meets_requirements,0.04379947697890785,0.0,0.015379870979270549,0.0,10036.224000000031,3394.125253094383,1,2,False
receiver,4.75,47.0,0.4,0.0075,infeasible,no_communication_case_meets_requirements,0.04379947697890785,0.0,0.015379870979270549,0.0,10036.224000000031,3394.125253094383,1,2,False
receiver,5.0,47.0,0.4,0.0075,infeasible,no_communication_case_meets_requirements,0.0037510955469110237,0.0,0.024241522903033906,0.0,10036.224000000031,3394.125253094383,1,2,False
receiver,5.25,47.0,0.4,0.0075,infeasible,no_communication_case_meets_requirements,0.0,0.0,0.0,0.0,10036.224000000031,3394.125253094383,1,2,False
receiver,5.5,47.0,0.4,0.0075,infeasible,no_communication_case_meets_requirements,0.0,0.0,0.0,0.0,10036.224000000031,3394.125253094383,1,2,False
receiver,5.75,47.0,0.4,0.0075,infeasible,no_communication_case_meets_requirements,0.0,0.0,0.0,0.0,10036.224000000031,3394.125253094383,1,2,False
receiver,6.0,47.0,0.4,0.0075,infeasible,no_communication_case_meets_requirements,0.0,0.0,0.0,0.0,10036.224000000031,3394.125253094383,1,2,False
receiver,6.25,47.0,0.4,0.0075,infeasible,no_communication_case_meets_requirements,0.0,0.0,0.0,0.0,10036.224000000031,3394.125253094383,1,2,False
receiver,6.5,47.0,0.4,0.0075,infeasible,no_communication_case_meets_requirements,0.0,0.0,0.0,0.0,10036.224000000031,3394.125253094383,1,2,False
receiver,6.75,47.0,0.4,0.0075,infeasible,no_communication_case_meets_requirements,0.0,0.0,0.0,0.0,10036.224000000031,3394.125253094383,1,2,False
receiver,7.0,47.0,0.4,0.0075,infeasible,no_communication_case_meets_requirements,0.0,0.0,0.0,0.0,10036.224000000031,3394.125253094383,1,2,False
receiver,7.25,47.0,0.4,0.0075,infeasible,no_communication_case_meets_requirements,0.0,0.0,0.0,0.0,10036.224000000031,3394.125253094383,1,2,False
receiver,7.5,47.0,0.4,0.0075,infeasible,no_communication_case_meets_requirements,0.0,0.0,0.0,0.0,10036.224000000031,3394.125253094383,1,2,False
receiver,7.75,47.0,0.4,0.0075,infeasible,no_communication_case_meets_requirements,0.0,0.0,0.0,0.0,10036.224000000031,3394.125253094383,1,2,False
receiver,8.0,47.0,0.4,0.0075,infeasible,no_communication_case_meets_requirements,0.0,0.0,0.0,0.0,10036.224000000031,3394.125253094383,1,2,False
receiver,0.0,47.5,0.4,0.0075,feedback,minimum_traffic_feasible,0.511422372380157,0.511422372380157,0.006437739227085344,0.006437739227085344,10036.224000000031,3394.125253094383,1,2,False
receiver,0.25,47.5,0.4,0.0075,feedback,minimum_traffic_feasible,0.511422372380157,0.511422372380157,0.006437739227085344,0.006437739227085344,10036.224000000031,3394.125253094383,1,2,False
receiver,0.5,47.5,0.4,0.0075,feedback,minimum_traffic_feasible,0.511422372380157,0.511422372380157,0.006437739227085344,0.006437739227085344,10036.224000000031,3394.125253094383,1,2,False
receiver,0.75,47.5,0.4,0.0075,feedback,minimum_traffic_feasible,0.511422372380157,0.511422372380157,0.006437739227085344,0.006437739227085344,10036.224000000031,3394.125253094383,1,2,False
receiver,1.0,47.5,0.4,0.0075,feedback,minimum_traffic_feasible,0.511422372380157,0.511422372380157,0.006437739227085344,0.006437739227085344,10036.224000000031,3394.125253094383,1,2,False
receiver,1.25,47.5,0.4,0.0075,feedback,minimum_traffic_feasible,0.511422372380157,0.511422372380157,0.006437739227085344,0.006437739227085344,10036.224000000031,3394.125253094383,1,2,False
receiver,1.5,47.5,0.4,0.0075,feedback,minimum_traffic_feasible,0.511422372380157,0.511422372380157,0.006437739227085344,0.006437739227085344,10036.224000000031,3394.125253094383,1,2,False
receiver,1.75,47.5,0.4,0.0075,feedback,minimum_traffic_feasible,0.511422372380157,0.511422372380157,0.006437739227085344,0.006437739227085344,10036.224000000031,3394.125253094383,1,2,False
receiver,2.0,47.5,0.4,0.0075,feedback,minimum_traffic_feasible,0.511422372380157,0.511422372380157,0.006437739227085344,0.006437739227085344,10036.224000000031,3394.125253094383,1,2,False
receiver,2.25,47.5,0.4,0.0075,feedback,minimum_traffic_feasible,0.511422372380157,0.46338466121702576,0.006437739227085344,0.005609426354281838,10036.224000000031,3394.125253094383,1,2,False
receiver,2.5,47.5,0.4,0.0075,feedback,minimum_traffic_feasible,0.511422372380157,0.42333627978502897,0.006437739227085344,0.004763645807870683,10036.224000000031,3394.125253094383,1,2,False
receiver,2.75,47.5,0.4,0.0075,one_way,minimum_traffic_feasible,0.511422372380157,0.0,0.006437739227085344,0.0,10036.224000000031,3394.125253094383,1,2,False
receiver,3.0,47.5,0.4,0.0075,one_way,minimum_traffic_feasible,0.511422372380157,0.0,0.006437739227085344,0.0,10036.224000000031,3394.125253094383,1,2,False
receiver,3.25,47.5,0.4,0.0075,one_way,minimum_traffic_feasible,0.511422372380157,0.0,0.006437739227085344,0.0,10036.224000000031,3394.125253094383,1,2,False
receiver,3.5,47.5,0.4,0.0075,one_way,minimum_traffic_feasible,0.511422372380157,0.0,0.006437739227085344,0.0,10036.224000000031,3394.125253094383,1,2,False
receiver,3.75,47.5,0.4,0.0075,one_way,minimum_traffic_feasible,0.511422372380157,0.0,0.006437739227085344,0.0,10036.224000000031,3394.125253094383,1,2,False
receiver,4.0,47.5,0.4,0.0075,one_way,minimum_traffic_feasible,0.511422372380157,0.0,0.006437739227085344,0.0,10036.224000000031,3394.125253094383,1,2,False
receiver,4.25,47.5,0.4,0.0075,infeasible,no_communication_case_meets_requirements,0.04379947697890785,0.0,0.015379870979270549,0.0,10036.224000000031,3394.125253094383,1,2,False
receiver,4.5,47.5,0.4,0.0075,infeasible,no_communication_case_meets_requirements,0.04379947697890785,0.0,0.015379870979270549,0.0,10036.224000000031,3394.125253094383,1,2,False
receiver,4.75,47.5,0.4,0.0075,infeasible,no_communication_case_meets_requirements,0.04379947697890785,0.0,0.015379870979270549,0.0,10036.224000000031,3394.125253094383,1,2,False
receiver,5.0,47.5,0.4,0.0075,infeasible,no_communication_case_meets_requirements,0.0037510955469110237,0.0,0.024241522903033906,0.0,10036.224000000031,3394.125253094383,1,2,False
receiver,5.25,47.5,0.4,0.0075,infeasible,no_communication_case_meets_requirements,0.0,0.0,0.0,0.0,10036.224000000031,3394.125253094383,1,2,False
receiver,5.5,47.5,0.4,0.0075,infeasible,no_communication_case_meets_requirements,0.0,0.0,0.0,0.0,10036.224000000031,3394.125253094383,1,2,False
receiver,5.75,47.5,0.4,0.0075,infeasible,no_communication_case_meets_requirements,0.0,0.0,0.0,0.0,10036.224000000031,3394.125253094383,1,2,False
receiver,6.0,47.5,0.4,0.0075,infeasible,no_communication_case_meets_requirements,0.0,0.0,0.0,0.0,10036.224000000031,3394.125253094383,1,2,False
receiver,6.25,47.5,0.4,0.0075,infeasible,no_communication_case_meets_requirements,0.0,0.0,0.0,0.0,10036.224000000031,3394.125253094383,1,2,False
receiver,6.5,47.5,0.4,0.0075,infeasible,no_communication_case_meets_requirements,0.0,0.0,0.0,0.0,10036.224000000031,3394.125253094383,1,2,False
receiver,6.75,47.5,0.4,0.0075,infeasible,no_communication_case_meets_requirements,0.0,0.0,0.0,0.0,10036.224000000031,3394.125253094383,1,2,False
receiver,7.0,47.5,0.4,0.0075,infeasible,no_communication_case_meets_requirements,0.0,0.0,0.0,0.0,10036.224000000031,3394.125253094383,1,2,False
receiver,7.25,47.5,0.4,0.0075,infeasible,no_communication_case_meets_requirements,0.0,0.0,0.0,0.0,10036.224000000031,3394.125253094383,1,2,False
receiver,7.5,47.5,0.4,0.0075,infeasible,no_communication_case_meets_requirements,0.0,0.0,0.0,0.0,10036.224000000031,3394.125253094383,1,2,False
receiver,7.75,47.5,0.4,0.0075,infeasible,no_communication_case_meets_requirements,0.0,0.0,0.0,0.0,10036.224000000031,3394.125253094383,1,2,False
receiver,8.0,47.5,0.4,0.0075,infeasible,no_communication_case_meets_requirements,0.0,0.0,0.0,0.0,10036.224000000031,3394.125253094383,1,2,False
receiver,0.0,48.0,0.4,0.0075,feedback,minimum_traffic_feasible,0.511422372380157,0.511422372380157,0.006437739227085344,0.006437739227085344,10036.224000000031,3394.125253094383,1,2,False
receiver,0.25,48.0,0.4,0.0075,feedback,minimum_traffic_feasible,0.511422372380157,0.511422372380157,0.006437739227085344,0.006437739227085344,10036.224000000031,3394.125253094383,1,2,False
receiver,0.5,48.0,0.4,0.0075,feedback,minimum_traffic_feasible,0.511422372380157,0.511422372380157,0.006437739227085344,0.006437739227085344,10036.224000000031,3394.125253094383,1,2,False
receiver,0.75,48.0,0.4,0.0075,feedback,minimum_traffic_feasible,0.511422372380157,0.511422372380157,0.006437739227085344,0.006437739227085344,10036.224000000031,3394.125253094383,1,2,False
receiver,1.0,48.0,0.4,0.0075,feedback,minimum_traffic_feasible,0.511422372380157,0.511422372380157,0.006437739227085344,0.006437739227085344,10036.224000000031,3394.125253094383,1,2,False
receiver,1.25,48.0,0.4,0.0075,feedback,minimum_traffic_feasible,0.511422372380157,0.511422372380157,0.006437739227085344,0.006437739227085344,10036.224000000031,3394.125253094383,1,2,False
receiver,1.5,48.0,0.4,0.0075,feedback,minimum_traffic_feasible,0.511422372380157,0.511422372380157,0.006437739227085344,0.006437739227085344,10036.224000000031,3394.125253094383,1,2,False
receiver,1.75,48.0,0.4,0.0075,feedback,minimum_traffic_feasible,0.511422372380157,0.511422372380157,0.006437739227085344,0.006437739227085344,10036.224000000031,3394.125253094383,1,2,False
receiver,2.0,48.0,0.4,0.0075,feedback,minimum_traffic_feasible,0.511422372380157,0.511422372380157,0.006437739227085344,0.006437739227085344,10036.224000000031,3394.125253094383,1,2,False
receiver,2.25,48.0,0.4,0.0075,feedback,minimum_traffic_feasible,0.511422372380157,0.46338466121702576,0.006437739227085344,0.005609426354281838,10036.224000000031,3394.125253094383,1,2,False
receiver,2.5,48.0,0.4,0.0075,feedback,minimum_traffic_feasible,0.511422372380157,0.42333627978502897,0.006437739227085344,0.004763645807870683,10036.224000000031,3394.125253094383,1,2,False
receiver,2.75,48.0,0.4,0.0075,one_way,minimum_traffic_feasible,0.511422372380157,0.0,0.006437739227085344,0.0,10036.224000000031,3394.125253094383,1,2,False
receiver,3.0,48.0,0.4,0.0075,one_way,minimum_traffic_feasible,0.511422372380157,0.0,0.006437739227085344,0.0,10036.224000000031,3394.125253094383,1,2,False
receiver,3.25,48.0,0.4,0.0075,one_way,minimum_traffic_feasible,0.511422372380157,0.0,0.006437739227085344,0.0,10036.224000000031,3394.125253094383,1,2,False
receiver,3.5,48.0,0.4,0.0075,one_way,minimum_traffic_feasible,0.511422372380157,0.0,0.006437739227085344,0.0,10036.224000000031,3394.125253094383,1,2,False
receiver,3.75,48.0,0.4,0.0075,one_way,minimum_traffic_feasible,0.511422372380157,0.0,0.006437739227085344,0.0,10036.224000000031,3394.125253094383,1,2,False
receiver,4.0,48.0,0.4,0.0075,one_way,minimum_traffic_feasible,0.511422372380157,0.0,0.006437739227085344,0.0,10036.224000000031,3394.125253094383,1,2,False
receiver,4.25,48.0,0.4,0.0075,infeasible,no_communication_case_meets_requirements,0.04379947697890785,0.0,0.015379870979270549,0.0,10036.224000000031,3394.125253094383,1,2,False
receiver,4.5,48.0,0.4,0.0075,infeasible,no_communication_case_meets_requirements,0.04379947697890785,0.0,0.015379870979270549,0.0,10036.224000000031,3394.125253094383,1,2,False
receiver,4.75,48.0,0.4,0.0075,infeasible,no_communication_case_meets_requirements,0.04379947697890785,0.0,0.015379870979270549,0.0,10036.224000000031,3394.125253094383,1,2,False
receiver,5.0,48.0,0.4,0.0075,infeasible,no_communication_case_meets_requirements,0.0037510955469110237,0.0,0.024241522903033906,0.0,10036.224000000031,3394.125253094383,1,2,False
receiver,5.25,48.0,0.4,0.0075,infeasible,no_communication_case_meets_requirements,0.0,0.0,0.0,0.0,10036.224000000031,3394.125253094383,1,2,False
receiver,5.5,48.0,0.4,0.0075,infeasible,no_communication_case_meets_requirements,0.0,0.0,0.0,0.0,10036.224000000031,3394.125253094383,1,2,False
receiver,5.75,48.0,0.4,0.0075,infeasible,no_communication_case_meets_requirements,0.0,0.0,0.0,0.0,10036.224000000031,3394.125253094383,1,2,False
receiver,6.0,48.0,0.4,0.0075,infeasible,no_communication_case_meets_requirements,0.0,0.0,0.0,0.0,10036.224000000031,3394.125253094383,1,2,False
receiver,6.25,48.0,0.4,0.0075,infeasible,no_communication_case_meets_requirements,0.0,0.0,0.0,0.0,10036.224000000031,3394.125253094383,1,2,False
receiver,6.5,48.0,0.4,0.0075,infeasible,no_communication_case_meets_requirements,0.0,0.0,0.0,0.0,10036.224000000031,3394.125253094383,1,2,False
receiver,6.75,48.0,0.4,0.0075,infeasible,no_communication_case_meets_requirements,0.0,0.0,0.0,0.0,10036.224000000031,3394.125253094383,1,2,False
receiver,7.0,48.0,0.4,0.0075,infeasible,no_communication_case_meets_requirements,0.0,0.0,0.0,0.0,10036.224000000031,3394.125253094383,1,2,False
receiver,7.25,48.0,0.4,0.0075,infeasible,no_communication_case_meets_requirements,0.0,0.0,0.0,0.0,10036.224000000031,3394.125253094383,1,2,False
receiver,7.5,48.0,0.4,0.0075,infeasible,no_communication_case_meets_requirements,0.0,0.0,0.0,0.0,10036.224000000031,3394.125253094383,1,2,False
receiver,7.75,48.0,0.4,0.0075,infeasible,no_communication_case_meets_requirements,0.0,0.0,0.0,0.0,10036.224000000031,3394.125253094383,1,2,False
receiver,8.0,48.0,0.4,0.0075,infeasible,no_communication_case_meets_requirements,0.0,0.0,0.0,0.0,10036.224000000031,3394.125253094383,1,2,False
receiver,0.0,48.5,0.4,0.0075,feedback,minimum_traffic_feasible,0.511422372380157,0.511422372380157,0.006437739227085344,0.006437739227085344,10036.224000000031,3394.125253094383,1,2,False
receiver,0.25,48.5,0.4,0.0075,feedback,minimum_traffic_feasible,0.511422372380157,0.511422372380157,0.006437739227085344,0.006437739227085344,10036.224000000031,3394.125253094383,1,2,False
receiver,0.5,48.5,0.4,0.0075,feedback,minimum_traffic_feasible,0.511422372380157,0.511422372380157,0.006437739227085344,0.006437739227085344,10036.224000000031,3394.125253094383,1,2,False
receiver,0.75,48.5,0.4,0.0075,feedback,minimum_traffic_feasible,0.511422372380157,0.511422372380157,0.006437739227085344,0.006437739227085344,10036.224000000031,3394.125253094383,1,2,False
receiver,1.0,48.5,0.4,0.0075,feedback,minimum_traffic_feasible,0.511422372380157,0.511422372380157,0.006437739227085344,0.006437739227085344,10036.224000000031,3394.125253094383,1,2,False
receiver,1.25,48.5,0.4,0.0075,feedback,minimum_traffic_feasible,0.511422372380157,0.511422372380157,0.006437739227085344,0.006437739227085344,10036.224000000031,3394.125253094383,1,2,False
receiver,1.5,48.5,0.4,0.0075,feedback,minimum_traffic_feasible,0.511422372380157,0.511422372380157,0.006437739227085344,0.006437739227085344,10036.224000000031,3394.125253094383,1,2,False
receiver,1.75,48.5,0.4,0.0075,feedback,minimum_traffic_feasible,0.511422372380157,0.511422372380157,0.006437739227085344,0.006437739227085344,10036.224000000031,3394.125253094383,1,2,False
receiver,2.0,48.5,0.4,0.0075,feedback,minimum_traffic_feasible,0.511422372380157,0.511422372380157,0.006437739227085344,0.006437739227085344,10036.224000000031,3394.125253094383,1,2,False
receiver,2.25,48.5,0.4,0.0075,feedback,minimum_traffic_feasible,0.511422372380157,0.46338466121702576,0.006437739227085344,0.005609426354281838,10036.224000000031,3394.125253094383,1,2,False
receiver,2.5,48.5,0.4,0.0075,feedback,minimum_traffic_feasible,0.511422372380157,0.42333627978502897,0.006437739227085344,0.004763645807870683,10036.224000000031,3394.125253094383,1,2,False
receiver,2.75,48.5,0.4,0.0075,one_way,minimum_traffic_feasible,0.511422372380157,0.0,0.006437739227085344,0.0,10036.224000000031,3394.125253094383,1,2,False
receiver,3.0,48.5,0.4,0.0075,one_way,minimum_traffic_feasible,0.511422372380157,0.0,0.006437739227085344,0.0,10036.224000000031,3394.125253094383,1,2,False
receiver,3.25,48.5,0.4,0.0075,one_way,minimum_traffic_feasible,0.511422372380157,0.0,0.006437739227085344,0.0,10036.224000000031,3394.125253094383,1,2,False
receiver,3.5,48.5,0.4,0.0075,one_way,minimum_traffic_feasible,0.511422372380157,0.0,0.006437739227085344,0.0,10036.224000000031,3394.125253094383,1,2,False
receiver,3.75,48.5,0.4,0.0075,one_way,minimum_traffic_feasible,0.511422372380157,0.0,0.006437739227085344,0.0,10036.224000000031,3394.125253094383,1,2,False
receiver,4.0,48.5,0.4,0.0075,one_way,minimum_traffic_feasible,0.511422372380157,0.0,0.006437739227085344,0.0,10036.224000000031,3394.125253094383,1,2,False
receiver,4.25,48.5,0.4,0.0075,infeasible,no_communication_case_meets_requirements,0.04379947697890785,0.0,0.015379870979270549,0.0,10036.224000000031,3394.125253094383,1,2,False
receiver,4.5,48.5,0.4,0.0075,infeasible,no_communication_case_meets_requirements,0.04379947697890785,0.0,0.015379870979270549,0.0,10036.224000000031,3394.125253094383,1,2,False
receiver,4.75,48.5,0.4,0.0075,infeasible,no_communication_case_meets_requirements,0.04379947697890785,0.0,0.015379870979270549,0.0,10036.224000000031,3394.125253094383,1,2,False
receiver,5.0,48.5,0.4,0.0075,infeasible,no_communication_case_meets_requirements,0.0037510955469110237,0.0,0.024241522903033906,0.0,10036.224000000031,3394.125253094383,1,2,False
receiver,5.25,48.5,0.4,0.0075,infeasible,no_communication_case_meets_requirements,0.0,0.0,0.0,0.0,10036.224000000031,3394.125253094383,1,2,False
receiver,5.5,48.5,0.4,0.0075,infeasible,no_communication_case_meets_requirements,0.0,0.0,0.0,0.0,10036.224000000031,3394.125253094383,1,2,False
receiver,5.75,48.5,0.4,0.0075,infeasible,no_communication_case_meets_requirements,0.0,0.0,0.0,0.0,10036.224000000031,3394.125253094383,1,2,False
receiver,6.0,48.5,0.4,0.0075,infeasible,no_communication_case_meets_requirements,0.0,0.0,0.0,0.0,10036.224000000031,3394.125253094383,1,2,False
receiver,6.25,48.5,0.4,0.0075,infeasible,no_communication_case_meets_requirements,0.0,0.0,0.0,0.0,10036.224000000031,3394.125253094383,1,2,False
receiver,6.5,48.5,0.4,0.0075,infeasible,no_communication_case_meets_requirements,0.0,0.0,0.0,0.0,10036.224000000031,3394.125253094383,1,2,False
receiver,6.75,48.5,0.4,0.0075,infeasible,no_communication_case_meets_requirements,0.0,0.0,0.0,0.0,10036.224000000031,3394.125253094383,1,2,False
receiver,7.0,48.5,0.4,0.0075,infeasible,no_communication_case_meets_requirements,0.0,0.0,0.0,0.0,10036.224000000031,3394.125253094383,1,2,False
receiver,7.25,48.5,0.4,0.0075,infeasible,no_communication_case_meets_requirements,0.0,0.0,0.0,0.0,10036.224000000031,3394.125253094383,1,2,False
receiver,7.5,48.5,0.4,0.0075,infeasible,no_communication_case_meets_requirements,0.0,0.0,0.0,0.0,10036.224000000031,3394.125253094383,1,2,False
receiver,7.75,48.5,0.4,0.0075,infeasible,no_communication_case_meets_requirements,0.0,0.0,0.0,0.0,10036.224000000031,3394.125253094383,1,2,False
receiver,8.0,48.5,0.4,0.0075,infeasible,no_communication_case_meets_requirements,0.0,0.0,0.0,0.0,10036.224000000031,3394.125253094383,1,2,False
receiver,0.0,49.0,0.4,0.0075,feedback,minimum_traffic_feasible,0.511422372380157,0.511422372380157,0.006437739227085344,0.006437739227085344,10036.224000000031,3394.125253094383,1,2,False
receiver,0.25,49.0,0.4,0.0075,feedback,minimum_traffic_feasible,0.511422372380157,0.511422372380157,0.006437739227085344,0.006437739227085344,10036.224000000031,3394.125253094383,1,2,False
receiver,0.5,49.0,0.4,0.0075,feedback,minimum_traffic_feasible,0.511422372380157,0.511422372380157,0.006437739227085344,0.006437739227085344,10036.224000000031,3394.125253094383,1,2,False
receiver,0.75,49.0,0.4,0.0075,feedback,minimum_traffic_feasible,0.511422372380157,0.511422372380157,0.006437739227085344,0.006437739227085344,10036.224000000031,3394.125253094383,1,2,False
receiver,1.0,49.0,0.4,0.0075,feedback,minimum_traffic_feasible,0.511422372380157,0.511422372380157,0.006437739227085344,0.006437739227085344,10036.224000000031,3394.125253094383,1,2,False
receiver,1.25,49.0,0.4,0.0075,feedback,minimum_traffic_feasible,0.511422372380157,0.511422372380157,0.006437739227085344,0.006437739227085344,10036.224000000031,3394.125253094383,1,2,False
receiver,1.5,49.0,0.4,0.0075,feedback,minimum_traffic_feasible,0.511422372380157,0.511422372380157,0.006437739227085344,0.006437739227085344,10036.224000000031,3394.125253094383,1,2,False
receiver,1.75,49.0,0.4,0.0075,feedback,minimum_traffic_feasible,0.511422372380157,0.511422372380157,0.006437739227085344,0.006437739227085344,10036.224000000031,3394.125253094383,1,2,False
receiver,2.0,49.0,0.4,0.0075,feedback,minimum_traffic_feasible,0.511422372380157,0.511422372380157,0.006437739227085344,0.006437739227085344,10036.224000000031,3394.125253094383,1,2,False
receiver,2.25,49.0,0.4,0.0075,feedback,minimum_traffic_feasible,0.511422372380157,0.46338466121702576,0.006437739227085344,0.005609426354281838,10036.224000000031,3394.125253094383,1,2,False
receiver,2.5,49.0,0.4,0.0075,feedback,minimum_traffic_feasible,0.511422372380157,0.42333627978502897,0.006437739227085344,0.004763645807870683,10036.224000000031,3394.125253094383,1,2,False
receiver,2.75,49.0,0.4,0.0075,one_way,minimum_traffic_feasible,0.511422372380157,0.0,0.006437739227085344,0.0,10036.224000000031,3394.125253094383,1,2,False
receiver,3.0,49.0,0.4,0.0075,one_way,minimum_traffic_feasible,0.511422372380157,0.0,0.006437739227085344,0.0,10036.224000000031,3394.125253094383,1,2,False
receiver,3.25,49.0,0.4,0.0075,one_way,minimum_traffic_feasible,0.511422372380157,0.0,0.006437739227085344,0.0,10036.224000000031,3394.125253094383,1,2,False
receiver,3.5,49.0,0.4,0.0075,one_way,minimum_traffic_feasible,0.511422372380157,0.0,0.006437739227085344,0.0,10036.224000000031,3394.125253094383,1,2,False
receiver,3.75,49.0,0.4,0.0075,one_way,minimum_traffic_feasible,0.511422372380157,0.0,0.006437739227085344,0.0,10036.224000000031,3394.125253094383,1,2,False
receiver,4.0,49.0,0.4,0.0075,one_way,minimum_traffic_feasible,0.511422372380157,0.0,0.006437739227085344,0.0,10036.224000000031,3394.125253094383,1,2,False
receiver,4.25,49.0,0.4,0.0075,infeasible,no_communication_case_meets_requirements,0.04379947697890785,0.0,0.015379870979270549,0.0,10036.224000000031,3394.125253094383,1,2,False
receiver,4.5,49.0,0.4,0.0075,infeasible,no_communication_case_meets_requirements,0.04379947697890785,0.0,0.015379870979270549,0.0,10036.224000000031,3394.125253094383,1,2,False
receiver,4.75,49.0,0.4,0.0075,infeasible,no_communication_case_meets_requirements,0.04379947697890785,0.0,0.015379870979270549,0.0,10036.224000000031,3394.125253094383,1,2,False
receiver,5.0,49.0,0.4,0.0075,infeasible,no_communication_case_meets_requirements,0.0037510955469110237,0.0,0.024241522903033906,0.0,10036.224000000031,3394.125253094383,1,2,False
receiver,5.25,49.0,0.4,0.0075,infeasible,no_communication_case_meets_requirements,0.0,0.0,0.0,0.0,10036.224000000031,3394.125253094383,1,2,False
receiver,5.5,49.0,0.4,0.0075,infeasible,no_communication_case_meets_requirements,0.0,0.0,0.0,0.0,10036.224000000031,3394.125253094383,1,2,False
receiver,5.75,49.0,0.4,0.0075,infeasible,no_communication_case_meets_requirements,0.0,0.0,0.0,0.0,10036.224000000031,3394.125253094383,1,2,False
receiver,6.0,49.0,0.4,0.0075,infeasible,no_communication_case_meets_requirements,0.0,0.0,0.0,0.0,10036.224000000031,3394.125253094383,1,2,False
receiver,6.25,49.0,0.4,0.0075,infeasible,no_communication_case_meets_requirements,0.0,0.0,0.0,0.0,10036.224000000031,3394.125253094383,1,2,False
receiver,6.5,49.0,0.4,0.0075,infeasible,no_communication_case_meets_requirements,0.0,0.0,0.0,0.0,10036.224000000031,3394.125253094383,1,2,False
receiver,6.75,49.0,0.4,0.0075,infeasible,no_communication_case_meets_requirements,0.0,0.0,0.0,0.0,10036.224000000031,3394.125253094383,1,2,False
receiver,7.0,49.0,0.4,0.0075,infeasible,no_communication_case_meets_requirements,0.0,0.0,0.0,0.0,10036.224000000031,3394.125253094383,1,2,False
receiver,7.25,49.0,0.4,0.0075,infeasible,no_communication_case_meets_requirements,0.0,0.0,0.0,0.0,10036.224000000031,3394.125253094383,1,2,False
receiver,7.5,49.0,0.4,0.0075,infeasible,no_communication_case_meets_requirements,0.0,0.0,0.0,0.0,10036.224000000031,3394.125253094383,1,2,False
receiver,7.75,49.0,0.4,0.0075,infeasible,no_communication_case_meets_requirements,0.0,0.0,0.0,0.0,10036.224000000031,3394.125253094383,1,2,False
receiver,8.0,49.0,0.4,0.0075,infeasible,no_communication_case_meets_requirements,0.0,0.0,0.0,0.0,10036.224000000031,3394.125253094383,1,2,False
receiver,0.0,49.5,0.4,0.0075,feedback,minimum_traffic_feasible,0.511422372380157,0.511422372380157,0.006437739227085344,0.006437739227085344,10036.224000000031,3394.125253094383,1,2,False
receiver,0.25,49.5,0.4,0.0075,feedback,minimum_traffic_feasible,0.511422372380157,0.511422372380157,0.006437739227085344,0.006437739227085344,10036.224000000031,3394.125253094383,1,2,False
receiver,0.5,49.5,0.4,0.0075,feedback,minimum_traffic_feasible,0.511422372380157,0.511422372380157,0.006437739227085344,0.006437739227085344,10036.224000000031,3394.125253094383,1,2,False
receiver,0.75,49.5,0.4,0.0075,feedback,minimum_traffic_feasible,0.511422372380157,0.511422372380157,0.006437739227085344,0.006437739227085344,10036.224000000031,3394.125253094383,1,2,False
receiver,1.0,49.5,0.4,0.0075,feedback,minimum_traffic_feasible,0.511422372380157,0.511422372380157,0.006437739227085344,0.006437739227085344,10036.224000000031,3394.125253094383,1,2,False
receiver,1.25,49.5,0.4,0.0075,feedback,minimum_traffic_feasible,0.511422372380157,0.511422372380157,0.006437739227085344,0.006437739227085344,10036.224000000031,3394.125253094383,1,2,False
receiver,1.5,49.5,0.4,0.0075,feedback,minimum_traffic_feasible,0.511422372380157,0.511422372380157,0.006437739227085344,0.006437739227085344,10036.224000000031,3394.125253094383,1,2,False
receiver,1.75,49.5,0.4,0.0075,feedback,minimum_traffic_feasible,0.511422372380157,0.511422372380157,0.006437739227085344,0.006437739227085344,10036.224000000031,3394.125253094383,1,2,False
receiver,2.0,49.5,0.4,0.0075,feedback,minimum_traffic_feasible,0.511422372380157,0.511422372380157,0.006437739227085344,0.006437739227085344,10036.224000000031,3394.125253094383,1,2,False
receiver,2.25,49.5,0.4,0.0075,feedback,minimum_traffic_feasible,0.511422372380157,0.46338466121702576,0.006437739227085344,0.005609426354281838,10036.224000000031,3394.125253094383,1,2,False
receiver,2.5,49.5,0.4,0.0075,feedback,minimum_traffic_feasible,0.511422372380157,0.42333627978502897,0.006437739227085344,0.004763645807870683,10036.224000000031,3394.125253094383,1,2,False
receiver,2.75,49.5,0.4,0.0075,one_way,minimum_traffic_feasible,0.511422372380157,0.0,0.006437739227085344,0.0,10036.224000000031,3394.125253094383,1,2,False
receiver,3.0,49.5,0.4,0.0075,one_way,minimum_traffic_feasible,0.511422372380157,0.0,0.006437739227085344,0.0,10036.224000000031,3394.125253094383,1,2,False
receiver,3.25,49.5,0.4,0.0075,one_way,minimum_traffic_feasible,0.511422372380157,0.0,0.006437739227085344,0.0,10036.224000000031,3394.125253094383,1,2,False
receiver,3.5,49.5,0.4,0.0075,one_way,minimum_traffic_feasible,0.511422372380157,0.0,0.006437739227085344,0.0,10036.224000000031,3394.125253094383,1,2,False
receiver,3.75,49.5,0.4,0.0075,one_way,minimum_traffic_feasible,0.511422372380157,0.0,0.006437739227085344,0.0,10036.224000000031,3394.125253094383,1,2,False
receiver,4.0,49.5,0.4,0.0075,one_way,minimum_traffic_feasible,0.511422372380157,0.0,0.006437739227085344,0.0,10036.224000000031,3394.125253094383,1,2,False
receiver,4.25,49.5,0.4,0.0075,infeasible,no_communication_case_meets_requirements,0.04379947697890785,0.0,0.015379870979270549,0.0,10036.224000000031,3394.125253094383,1,2,False
receiver,4.5,49.5,0.4,0.0075,infeasible,no_communication_case_meets_requirements,0.04379947697890785,0.0,0.015379870979270549,0.0,10036.224000000031,3394.125253094383,1,2,False
receiver,4.75,49.5,0.4,0.0075,infeasible,no_communication_case_meets_requirements,0.04379947697890785,0.0,0.015379870979270549,0.0,10036.224000000031,3394.125253094383,1,2,False
receiver,5.0,49.5,0.4,0.0075,infeasible,no_communication_case_meets_requirements,0.0037510955469110237,0.0,0.024241522903033906,0.0,10036.224000000031,3394.125253094383,1,2,False
receiver,5.25,49.5,0.4,0.0075,infeasible,no_communication_case_meets_requirements,0.0,0.0,0.0,0.0,10036.224000000031,3394.125253094383,1,2,False
receiver,5.5,49.5,0.4,0.0075,infeasible,no_communication_case_meets_requirements,0.0,0.0,0.0,0.0,10036.224000000031,3394.125253094383,1,2,False
receiver,5.75,49.5,0.4,0.0075,infeasible,no_communication_case_meets_requirements,0.0,0.0,0.0,0.0,10036.224000000031,3394.125253094383,1,2,False
receiver,6.0,49.5,0.4,0.0075,infeasible,no_communication_case_meets_requirements,0.0,0.0,0.0,0.0,10036.224000000031,3394.125253094383,1,2,False
receiver,6.25,49.5,0.4,0.0075,infeasible,no_communication_case_meets_requirements,0.0,0.0,0.0,0.0,10036.224000000031,3394.125253094383,1,2,False
receiver,6.5,49.5,0.4,0.0075,infeasible,no_communication_case_meets_requirements,0.0,0.0,0.0,0.0,10036.224000000031,3394.125253094383,1,2,False
receiver,6.75,49.5,0.4,0.0075,infeasible,no_communication_case_meets_requirements,0.0,0.0,0.0,0.0,10036.224000000031,3394.125253094383,1,2,False
receiver,7.0,49.5,0.4,0.0075,infeasible,no_communication_case_meets_requirements,0.0,0.0,0.0,0.0,10036.224000000031,3394.125253094383,1,2,False
receiver,7.25,49.5,0.4,0.0075,infeasible,no_communication_case_meets_requirements,0.0,0.0,0.0,0.0,10036.224000000031,3394.125253094383,1,2,False
receiver,7.5,49.5,0.4,0.0075,infeasible,no_communication_case_meets_requirements,0.0,0.0,0.0,0.0,10036.224000000031,3394.125253094383,1,2,False
receiver,7.75,49.5,0.4,0.0075,infeasible,no_communication_case_meets_requirements,0.0,0.0,0.0,0.0,10036.224000000031,3394.125253094383,1,2,False
receiver,8.0,49.5,0.4,0.0075,infeasible,no_communication_case_meets_requirements,0.0,0.0,0.0,0.0,10036.224000000031,3394.125253094383,1,2,False
receiver,0.0,50.0,0.4,0.0075,feedback,minimum_traffic_feasible,0.511422372380157,0.511422372380157,0.006437739227085344,0.006437739227085344,10036.224000000031,3394.125253094383,1,2,False
receiver,0.25,50.0,0.4,0.0075,feedback,minimum_traffic_feasible,0.511422372380157,0.511422372380157,0.006437739227085344,0.006437739227085344,10036.224000000031,3394.125253094383,1,2,False
receiver,0.5,50.0,0.4,0.0075,feedback,minimum_traffic_feasible,0.511422372380157,0.511422372380157,0.006437739227085344,0.006437739227085344,10036.224000000031,3394.125253094383,1,2,False
receiver,0.75,50.0,0.4,0.0075,feedback,minimum_traffic_feasible,0.511422372380157,0.511422372380157,0.006437739227085344,0.006437739227085344,10036.224000000031,3394.125253094383,1,2,False
receiver,1.0,50.0,0.4,0.0075,feedback,minimum_traffic_feasible,0.511422372380157,0.511422372380157,0.006437739227085344,0.006437739227085344,10036.224000000031,3394.125253094383,1,2,False
receiver,1.25,50.0,0.4,0.0075,feedback,minimum_traffic_feasible,0.511422372380157,0.511422372380157,0.006437739227085344,0.006437739227085344,10036.224000000031,3394.125253094383,1,2,False
receiver,1.5,50.0,0.4,0.0075,feedback,minimum_traffic_feasible,0.511422372380157,0.511422372380157,0.006437739227085344,0.006437739227085344,10036.224000000031,3394.125253094383,1,2,False
receiver,1.75,50.0,0.4,0.0075,feedback,minimum_traffic_feasible,0.511422372380157,0.511422372380157,0.006437739227085344,0.006437739227085344,10036.224000000031,3394.125253094383,1,2,False
receiver,2.0,50.0,0.4,0.0075,feedback,minimum_traffic_feasible,0.511422372380157,0.511422372380157,0.006437739227085344,0.006437739227085344,10036.224000000031,3394.125253094383,1,2,False
receiver,2.25,50.0,0.4,0.0075,feedback,minimum_traffic_feasible,0.511422372380157,0.46338466121702576,0.006437739227085344,0.005609426354281838,10036.224000000031,3394.125253094383,1,2,False
receiver,2.5,50.0,0.4,0.0075,feedback,minimum_traffic_feasible,0.511422372380157,0.42333627978502897,0.006437739227085344,0.004763645807870683,10036.224000000031,3394.125253094383,1,2,False
receiver,2.75,50.0,0.4,0.0075,one_way,minimum_traffic_feasible,0.511422372380157,0.0,0.006437739227085344,0.0,10036.224000000031,3394.125253094383,1,2,False
receiver,3.0,50.0,0.4,0.0075,one_way,minimum_traffic_feasible,0.511422372380157,0.0,0.006437739227085344,0.0,10036.224000000031,3394.125253094383,1,2,False
receiver,3.25,50.0,0.4,0.0075,one_way,minimum_traffic_feasible,0.511422372380157,0.0,0.006437739227085344,0.0,10036.224000000031,3394.125253094383,1,2,False
receiver,3.5,50.0,0.4,0.0075,one_way,minimum_traffic_feasible,0.511422372380157,0.0,0.006437739227085344,0.0,10036.224000000031,3394.125253094383,1,2,False
receiver,3.75,50.0,0.4,0.0075,one_way,minimum_traffic_feasible,0.511422372380157,0.0,0.006437739227085344,0.0,10036.224000000031,3394.125253094383,1,2,False
receiver,4.0,50.0,0.4,0.0075,one_way,minimum_traffic_feasible,0.511422372380157,0.0,0.006437739227085344,0.0,10036.224000000031,3394.125253094383,1,2,False
receiver,4.25,50.0,0.4,0.0075,infeasible,no_communication_case_meets_requirements,0.04379947697890785,0.0,0.015379870979270549,0.0,10036.224000000031,3394.125253094383,1,2,False
receiver,4.5,50.0,0.4,0.0075,infeasible,no_communication_case_meets_requirements,0.04379947697890785,0.0,0.015379870979270549,0.0,10036.224000000031,3394.125253094383,1,2,False
receiver,4.75,50.0,0.4,0.0075,infeasible,no_communication_case_meets_requirements,0.04379947697890785,0.0,0.015379870979270549,0.0,10036.224000000031,3394.125253094383,1,2,False
receiver,5.0,50.0,0.4,0.0075,infeasible,no_communication_case_meets_requirements,0.0037510955469110237,0.0,0.024241522903033906,0.0,10036.224000000031,3394.125253094383,1,2,False
receiver,5.25,50.0,0.4,0.0075,infeasible,no_communication_case_meets_requirements,0.0,0.0,0.0,0.0,10036.224000000031,3394.125253094383,1,2,False
receiver,5.5,50.0,0.4,0.0075,infeasible,no_communication_case_meets_requirements,0.0,0.0,0.0,0.0,10036.224000000031,3394.125253094383,1,2,False
receiver,5.75,50.0,0.4,0.0075,infeasible,no_communication_case_meets_requirements,0.0,0.0,0.0,0.0,10036.224000000031,3394.125253094383,1,2,False
receiver,6.0,50.0,0.4,0.0075,infeasible,no_communication_case_meets_requirements,0.0,0.0,0.0,0.0,10036.224000000031,3394.125253094383,1,2,False
receiver,6.25,50.0,0.4,0.0075,infeasible,no_communication_case_meets_requirements,0.0,0.0,0.0,0.0,10036.224000000031,3394.125253094383,1,2,False
receiver,6.5,50.0,0.4,0.0075,infeasible,no_communication_case_meets_requirements,0.0,0.0,0.0,0.0,10036.224000000031,3394.125253094383,1,2,False
receiver,6.75,50.0,0.4,0.0075,infeasible,no_communication_case_meets_requirements,0.0,0.0,0.0,0.0,10036.224000000031,3394.125253094383,1,2,False
receiver,7.0,50.0,0.4,0.0075,infeasible,no_communication_case_meets_requirements,0.0,0.0,0.0,0.0,10036.224000000031,3394.125253094383,1,2,False
receiver,7.25,50.0,0.4,0.0075,infeasible,no_communication_case_meets_requirements,0.0,0.0,0.0,0.0,10036.224000000031,3394.125253094383,1,2,False
receiver,7.5,50.0,0.4,0.0075,infeasible,no_communication_case_meets_requirements,0.0,0.0,0.0,0.0,10036.224000000031,3394.125253094383,1,2,False
receiver,7.75,50.0,0.4,0.0075,infeasible,no_communication_case_meets_requirements,0.0,0.0,0.0,0.0,10036.224000000031,3394.125253094383,1,2,False
receiver,8.0,50.0,0.4,0.0075,infeasible,no_communication_case_meets_requirements,0.0,0.0,0.0,0.0,10036.224000000031,3394.125253094383,1,2,False
